service_date,stop_id,hour,boardings
2026-04-01,S001,5,9
2026-04-01,S001,6,10
2026-04-01,S001,7,47
2026-04-01,S001,8,36
2026-04-01,S001,9,32
2026-04-01,S001,10,28
2026-04-01,S001,11,29
2026-04-01,S001,12,24
2026-04-01,S001,13,30
2026-04-01,S001,14,38
2026-04-01,S001,15,37
2026-04-01,S001,16,45
2026-04-01,S001,17,50
2026-04-01,S001,18,27
2026-04-01,S001,19,24
2026-04-01,S001,20,21
2026-04-01,S001,21,15
2026-04-01,S001,22,7
2026-04-01,S001,23,2
2026-04-01,S002,5,5
2026-04-01,S002,6,14
2026-04-01,S002,7,37
2026-04-01,S002,8,40
2026-04-01,S002,9,23
2026-04-01,S002,10,13
2026-04-01,S002,11,19
2026-04-01,S002,12,7
2026-04-01,S002,13,16
2026-04-01,S002,14,19
2026-04-01,S002,15,25
2026-04-01,S002,16,31
2026-04-01,S002,17,35
2026-04-01,S002,18,28
2026-04-01,S002,19,18
2026-04-01,S002,20,9
2026-04-01,S002,21,8
2026-04-01,S002,22,4
2026-04-01,S002,23,2
2026-04-01,S003,5,7
2026-04-01,S003,6,6
2026-04-01,S003,7,14
2026-04-01,S003,8,19
2026-04-01,S003,9,16
2026-04-01,S003,10,12
2026-04-01,S003,11,7
2026-04-01,S003,12,16
2026-04-01,S003,13,17
2026-04-01,S003,14,10
2026-04-01,S003,15,17
2026-04-01,S003,16,13
2026-04-01,S003,17,27
2026-04-01,S003,18,18
2026-04-01,S003,19,8
2026-04-01,S003,20,13
2026-04-01,S003,21,6
2026-04-01,S003,22,2
2026-04-01,S003,23,2
2026-04-01,S004,5,4
2026-04-01,S004,6,5
2026-04-01,S004,7,19
2026-04-01,S004,8,18
2026-04-01,S004,9,11
2026-04-01,S004,10,1
2026-04-01,S004,11,9
2026-04-01,S004,12,10
2026-04-01,S004,13,12
2026-04-01,S004,14,10
2026-04-01,S004,15,13
2026-04-01,S004,16,17
2026-04-01,S004,17,12
2026-04-01,S004,18,9
2026-04-01,S004,19,16
2026-04-01,S004,20,6
2026-04-01,S004,21,3
2026-04-01,S004,22,0
2026-04-01,S004,23,2
2026-04-01,S005,5,3
2026-04-01,S005,6,8
2026-04-01,S005,7,22
2026-04-01,S005,8,28
2026-04-01,S005,9,18
2026-04-01,S005,10,8
2026-04-01,S005,11,15
2026-04-01,S005,12,25
2026-04-01,S005,13,17
2026-04-01,S005,14,20
2026-04-01,S005,15,15
2026-04-01,S005,16,34
2026-04-01,S005,17,22
2026-04-01,S005,18,27
2026-04-01,S005,19,7
2026-04-01,S005,20,6
2026-04-01,S005,21,5
2026-04-01,S005,22,3
2026-04-01,S005,23,1
2026-04-01,S006,5,2
2026-04-01,S006,6,9
2026-04-01,S006,7,8
2026-04-01,S006,8,19
2026-04-01,S006,9,15
2026-04-01,S006,10,9
2026-04-01,S006,11,6
2026-04-01,S006,12,9
2026-04-01,S006,13,9
2026-04-01,S006,14,6
2026-04-01,S006,15,16
2026-04-01,S006,16,14
2026-04-01,S006,17,18
2026-04-01,S006,18,11
2026-04-01,S006,19,12
2026-04-01,S006,20,4
2026-04-01,S006,21,5
2026-04-01,S006,22,2
2026-04-01,S006,23,0
2026-04-01,S007,5,1
2026-04-01,S007,6,0
2026-04-01,S007,7,12
2026-04-01,S007,8,13
2026-04-01,S007,9,6
2026-04-01,S007,10,12
2026-04-01,S007,11,6
2026-04-01,S007,12,6
2026-04-01,S007,13,6
2026-04-01,S007,14,11
2026-04-01,S007,15,4
2026-04-01,S007,16,14
2026-04-01,S007,17,12
2026-04-01,S007,18,7
2026-04-01,S007,19,5
2026-04-01,S007,20,5
2026-04-01,S007,21,4
2026-04-01,S007,22,4
2026-04-01,S007,23,0
2026-04-01,S008,5,6
2026-04-01,S008,6,9
2026-04-01,S008,7,26
2026-04-01,S008,8,23
2026-04-01,S008,9,18
2026-04-01,S008,10,8
2026-04-01,S008,11,17
2026-04-01,S008,12,15
2026-04-01,S008,13,8
2026-04-01,S008,14,16
2026-04-01,S008,15,9
2026-04-01,S008,16,13
2026-04-01,S008,17,17
2026-04-01,S008,18,15
2026-04-01,S008,19,9
2026-04-01,S008,20,6
2026-04-01,S008,21,4
2026-04-01,S008,22,3
2026-04-01,S008,23,2
2026-04-01,S009,5,8
2026-04-01,S009,6,18
2026-04-01,S009,7,24
2026-04-01,S009,8,31
2026-04-01,S009,9,25
2026-04-01,S009,10,13
2026-04-01,S009,11,19
2026-04-01,S009,12,21
2026-04-01,S009,13,16
2026-04-01,S009,14,23
2026-04-01,S009,15,24
2026-04-01,S009,16,33
2026-04-01,S009,17,29
2026-04-01,S009,18,24
2026-04-01,S009,19,6
2026-04-01,S009,20,9
2026-04-01,S009,21,5
2026-04-01,S009,22,2
2026-04-01,S009,23,1
2026-04-01,S010,5,5
2026-04-01,S010,6,5
2026-04-01,S010,7,10
2026-04-01,S010,8,19
2026-04-01,S010,9,20
2026-04-01,S010,10,8
2026-04-01,S010,11,6
2026-04-01,S010,12,8
2026-04-01,S010,13,9
2026-04-01,S010,14,14
2026-04-01,S010,15,19
2026-04-01,S010,16,13
2026-04-01,S010,17,6
2026-04-01,S010,18,11
2026-04-01,S010,19,12
2026-04-01,S010,20,3
2026-04-01,S010,21,5
2026-04-01,S010,22,1
2026-04-01,S010,23,2
2026-04-01,S011,5,0
2026-04-01,S011,6,10
2026-04-01,S011,7,3
2026-04-01,S011,8,11
2026-04-01,S011,9,6
2026-04-01,S011,10,5
2026-04-01,S011,11,3
2026-04-01,S011,12,4
2026-04-01,S011,13,4
2026-04-01,S011,14,7
2026-04-01,S011,15,5
2026-04-01,S011,16,1
2026-04-01,S011,17,12
2026-04-01,S011,18,1
2026-04-01,S011,19,6
2026-04-01,S011,20,5
2026-04-01,S011,21,1
2026-04-01,S011,22,2
2026-04-01,S011,23,1
2026-04-01,S012,5,7
2026-04-01,S012,6,1
2026-04-01,S012,7,17
2026-04-01,S012,8,16
2026-04-01,S012,9,12
2026-04-01,S012,10,10
2026-04-01,S012,11,9
2026-04-01,S012,12,12
2026-04-01,S012,13,16
2026-04-01,S012,14,10
2026-04-01,S012,15,9
2026-04-01,S012,16,25
2026-04-01,S012,17,25
2026-04-01,S012,18,33
2026-04-01,S012,19,8
2026-04-01,S012,20,5
2026-04-01,S012,21,6
2026-04-01,S012,22,2
2026-04-01,S012,23,1
2026-04-01,S013,5,11
2026-04-01,S013,6,36
2026-04-01,S013,7,57
2026-04-01,S013,8,73
2026-04-01,S013,9,55
2026-04-01,S013,10,34
2026-04-01,S013,11,23
2026-04-01,S013,12,32
2026-04-01,S013,13,42
2026-04-01,S013,14,33
2026-04-01,S013,15,54
2026-04-01,S013,16,54
2026-04-01,S013,17,71
2026-04-01,S013,18,43
2026-04-01,S013,19,39
2026-04-01,S013,20,21
2026-04-01,S013,21,12
2026-04-01,S013,22,11
2026-04-01,S013,23,2
2026-04-01,S014,5,4
2026-04-01,S014,6,7
2026-04-01,S014,7,19
2026-04-01,S014,8,13
2026-04-01,S014,9,12
2026-04-01,S014,10,6
2026-04-01,S014,11,6
2026-04-01,S014,12,10
2026-04-01,S014,13,9
2026-04-01,S014,14,5
2026-04-01,S014,15,8
2026-04-01,S014,16,16
2026-04-01,S014,17,16
2026-04-01,S014,18,11
2026-04-01,S014,19,5
2026-04-01,S014,20,2
2026-04-01,S014,21,1
2026-04-01,S014,22,3
2026-04-01,S014,23,0
2026-04-01,S015,5,5
2026-04-01,S015,6,14
2026-04-01,S015,7,17
2026-04-01,S015,8,22
2026-04-01,S015,9,10
2026-04-01,S015,10,13
2026-04-01,S015,11,13
2026-04-01,S015,12,8
2026-04-01,S015,13,16
2026-04-01,S015,14,22
2026-04-01,S015,15,12
2026-04-01,S015,16,31
2026-04-01,S015,17,21
2026-04-01,S015,18,10
2026-04-01,S015,19,13
2026-04-01,S015,20,9
2026-04-01,S015,21,9
2026-04-01,S015,22,5
2026-04-01,S015,23,2
2026-04-01,S016,5,12
2026-04-01,S016,6,26
2026-04-01,S016,7,47
2026-04-01,S016,8,60
2026-04-01,S016,9,37
2026-04-01,S016,10,29
2026-04-01,S016,11,26
2026-04-01,S016,12,30
2026-04-01,S016,13,34
2026-04-01,S016,14,32
2026-04-01,S016,15,49
2026-04-01,S016,16,31
2026-04-01,S016,17,44
2026-04-01,S016,18,47
2026-04-01,S016,19,29
2026-04-01,S016,20,16
2026-04-01,S016,21,16
2026-04-01,S016,22,13
2026-04-01,S016,23,4
2026-04-01,S017,5,3
2026-04-01,S017,6,6
2026-04-01,S017,7,12
2026-04-01,S017,8,19
2026-04-01,S017,9,7
2026-04-01,S017,10,8
2026-04-01,S017,11,9
2026-04-01,S017,12,7
2026-04-01,S017,13,9
2026-04-01,S017,14,10
2026-04-01,S017,15,18
2026-04-01,S017,16,11
2026-04-01,S017,17,19
2026-04-01,S017,18,15
2026-04-01,S017,19,9
2026-04-01,S017,20,8
2026-04-01,S017,21,5
2026-04-01,S017,22,2
2026-04-01,S017,23,0
2026-04-01,S018,5,8
2026-04-01,S018,6,13
2026-04-01,S018,7,30
2026-04-01,S018,8,20
2026-04-01,S018,9,17
2026-04-01,S018,10,22
2026-04-01,S018,11,13
2026-04-01,S018,12,13
2026-04-01,S018,13,10
2026-04-01,S018,14,17
2026-04-01,S018,15,26
2026-04-01,S018,16,19
2026-04-01,S018,17,28
2026-04-01,S018,18,15
2026-04-01,S018,19,11
2026-04-01,S018,20,13
2026-04-01,S018,21,4
2026-04-01,S018,22,8
2026-04-01,S018,23,3
2026-04-02,S001,5,7
2026-04-02,S001,6,20
2026-04-02,S001,7,51
2026-04-02,S001,8,58
2026-04-02,S001,9,42
2026-04-02,S001,10,26
2026-04-02,S001,11,28
2026-04-02,S001,12,35
2026-04-02,S001,13,30
2026-04-02,S001,14,27
2026-04-02,S001,15,45
2026-04-02,S001,16,48
2026-04-02,S001,17,32
2026-04-02,S001,18,31
2026-04-02,S001,19,28
2026-04-02,S001,20,20
2026-04-02,S001,21,13
2026-04-02,S001,22,5
2026-04-02,S001,23,1
2026-04-02,S002,5,6
2026-04-02,S002,6,20
2026-04-02,S002,7,28
2026-04-02,S002,8,36
2026-04-02,S002,9,30
2026-04-02,S002,10,26
2026-04-02,S002,11,14
2026-04-02,S002,12,19
2026-04-02,S002,13,14
2026-04-02,S002,14,25
2026-04-02,S002,15,21
2026-04-02,S002,16,41
2026-04-02,S002,17,30
2026-04-02,S002,18,30
2026-04-02,S002,19,16
2026-04-02,S002,20,11
2026-04-02,S002,21,7
2026-04-02,S002,22,6
2026-04-02,S002,23,3
2026-04-02,S003,5,3
2026-04-02,S003,6,6
2026-04-02,S003,7,16
2026-04-02,S003,8,28
2026-04-02,S003,9,12
2026-04-02,S003,10,13
2026-04-02,S003,11,15
2026-04-02,S003,12,15
2026-04-02,S003,13,8
2026-04-02,S003,14,15
2026-04-02,S003,15,16
2026-04-02,S003,16,17
2026-04-02,S003,17,19
2026-04-02,S003,18,21
2026-04-02,S003,19,9
2026-04-02,S003,20,9
2026-04-02,S003,21,5
2026-04-02,S003,22,2
2026-04-02,S003,23,2
2026-04-02,S004,5,1
2026-04-02,S004,6,8
2026-04-02,S004,7,15
2026-04-02,S004,8,18
2026-04-02,S004,9,12
2026-04-02,S004,10,6
2026-04-02,S004,11,11
2026-04-02,S004,12,15
2026-04-02,S004,13,7
2026-04-02,S004,14,3
2026-04-02,S004,15,18
2026-04-02,S004,16,15
2026-04-02,S004,17,19
2026-04-02,S004,18,16
2026-04-02,S004,19,8
2026-04-02,S004,20,7
2026-04-02,S004,21,6
2026-04-02,S004,22,6
2026-04-02,S004,23,1
2026-04-02,S005,5,6
2026-04-02,S005,6,14
2026-04-02,S005,7,22
2026-04-02,S005,8,33
2026-04-02,S005,9,20
2026-04-02,S005,10,10
2026-04-02,S005,11,14
2026-04-02,S005,12,14
2026-04-02,S005,13,14
2026-04-02,S005,14,22
2026-04-02,S005,15,19
2026-04-02,S005,16,29
2026-04-02,S005,17,23
2026-04-02,S005,18,15
2026-04-02,S005,19,15
2026-04-02,S005,20,3
2026-04-02,S005,21,5
2026-04-02,S005,22,2
2026-04-02,S005,23,6
2026-04-02,S006,5,2
2026-04-02,S006,6,8
2026-04-02,S006,7,15
2026-04-02,S006,8,16
2026-04-02,S006,9,5
2026-04-02,S006,10,8
2026-04-02,S006,11,5
2026-04-02,S006,12,11
2026-04-02,S006,13,7
2026-04-02,S006,14,13
2026-04-02,S006,15,8
2026-04-02,S006,16,2
2026-04-02,S006,17,13
2026-04-02,S006,18,17
2026-04-02,S006,19,6
2026-04-02,S006,20,8
2026-04-02,S006,21,3
2026-04-02,S006,22,4
2026-04-02,S006,23,1
2026-04-02,S007,5,4
2026-04-02,S007,6,6
2026-04-02,S007,7,7
2026-04-02,S007,8,16
2026-04-02,S007,9,10
2026-04-02,S007,10,3
2026-04-02,S007,11,8
2026-04-02,S007,12,4
2026-04-02,S007,13,6
2026-04-02,S007,14,11
2026-04-02,S007,15,9
2026-04-02,S007,16,17
2026-04-02,S007,17,14
2026-04-02,S007,18,7
2026-04-02,S007,19,4
2026-04-02,S007,20,5
2026-04-02,S007,21,2
2026-04-02,S007,22,1
2026-04-02,S007,23,0
2026-04-02,S008,5,5
2026-04-02,S008,6,16
2026-04-02,S008,7,31
2026-04-02,S008,8,23
2026-04-02,S008,9,14
2026-04-02,S008,10,13
2026-04-02,S008,11,8
2026-04-02,S008,12,12
2026-04-02,S008,13,14
2026-04-02,S008,14,7
2026-04-02,S008,15,16
2026-04-02,S008,16,20
2026-04-02,S008,17,21
2026-04-02,S008,18,19
2026-04-02,S008,19,9
2026-04-02,S008,20,6
2026-04-02,S008,21,3
2026-04-02,S008,22,3
2026-04-02,S008,23,1
2026-04-02,S009,5,2
2026-04-02,S009,6,15
2026-04-02,S009,7,29
2026-04-02,S009,8,27
2026-04-02,S009,9,26
2026-04-02,S009,10,12
2026-04-02,S009,11,16
2026-04-02,S009,12,24
2026-04-02,S009,13,21
2026-04-02,S009,14,17
2026-04-02,S009,15,18
2026-04-02,S009,16,38
2026-04-02,S009,17,32
2026-04-02,S009,18,15
2026-04-02,S009,19,16
2026-04-02,S009,20,4
2026-04-02,S009,21,11
2026-04-02,S009,22,5
2026-04-02,S009,23,4
2026-04-02,S010,5,4
2026-04-02,S010,6,7
2026-04-02,S010,7,17
2026-04-02,S010,8,12
2026-04-02,S010,9,6
2026-04-02,S010,10,12
2026-04-02,S010,11,10
2026-04-02,S010,12,15
2026-04-02,S010,13,7
2026-04-02,S010,14,12
2026-04-02,S010,15,8
2026-04-02,S010,16,23
2026-04-02,S010,17,27
2026-04-02,S010,18,14
2026-04-02,S010,19,10
2026-04-02,S010,20,8
2026-04-02,S010,21,3
2026-04-02,S010,22,1
2026-04-02,S010,23,1
2026-04-02,S011,5,2
2026-04-02,S011,6,8
2026-04-02,S011,7,7
2026-04-02,S011,8,12
2026-04-02,S011,9,6
2026-04-02,S011,10,5
2026-04-02,S011,11,6
2026-04-02,S011,12,4
2026-04-02,S011,13,5
2026-04-02,S011,14,10
2026-04-02,S011,15,7
2026-04-02,S011,16,10
2026-04-02,S011,17,9
2026-04-02,S011,18,5
2026-04-02,S011,19,6
2026-04-02,S011,20,5
2026-04-02,S011,21,2
2026-04-02,S011,22,1
2026-04-02,S011,23,1
2026-04-02,S012,5,5
2026-04-02,S012,6,15
2026-04-02,S012,7,15
2026-04-02,S012,8,22
2026-04-02,S012,9,12
2026-04-02,S012,10,12
2026-04-02,S012,11,4
2026-04-02,S012,12,11
2026-04-02,S012,13,11
2026-04-02,S012,14,9
2026-04-02,S012,15,15
2026-04-02,S012,16,23
2026-04-02,S012,17,26
2026-04-02,S012,18,12
2026-04-02,S012,19,7
2026-04-02,S012,20,4
2026-04-02,S012,21,5
2026-04-02,S012,22,6
2026-04-02,S012,23,1
2026-04-02,S013,5,7
2026-04-02,S013,6,24
2026-04-02,S013,7,41
2026-04-02,S013,8,75
2026-04-02,S013,9,50
2026-04-02,S013,10,22
2026-04-02,S013,11,35
2026-04-02,S013,12,34
2026-04-02,S013,13,29
2026-04-02,S013,14,32
2026-04-02,S013,15,41
2026-04-02,S013,16,43
2026-04-02,S013,17,60
2026-04-02,S013,18,31
2026-04-02,S013,19,35
2026-04-02,S013,20,18
2026-04-02,S013,21,16
2026-04-02,S013,22,13
2026-04-02,S013,23,2
2026-04-02,S014,5,2
2026-04-02,S014,6,6
2026-04-02,S014,7,7
2026-04-02,S014,8,13
2026-04-02,S014,9,8
2026-04-02,S014,10,5
2026-04-02,S014,11,9
2026-04-02,S014,12,10
2026-04-02,S014,13,12
2026-04-02,S014,14,7
2026-04-02,S014,15,8
2026-04-02,S014,16,8
2026-04-02,S014,17,15
2026-04-02,S014,18,6
2026-04-02,S014,19,5
2026-04-02,S014,20,5
2026-04-02,S014,21,4
2026-04-02,S014,22,2
2026-04-02,S014,23,1
2026-04-02,S015,5,5
2026-04-02,S015,6,14
2026-04-02,S015,7,19
2026-04-02,S015,8,26
2026-04-02,S015,9,27
2026-04-02,S015,10,10
2026-04-02,S015,11,12
2026-04-02,S015,12,11
2026-04-02,S015,13,12
2026-04-02,S015,14,11
2026-04-02,S015,15,16
2026-04-02,S015,16,15
2026-04-02,S015,17,21
2026-04-02,S015,18,14
2026-04-02,S015,19,13
2026-04-02,S015,20,5
2026-04-02,S015,21,9
2026-04-02,S015,22,4
2026-04-02,S015,23,1
2026-04-02,S016,5,10
2026-04-02,S016,6,24
2026-04-02,S016,7,43
2026-04-02,S016,8,54
2026-04-02,S016,9,33
2026-04-02,S016,10,38
2026-04-02,S016,11,34
2026-04-02,S016,12,29
2026-04-02,S016,13,19
2026-04-02,S016,14,41
2026-04-02,S016,15,37
2026-04-02,S016,16,51
2026-04-02,S016,17,53
2026-04-02,S016,18,44
2026-04-02,S016,19,33
2026-04-02,S016,20,21
2026-04-02,S016,21,16
2026-04-02,S016,22,6
2026-04-02,S016,23,3
2026-04-02,S017,5,2
2026-04-02,S017,6,11
2026-04-02,S017,7,17
2026-04-02,S017,8,14
2026-04-02,S017,9,7
2026-04-02,S017,10,8
2026-04-02,S017,11,8
2026-04-02,S017,12,8
2026-04-02,S017,13,11
2026-04-02,S017,14,11
2026-04-02,S017,15,11
2026-04-02,S017,16,9
2026-04-02,S017,17,20
2026-04-02,S017,18,13
2026-04-02,S017,19,7
2026-04-02,S017,20,4
2026-04-02,S017,21,7
2026-04-02,S017,22,3
2026-04-02,S017,23,1
2026-04-02,S018,5,7
2026-04-02,S018,6,10
2026-04-02,S018,7,19
2026-04-02,S018,8,32
2026-04-02,S018,9,15
2026-04-02,S018,10,17
2026-04-02,S018,11,21
2026-04-02,S018,12,14
2026-04-02,S018,13,13
2026-04-02,S018,14,15
2026-04-02,S018,15,27
2026-04-02,S018,16,25
2026-04-02,S018,17,28
2026-04-02,S018,18,24
2026-04-02,S018,19,10
2026-04-02,S018,20,16
2026-04-02,S018,21,5
2026-04-02,S018,22,4
2026-04-02,S018,23,3
2026-04-03,S001,5,10
2026-04-03,S001,6,24
2026-04-03,S001,7,40
2026-04-03,S001,8,50
2026-04-03,S001,9,38
2026-04-03,S001,10,30
2026-04-03,S001,11,28
2026-04-03,S001,12,23
2026-04-03,S001,13,23
2026-04-03,S001,14,32
2026-04-03,S001,15,38
2026-04-03,S001,16,30
2026-04-03,S001,17,44
2026-04-03,S001,18,34
2026-04-03,S001,19,19
2026-04-03,S001,20,19
2026-04-03,S001,21,6
2026-04-03,S001,22,7
2026-04-03,S001,23,4
2026-04-03,S002,5,8
2026-04-03,S002,6,16
2026-04-03,S002,7,37
2026-04-03,S002,8,47
2026-04-03,S002,9,24
2026-04-03,S002,10,25
2026-04-03,S002,11,19
2026-04-03,S002,12,18
2026-04-03,S002,13,23
2026-04-03,S002,14,24
2026-04-03,S002,15,26
2026-04-03,S002,16,27
2026-04-03,S002,17,36
2026-04-03,S002,18,26
2026-04-03,S002,19,19
2026-04-03,S002,20,14
2026-04-03,S002,21,13
2026-04-03,S002,22,7
2026-04-03,S002,23,3
2026-04-03,S003,5,2
2026-04-03,S003,6,4
2026-04-03,S003,7,24
2026-04-03,S003,8,23
2026-04-03,S003,9,16
2026-04-03,S003,10,6
2026-04-03,S003,11,11
2026-04-03,S003,12,15
2026-04-03,S003,13,14
2026-04-03,S003,14,7
2026-04-03,S003,15,14
2026-04-03,S003,16,15
2026-04-03,S003,17,18
2026-04-03,S003,18,18
2026-04-03,S003,19,12
2026-04-03,S003,20,5
2026-04-03,S003,21,5
2026-04-03,S003,22,2
2026-04-03,S003,23,1
2026-04-03,S004,5,2
2026-04-03,S004,6,10
2026-04-03,S004,7,16
2026-04-03,S004,8,27
2026-04-03,S004,9,13
2026-04-03,S004,10,12
2026-04-03,S004,11,8
2026-04-03,S004,12,11
2026-04-03,S004,13,7
2026-04-03,S004,14,5
2026-04-03,S004,15,9
2026-04-03,S004,16,15
2026-04-03,S004,17,19
2026-04-03,S004,18,13
2026-04-03,S004,19,12
2026-04-03,S004,20,6
2026-04-03,S004,21,3
2026-04-03,S004,22,5
2026-04-03,S004,23,2
2026-04-03,S005,5,4
2026-04-03,S005,6,13
2026-04-03,S005,7,24
2026-04-03,S005,8,21
2026-04-03,S005,9,14
2026-04-03,S005,10,12
2026-04-03,S005,11,13
2026-04-03,S005,12,25
2026-04-03,S005,13,17
2026-04-03,S005,14,9
2026-04-03,S005,15,26
2026-04-03,S005,16,24
2026-04-03,S005,17,28
2026-04-03,S005,18,17
2026-04-03,S005,19,16
2026-04-03,S005,20,12
2026-04-03,S005,21,7
2026-04-03,S005,22,3
2026-04-03,S005,23,3
2026-04-03,S006,5,2
2026-04-03,S006,6,12
2026-04-03,S006,7,11
2026-04-03,S006,8,22
2026-04-03,S006,9,10
2026-04-03,S006,10,6
2026-04-03,S006,11,6
2026-04-03,S006,12,7
2026-04-03,S006,13,6
2026-04-03,S006,14,6
2026-04-03,S006,15,7
2026-04-03,S006,16,13
2026-04-03,S006,17,15
2026-04-03,S006,18,13
2026-04-03,S006,19,6
2026-04-03,S006,20,6
2026-04-03,S006,21,8
2026-04-03,S006,22,1
2026-04-03,S006,23,1
2026-04-03,S007,5,0
2026-04-03,S007,6,5
2026-04-03,S007,7,11
2026-04-03,S007,8,10
2026-04-03,S007,9,7
2026-04-03,S007,10,11
2026-04-03,S007,11,11
2026-04-03,S007,12,8
2026-04-03,S007,13,9
2026-04-03,S007,14,11
2026-04-03,S007,15,5
2026-04-03,S007,16,12
2026-04-03,S007,17,14
2026-04-03,S007,18,7
2026-04-03,S007,19,4
2026-04-03,S007,20,6
2026-04-03,S007,21,5
2026-04-03,S007,22,2
2026-04-03,S007,23,0
2026-04-03,S008,5,1
2026-04-03,S008,6,11
2026-04-03,S008,7,24
2026-04-03,S008,8,18
2026-04-03,S008,9,18
2026-04-03,S008,10,9
2026-04-03,S008,11,9
2026-04-03,S008,12,10
2026-04-03,S008,13,16
2026-04-03,S008,14,14
2026-04-03,S008,15,18
2026-04-03,S008,16,18
2026-04-03,S008,17,24
2026-04-03,S008,18,16
2026-04-03,S008,19,8
2026-04-03,S008,20,6
2026-04-03,S008,21,2
2026-04-03,S008,22,6
2026-04-03,S008,23,2
2026-04-03,S009,5,6
2026-04-03,S009,6,15
2026-04-03,S009,7,31
2026-04-03,S009,8,34
2026-04-03,S009,9,14
2026-04-03,S009,10,17
2026-04-03,S009,11,15
2026-04-03,S009,12,15
2026-04-03,S009,13,11
2026-04-03,S009,14,16
2026-04-03,S009,15,19
2026-04-03,S009,16,30
2026-04-03,S009,17,30
2026-04-03,S009,18,37
2026-04-03,S009,19,14
2026-04-03,S009,20,13
2026-04-03,S009,21,11
2026-04-03,S009,22,11
2026-04-03,S009,23,5
2026-04-03,S010,5,3
2026-04-03,S010,6,7
2026-04-03,S010,7,12
2026-04-03,S010,8,13
2026-04-03,S010,9,15
2026-04-03,S010,10,14
2026-04-03,S010,11,14
2026-04-03,S010,12,7
2026-04-03,S010,13,20
2026-04-03,S010,14,6
2026-04-03,S010,15,10
2026-04-03,S010,16,9
2026-04-03,S010,17,15
2026-04-03,S010,18,8
2026-04-03,S010,19,8
2026-04-03,S010,20,3
2026-04-03,S010,21,7
2026-04-03,S010,22,4
2026-04-03,S010,23,0
2026-04-03,S011,5,1
2026-04-03,S011,6,9
2026-04-03,S011,7,11
2026-04-03,S011,8,10
2026-04-03,S011,9,7
2026-04-03,S011,10,7
2026-04-03,S011,11,1
2026-04-03,S011,12,7
2026-04-03,S011,13,2
2026-04-03,S011,14,8
2026-04-03,S011,15,3
2026-04-03,S011,16,5
2026-04-03,S011,17,8
2026-04-03,S011,18,6
2026-04-03,S011,19,7
2026-04-03,S011,20,5
2026-04-03,S011,21,2
2026-04-03,S011,22,1
2026-04-03,S011,23,0
2026-04-03,S012,5,6
2026-04-03,S012,6,6
2026-04-03,S012,7,15
2026-04-03,S012,8,20
2026-04-03,S012,9,19
2026-04-03,S012,10,9
2026-04-03,S012,11,12
2026-04-03,S012,12,15
2026-04-03,S012,13,10
2026-04-03,S012,14,13
2026-04-03,S012,15,13
2026-04-03,S012,16,20
2026-04-03,S012,17,23
2026-04-03,S012,18,15
2026-04-03,S012,19,7
2026-04-03,S012,20,7
2026-04-03,S012,21,3
2026-04-03,S012,22,3
2026-04-03,S012,23,0
2026-04-03,S013,5,17
2026-04-03,S013,6,29
2026-04-03,S013,7,54
2026-04-03,S013,8,61
2026-04-03,S013,9,44
2026-04-03,S013,10,34
2026-04-03,S013,11,33
2026-04-03,S013,12,33
2026-04-03,S013,13,29
2026-04-03,S013,14,39
2026-04-03,S013,15,49
2026-04-03,S013,16,78
2026-04-03,S013,17,58
2026-04-03,S013,18,52
2026-04-03,S013,19,27
2026-04-03,S013,20,17
2026-04-03,S013,21,16
2026-04-03,S013,22,11
2026-04-03,S013,23,5
2026-04-03,S014,5,0
2026-04-03,S014,6,7
2026-04-03,S014,7,10
2026-04-03,S014,8,15
2026-04-03,S014,9,11
2026-04-03,S014,10,7
2026-04-03,S014,11,5
2026-04-03,S014,12,7
2026-04-03,S014,13,7
2026-04-03,S014,14,6
2026-04-03,S014,15,8
2026-04-03,S014,16,9
2026-04-03,S014,17,6
2026-04-03,S014,18,8
2026-04-03,S014,19,7
2026-04-03,S014,20,3
2026-04-03,S014,21,1
2026-04-03,S014,22,1
2026-04-03,S014,23,2
2026-04-03,S015,5,3
2026-04-03,S015,6,11
2026-04-03,S015,7,24
2026-04-03,S015,8,27
2026-04-03,S015,9,15
2026-04-03,S015,10,6
2026-04-03,S015,11,12
2026-04-03,S015,12,4
2026-04-03,S015,13,12
2026-04-03,S015,14,13
2026-04-03,S015,15,8
2026-04-03,S015,16,14
2026-04-03,S015,17,20
2026-04-03,S015,18,22
2026-04-03,S015,19,8
2026-04-03,S015,20,6
2026-04-03,S015,21,3
2026-04-03,S015,22,3
2026-04-03,S015,23,0
2026-04-03,S016,5,8
2026-04-03,S016,6,26
2026-04-03,S016,7,33
2026-04-03,S016,8,46
2026-04-03,S016,9,44
2026-04-03,S016,10,36
2026-04-03,S016,11,22
2026-04-03,S016,12,43
2026-04-03,S016,13,24
2026-04-03,S016,14,38
2026-04-03,S016,15,37
2026-04-03,S016,16,41
2026-04-03,S016,17,58
2026-04-03,S016,18,50
2026-04-03,S016,19,22
2026-04-03,S016,20,15
2026-04-03,S016,21,14
2026-04-03,S016,22,8
2026-04-03,S016,23,6
2026-04-03,S017,5,1
2026-04-03,S017,6,8
2026-04-03,S017,7,12
2026-04-03,S017,8,19
2026-04-03,S017,9,10
2026-04-03,S017,10,7
2026-04-03,S017,11,9
2026-04-03,S017,12,11
2026-04-03,S017,13,10
2026-04-03,S017,14,10
2026-04-03,S017,15,8
2026-04-03,S017,16,11
2026-04-03,S017,17,16
2026-04-03,S017,18,12
2026-04-03,S017,19,7
2026-04-03,S017,20,5
2026-04-03,S017,21,6
2026-04-03,S017,22,2
2026-04-03,S017,23,0
2026-04-03,S018,5,7
2026-04-03,S018,6,13
2026-04-03,S018,7,24
2026-04-03,S018,8,29
2026-04-03,S018,9,20
2026-04-03,S018,10,19
2026-04-03,S018,11,13
2026-04-03,S018,12,14
2026-04-03,S018,13,15
2026-04-03,S018,14,15
2026-04-03,S018,15,23
2026-04-03,S018,16,35
2026-04-03,S018,17,21
2026-04-03,S018,18,16
2026-04-03,S018,19,9
2026-04-03,S018,20,7
2026-04-03,S018,21,8
2026-04-03,S018,22,3
2026-04-03,S018,23,1
2026-04-04,S001,5,1
2026-04-04,S001,6,2
2026-04-04,S001,7,8
2026-04-04,S001,8,17
2026-04-04,S001,9,23
2026-04-04,S001,10,18
2026-04-04,S001,11,33
2026-04-04,S001,12,24
2026-04-04,S001,13,33
2026-04-04,S001,14,43
2026-04-04,S001,15,31
2026-04-04,S001,16,32
2026-04-04,S001,17,33
2026-04-04,S001,18,23
2026-04-04,S001,19,22
2026-04-04,S001,20,21
2026-04-04,S001,21,13
2026-04-04,S001,22,14
2026-04-04,S001,23,4
2026-04-04,S002,5,2
2026-04-04,S002,6,9
2026-04-04,S002,7,4
2026-04-04,S002,8,10
2026-04-04,S002,9,15
2026-04-04,S002,10,24
2026-04-04,S002,11,32
2026-04-04,S002,12,34
2026-04-04,S002,13,25
2026-04-04,S002,14,21
2026-04-04,S002,15,28
2026-04-04,S002,16,29
2026-04-04,S002,17,20
2026-04-04,S002,18,12
2026-04-04,S002,19,19
2026-04-04,S002,20,6
2026-04-04,S002,21,17
2026-04-04,S002,22,11
2026-04-04,S002,23,3
2026-04-04,S003,5,1
2026-04-04,S003,6,3
2026-04-04,S003,7,4
2026-04-04,S003,8,6
2026-04-04,S003,9,9
2026-04-04,S003,10,11
2026-04-04,S003,11,23
2026-04-04,S003,12,20
2026-04-04,S003,13,13
2026-04-04,S003,14,19
2026-04-04,S003,15,16
2026-04-04,S003,16,12
2026-04-04,S003,17,19
2026-04-04,S003,18,12
2026-04-04,S003,19,11
2026-04-04,S003,20,9
2026-04-04,S003,21,7
2026-04-04,S003,22,6
2026-04-04,S003,23,6
2026-04-04,S004,5,2
2026-04-04,S004,6,1
2026-04-04,S004,7,8
2026-04-04,S004,8,5
2026-04-04,S004,9,4
2026-04-04,S004,10,15
2026-04-04,S004,11,19
2026-04-04,S004,12,17
2026-04-04,S004,13,13
2026-04-04,S004,14,11
2026-04-04,S004,15,17
2026-04-04,S004,16,20
2026-04-04,S004,17,15
2026-04-04,S004,18,4
2026-04-04,S004,19,8
2026-04-04,S004,20,4
2026-04-04,S004,21,7
2026-04-04,S004,22,10
2026-04-04,S004,23,3
2026-04-04,S005,5,2
2026-04-04,S005,6,6
2026-04-04,S005,7,0
2026-04-04,S005,8,10
2026-04-04,S005,9,21
2026-04-04,S005,10,14
2026-04-04,S005,11,17
2026-04-04,S005,12,22
2026-04-04,S005,13,20
2026-04-04,S005,14,18
2026-04-04,S005,15,17
2026-04-04,S005,16,18
2026-04-04,S005,17,15
2026-04-04,S005,18,17
2026-04-04,S005,19,16
2026-04-04,S005,20,10
2026-04-04,S005,21,4
2026-04-04,S005,22,7
2026-04-04,S005,23,6
2026-04-04,S006,5,0
2026-04-04,S006,6,3
2026-04-04,S006,7,4
2026-04-04,S006,8,8
2026-04-04,S006,9,8
2026-04-04,S006,10,7
2026-04-04,S006,11,13
2026-04-04,S006,12,15
2026-04-04,S006,13,12
2026-04-04,S006,14,7
2026-04-04,S006,15,22
2026-04-04,S006,16,11
2026-04-04,S006,17,10
2026-04-04,S006,18,8
2026-04-04,S006,19,7
2026-04-04,S006,20,4
2026-04-04,S006,21,4
2026-04-04,S006,22,5
2026-04-04,S006,23,2
2026-04-04,S007,5,1
2026-04-04,S007,6,0
2026-04-04,S007,7,2
2026-04-04,S007,8,6
2026-04-04,S007,9,3
2026-04-04,S007,10,10
2026-04-04,S007,11,7
2026-04-04,S007,12,10
2026-04-04,S007,13,10
2026-04-04,S007,14,11
2026-04-04,S007,15,7
2026-04-04,S007,16,7
2026-04-04,S007,17,14
2026-04-04,S007,18,7
2026-04-04,S007,19,6
2026-04-04,S007,20,5
2026-04-04,S007,21,6
2026-04-04,S007,22,4
2026-04-04,S007,23,3
2026-04-04,S008,5,2
2026-04-04,S008,6,5
2026-04-04,S008,7,2
2026-04-04,S008,8,4
2026-04-04,S008,9,11
2026-04-04,S008,10,14
2026-04-04,S008,11,19
2026-04-04,S008,12,20
2026-04-04,S008,13,22
2026-04-04,S008,14,17
2026-04-04,S008,15,9
2026-04-04,S008,16,10
2026-04-04,S008,17,18
2026-04-04,S008,18,10
2026-04-04,S008,19,8
2026-04-04,S008,20,7
2026-04-04,S008,21,4
2026-04-04,S008,22,7
2026-04-04,S008,23,3
2026-04-04,S009,5,2
2026-04-04,S009,6,4
2026-04-04,S009,7,2
2026-04-04,S009,8,8
2026-04-04,S009,9,14
2026-04-04,S009,10,27
2026-04-04,S009,11,27
2026-04-04,S009,12,27
2026-04-04,S009,13,26
2026-04-04,S009,14,31
2026-04-04,S009,15,26
2026-04-04,S009,16,30
2026-04-04,S009,17,17
2026-04-04,S009,18,15
2026-04-04,S009,19,10
2026-04-04,S009,20,15
2026-04-04,S009,21,10
2026-04-04,S009,22,6
2026-04-04,S009,23,6
2026-04-04,S010,5,0
2026-04-04,S010,6,1
2026-04-04,S010,7,1
2026-04-04,S010,8,4
2026-04-04,S010,9,6
2026-04-04,S010,10,10
2026-04-04,S010,11,17
2026-04-04,S010,12,14
2026-04-04,S010,13,20
2026-04-04,S010,14,16
2026-04-04,S010,15,15
2026-04-04,S010,16,10
2026-04-04,S010,17,5
2026-04-04,S010,18,5
2026-04-04,S010,19,9
2026-04-04,S010,20,8
2026-04-04,S010,21,5
2026-04-04,S010,22,3
2026-04-04,S010,23,2
2026-04-04,S011,5,1
2026-04-04,S011,6,3
2026-04-04,S011,7,2
2026-04-04,S011,8,2
2026-04-04,S011,9,6
2026-04-04,S011,10,8
2026-04-04,S011,11,6
2026-04-04,S011,12,6
2026-04-04,S011,13,9
2026-04-04,S011,14,12
2026-04-04,S011,15,11
2026-04-04,S011,16,6
2026-04-04,S011,17,6
2026-04-04,S011,18,6
2026-04-04,S011,19,2
2026-04-04,S011,20,4
2026-04-04,S011,21,2
2026-04-04,S011,22,4
2026-04-04,S011,23,1
2026-04-04,S012,5,1
2026-04-04,S012,6,4
2026-04-04,S012,7,5
2026-04-04,S012,8,4
2026-04-04,S012,9,7
2026-04-04,S012,10,16
2026-04-04,S012,11,14
2026-04-04,S012,12,20
2026-04-04,S012,13,17
2026-04-04,S012,14,13
2026-04-04,S012,15,11
2026-04-04,S012,16,15
2026-04-04,S012,17,14
2026-04-04,S012,18,4
2026-04-04,S012,19,10
2026-04-04,S012,20,8
2026-04-04,S012,21,7
2026-04-04,S012,22,4
2026-04-04,S012,23,7
2026-04-04,S013,5,5
2026-04-04,S013,6,8
2026-04-04,S013,7,14
2026-04-04,S013,8,18
2026-04-04,S013,9,24
2026-04-04,S013,10,35
2026-04-04,S013,11,35
2026-04-04,S013,12,51
2026-04-04,S013,13,48
2026-04-04,S013,14,44
2026-04-04,S013,15,48
2026-04-04,S013,16,38
2026-04-04,S013,17,39
2026-04-04,S013,18,36
2026-04-04,S013,19,23
2026-04-04,S013,20,18
2026-04-04,S013,21,19
2026-04-04,S013,22,10
2026-04-04,S013,23,5
2026-04-04,S014,5,2
2026-04-04,S014,6,3
2026-04-04,S014,7,2
2026-04-04,S014,8,0
2026-04-04,S014,9,5
2026-04-04,S014,10,8
2026-04-04,S014,11,10
2026-04-04,S014,12,8
2026-04-04,S014,13,16
2026-04-04,S014,14,10
2026-04-04,S014,15,11
2026-04-04,S014,16,14
2026-04-04,S014,17,7
2026-04-04,S014,18,5
2026-04-04,S014,19,5
2026-04-04,S014,20,4
2026-04-04,S014,21,0
2026-04-04,S014,22,1
2026-04-04,S014,23,4
2026-04-04,S015,5,2
2026-04-04,S015,6,3
2026-04-04,S015,7,6
2026-04-04,S015,8,10
2026-04-04,S015,9,17
2026-04-04,S015,10,8
2026-04-04,S015,11,16
2026-04-04,S015,12,14
2026-04-04,S015,13,14
2026-04-04,S015,14,15
2026-04-04,S015,15,25
2026-04-04,S015,16,12
2026-04-04,S015,17,18
2026-04-04,S015,18,14
2026-04-04,S015,19,7
2026-04-04,S015,20,12
2026-04-04,S015,21,8
2026-04-04,S015,22,7
2026-04-04,S015,23,3
2026-04-04,S016,5,0
2026-04-04,S016,6,2
2026-04-04,S016,7,9
2026-04-04,S016,8,19
2026-04-04,S016,9,22
2026-04-04,S016,10,28
2026-04-04,S016,11,50
2026-04-04,S016,12,39
2026-04-04,S016,13,37
2026-04-04,S016,14,60
2026-04-04,S016,15,37
2026-04-04,S016,16,36
2026-04-04,S016,17,36
2026-04-04,S016,18,27
2026-04-04,S016,19,16
2026-04-04,S016,20,25
2026-04-04,S016,21,17
2026-04-04,S016,22,6
2026-04-04,S016,23,9
2026-04-04,S017,5,0
2026-04-04,S017,6,2
2026-04-04,S017,7,1
2026-04-04,S017,8,2
2026-04-04,S017,9,4
2026-04-04,S017,10,13
2026-04-04,S017,11,14
2026-04-04,S017,12,10
2026-04-04,S017,13,18
2026-04-04,S017,14,14
2026-04-04,S017,15,11
2026-04-04,S017,16,19
2026-04-04,S017,17,16
2026-04-04,S017,18,8
2026-04-04,S017,19,8
2026-04-04,S017,20,2
2026-04-04,S017,21,8
2026-04-04,S017,22,3
2026-04-04,S017,23,3
2026-04-04,S018,5,0
2026-04-04,S018,6,5
2026-04-04,S018,7,6
2026-04-04,S018,8,7
2026-04-04,S018,9,20
2026-04-04,S018,10,21
2026-04-04,S018,11,19
2026-04-04,S018,12,19
2026-04-04,S018,13,17
2026-04-04,S018,14,21
2026-04-04,S018,15,22
2026-04-04,S018,16,27
2026-04-04,S018,17,18
2026-04-04,S018,18,23
2026-04-04,S018,19,21
2026-04-04,S018,20,14
2026-04-04,S018,21,15
2026-04-04,S018,22,1
2026-04-04,S018,23,3
2026-04-05,S001,5,1
2026-04-05,S001,6,12
2026-04-05,S001,7,18
2026-04-05,S001,8,21
2026-04-05,S001,9,15
2026-04-05,S001,10,32
2026-04-05,S001,11,28
2026-04-05,S001,12,25
2026-04-05,S001,13,45
2026-04-05,S001,14,42
2026-04-05,S001,15,38
2026-04-05,S001,16,28
2026-04-05,S001,17,34
2026-04-05,S001,18,25
2026-04-05,S001,19,20
2026-04-05,S001,20,15
2026-04-05,S001,21,12
2026-04-05,S001,22,13
2026-04-05,S001,23,3
2026-04-05,S002,5,0
2026-04-05,S002,6,2
2026-04-05,S002,7,7
2026-04-05,S002,8,8
2026-04-05,S002,9,17
2026-04-05,S002,10,21
2026-04-05,S002,11,24
2026-04-05,S002,12,35
2026-04-05,S002,13,28
2026-04-05,S002,14,34
2026-04-05,S002,15,28
2026-04-05,S002,16,31
2026-04-05,S002,17,25
2026-04-05,S002,18,15
2026-04-05,S002,19,14
2026-04-05,S002,20,20
2026-04-05,S002,21,15
2026-04-05,S002,22,13
2026-04-05,S002,23,8
2026-04-05,S003,5,1
2026-04-05,S003,6,3
2026-04-05,S003,7,5
2026-04-05,S003,8,7
2026-04-05,S003,9,11
2026-04-05,S003,10,12
2026-04-05,S003,11,13
2026-04-05,S003,12,13
2026-04-05,S003,13,14
2026-04-05,S003,14,20
2026-04-05,S003,15,15
2026-04-05,S003,16,12
2026-04-05,S003,17,8
2026-04-05,S003,18,14
2026-04-05,S003,19,13
2026-04-05,S003,20,7
2026-04-05,S003,21,8
2026-04-05,S003,22,2
2026-04-05,S003,23,4
2026-04-05,S004,5,0
2026-04-05,S004,6,6
2026-04-05,S004,7,3
2026-04-05,S004,8,7
2026-04-05,S004,9,6
2026-04-05,S004,10,14
2026-04-05,S004,11,15
2026-04-05,S004,12,18
2026-04-05,S004,13,14
2026-04-05,S004,14,7
2026-04-05,S004,15,14
2026-04-05,S004,16,12
2026-04-05,S004,17,11
2026-04-05,S004,18,7
2026-04-05,S004,19,11
2026-04-05,S004,20,7
2026-04-05,S004,21,6
2026-04-05,S004,22,8
2026-04-05,S004,23,4
2026-04-05,S005,5,3
2026-04-05,S005,6,2
2026-04-05,S005,7,6
2026-04-05,S005,8,5
2026-04-05,S005,9,13
2026-04-05,S005,10,22
2026-04-05,S005,11,20
2026-04-05,S005,12,13
2026-04-05,S005,13,19
2026-04-05,S005,14,21
2026-04-05,S005,15,25
2026-04-05,S005,16,22
2026-04-05,S005,17,15
2026-04-05,S005,18,20
2026-04-05,S005,19,8
2026-04-05,S005,20,5
2026-04-05,S005,21,6
2026-04-05,S005,22,4
2026-04-05,S005,23,3
2026-04-05,S006,5,1
2026-04-05,S006,6,2
2026-04-05,S006,7,2
2026-04-05,S006,8,3
2026-04-05,S006,9,5
2026-04-05,S006,10,6
2026-04-05,S006,11,12
2026-04-05,S006,12,21
2026-04-05,S006,13,13
2026-04-05,S006,14,13
2026-04-05,S006,15,11
2026-04-05,S006,16,9
2026-04-05,S006,17,3
2026-04-05,S006,18,11
2026-04-05,S006,19,9
2026-04-05,S006,20,3
2026-04-05,S006,21,4
2026-04-05,S006,22,3
2026-04-05,S006,23,0
2026-04-05,S007,5,1
2026-04-05,S007,6,3
2026-04-05,S007,7,1
2026-04-05,S007,8,7
2026-04-05,S007,9,2
2026-04-05,S007,10,5
2026-04-05,S007,11,9
2026-04-05,S007,12,13
2026-04-05,S007,13,12
2026-04-05,S007,14,17
2026-04-05,S007,15,13
2026-04-05,S007,16,13
2026-04-05,S007,17,5
2026-04-05,S007,18,7
2026-04-05,S007,19,9
2026-04-05,S007,20,3
2026-04-05,S007,21,4
2026-04-05,S007,22,4
2026-04-05,S007,23,1
2026-04-05,S008,5,2
2026-04-05,S008,6,0
2026-04-05,S008,7,2
2026-04-05,S008,8,3
2026-04-05,S008,9,11
2026-04-05,S008,10,12
2026-04-05,S008,11,13
2026-04-05,S008,12,24
2026-04-05,S008,13,18
2026-04-05,S008,14,20
2026-04-05,S008,15,27
2026-04-05,S008,16,16
2026-04-05,S008,17,12
2026-04-05,S008,18,17
2026-04-05,S008,19,6
2026-04-05,S008,20,4
2026-04-05,S008,21,3
2026-04-05,S008,22,8
2026-04-05,S008,23,2
2026-04-05,S009,5,0
2026-04-05,S009,6,1
2026-04-05,S009,7,6
2026-04-05,S009,8,8
2026-04-05,S009,9,15
2026-04-05,S009,10,27
2026-04-05,S009,11,15
2026-04-05,S009,12,27
2026-04-05,S009,13,26
2026-04-05,S009,14,29
2026-04-05,S009,15,33
2026-04-05,S009,16,17
2026-04-05,S009,17,17
2026-04-05,S009,18,13
2026-04-05,S009,19,14
2026-04-05,S009,20,17
2026-04-05,S009,21,9
2026-04-05,S009,22,9
2026-04-05,S009,23,2
2026-04-05,S010,5,2
2026-04-05,S010,6,3
2026-04-05,S010,7,3
2026-04-05,S010,8,7
2026-04-05,S010,9,6
2026-04-05,S010,10,15
2026-04-05,S010,11,23
2026-04-05,S010,12,14
2026-04-05,S010,13,11
2026-04-05,S010,14,9
2026-04-05,S010,15,15
2026-04-05,S010,16,13
2026-04-05,S010,17,15
2026-04-05,S010,18,10
2026-04-05,S010,19,8
2026-04-05,S010,20,7
2026-04-05,S010,21,4
2026-04-05,S010,22,4
2026-04-05,S010,23,3
2026-04-05,S011,5,1
2026-04-05,S011,6,0
2026-04-05,S011,7,1
2026-04-05,S011,8,1
2026-04-05,S011,9,2
2026-04-05,S011,10,2
2026-04-05,S011,11,10
2026-04-05,S011,12,9
2026-04-05,S011,13,5
2026-04-05,S011,14,12
2026-04-05,S011,15,7
2026-04-05,S011,16,4
2026-04-05,S011,17,6
2026-04-05,S011,18,5
2026-04-05,S011,19,8
2026-04-05,S011,20,3
2026-04-05,S011,21,3
2026-04-05,S011,22,2
2026-04-05,S011,23,1
2026-04-05,S012,5,0
2026-04-05,S012,6,3
2026-04-05,S012,7,2
2026-04-05,S012,8,6
2026-04-05,S012,9,7
2026-04-05,S012,10,11
2026-04-05,S012,11,14
2026-04-05,S012,12,10
2026-04-05,S012,13,19
2026-04-05,S012,14,22
2026-04-05,S012,15,18
2026-04-05,S012,16,13
2026-04-05,S012,17,10
2026-04-05,S012,18,8
2026-04-05,S012,19,6
2026-04-05,S012,20,7
2026-04-05,S012,21,7
2026-04-05,S012,22,5
2026-04-05,S012,23,4
2026-04-05,S013,5,0
2026-04-05,S013,6,12
2026-04-05,S013,7,12
2026-04-05,S013,8,20
2026-04-05,S013,9,32
2026-04-05,S013,10,31
2026-04-05,S013,11,42
2026-04-05,S013,12,44
2026-04-05,S013,13,55
2026-04-05,S013,14,50
2026-04-05,S013,15,50
2026-04-05,S013,16,46
2026-04-05,S013,17,41
2026-04-05,S013,18,32
2026-04-05,S013,19,48
2026-04-05,S013,20,27
2026-04-05,S013,21,27
2026-04-05,S013,22,10
2026-04-05,S013,23,14
2026-04-05,S014,5,0
2026-04-05,S014,6,1
2026-04-05,S014,7,4
2026-04-05,S014,8,4
2026-04-05,S014,9,3
2026-04-05,S014,10,9
2026-04-05,S014,11,11
2026-04-05,S014,12,3
2026-04-05,S014,13,10
2026-04-05,S014,14,14
2026-04-05,S014,15,10
2026-04-05,S014,16,9
2026-04-05,S014,17,5
2026-04-05,S014,18,8
2026-04-05,S014,19,10
2026-04-05,S014,20,2
2026-04-05,S014,21,4
2026-04-05,S014,22,2
2026-04-05,S014,23,1
2026-04-05,S015,5,3
2026-04-05,S015,6,0
2026-04-05,S015,7,3
2026-04-05,S015,8,9
2026-04-05,S015,9,9
2026-04-05,S015,10,9
2026-04-05,S015,11,13
2026-04-05,S015,12,21
2026-04-05,S015,13,21
2026-04-05,S015,14,12
2026-04-05,S015,15,25
2026-04-05,S015,16,16
2026-04-05,S015,17,17
2026-04-05,S015,18,14
2026-04-05,S015,19,11
2026-04-05,S015,20,11
2026-04-05,S015,21,5
2026-04-05,S015,22,4
2026-04-05,S015,23,2
2026-04-05,S016,5,1
2026-04-05,S016,6,10
2026-04-05,S016,7,10
2026-04-05,S016,8,9
2026-04-05,S016,9,29
2026-04-05,S016,10,24
2026-04-05,S016,11,37
2026-04-05,S016,12,44
2026-04-05,S016,13,44
2026-04-05,S016,14,36
2026-04-05,S016,15,45
2026-04-05,S016,16,38
2026-04-05,S016,17,31
2026-04-05,S016,18,31
2026-04-05,S016,19,28
2026-04-05,S016,20,20
2026-04-05,S016,21,15
2026-04-05,S016,22,14
2026-04-05,S016,23,17
2026-04-05,S017,5,6
2026-04-05,S017,6,1
2026-04-05,S017,7,4
2026-04-05,S017,8,10
2026-04-05,S017,9,6
2026-04-05,S017,10,12
2026-04-05,S017,11,9
2026-04-05,S017,12,12
2026-04-05,S017,13,22
2026-04-05,S017,14,7
2026-04-05,S017,15,10
2026-04-05,S017,16,15
2026-04-05,S017,17,12
2026-04-05,S017,18,13
2026-04-05,S017,19,7
2026-04-05,S017,20,6
2026-04-05,S017,21,6
2026-04-05,S017,22,5
2026-04-05,S017,23,2
2026-04-05,S018,5,3
2026-04-05,S018,6,2
2026-04-05,S018,7,8
2026-04-05,S018,8,3
2026-04-05,S018,9,15
2026-04-05,S018,10,16
2026-04-05,S018,11,25
2026-04-05,S018,12,30
2026-04-05,S018,13,25
2026-04-05,S018,14,20
2026-04-05,S018,15,20
2026-04-05,S018,16,16
2026-04-05,S018,17,15
2026-04-05,S018,18,17
2026-04-05,S018,19,19
2026-04-05,S018,20,5
2026-04-05,S018,21,10
2026-04-05,S018,22,8
2026-04-05,S018,23,5
2026-04-06,S001,5,9
2026-04-06,S001,6,26
2026-04-06,S001,7,49
2026-04-06,S001,8,53
2026-04-06,S001,9,38
2026-04-06,S001,10,30
2026-04-06,S001,11,27
2026-04-06,S001,12,24
2026-04-06,S001,13,36
2026-04-06,S001,14,32
2026-04-06,S001,15,39
2026-04-06,S001,16,43
2026-04-06,S001,17,34
2026-04-06,S001,18,24
2026-04-06,S001,19,25
2026-04-06,S001,20,23
2026-04-06,S001,21,13
2026-04-06,S001,22,6
2026-04-06,S001,23,3
2026-04-06,S002,5,6
2026-04-06,S002,6,17
2026-04-06,S002,7,28
2026-04-06,S002,8,42
2026-04-06,S002,9,20
2026-04-06,S002,10,20
2026-04-06,S002,11,23
2026-04-06,S002,12,19
2026-04-06,S002,13,17
2026-04-06,S002,14,20
2026-04-06,S002,15,27
2026-04-06,S002,16,31
2026-04-06,S002,17,36
2026-04-06,S002,18,24
2026-04-06,S002,19,16
2026-04-06,S002,20,9
2026-04-06,S002,21,7
2026-04-06,S002,22,9
2026-04-06,S002,23,1
2026-04-06,S003,5,4
2026-04-06,S003,6,6
2026-04-06,S003,7,16
2026-04-06,S003,8,22
2026-04-06,S003,9,13
2026-04-06,S003,10,10
2026-04-06,S003,11,9
2026-04-06,S003,12,16
2026-04-06,S003,13,14
2026-04-06,S003,14,4
2026-04-06,S003,15,25
2026-04-06,S003,16,26
2026-04-06,S003,17,26
2026-04-06,S003,18,9
2026-04-06,S003,19,8
2026-04-06,S003,20,9
2026-04-06,S003,21,7
2026-04-06,S003,22,2
2026-04-06,S003,23,2
2026-04-06,S004,5,1
2026-04-06,S004,6,8
2026-04-06,S004,7,20
2026-04-06,S004,8,20
2026-04-06,S004,9,8
2026-04-06,S004,10,6
2026-04-06,S004,11,8
2026-04-06,S004,12,10
2026-04-06,S004,13,15
2026-04-06,S004,14,11
2026-04-06,S004,15,10
2026-04-06,S004,16,13
2026-04-06,S004,17,14
2026-04-06,S004,18,18
2026-04-06,S004,19,12
2026-04-06,S004,20,1
2026-04-06,S004,21,7
2026-04-06,S004,22,2
2026-04-06,S004,23,2
2026-04-06,S005,5,9
2026-04-06,S005,6,9
2026-04-06,S005,7,19
2026-04-06,S005,8,25
2026-04-06,S005,9,15
2026-04-06,S005,10,17
2026-04-06,S005,11,9
2026-04-06,S005,12,10
2026-04-06,S005,13,14
2026-04-06,S005,14,15
2026-04-06,S005,15,18
2026-04-06,S005,16,26
2026-04-06,S005,17,24
2026-04-06,S005,18,13
2026-04-06,S005,19,11
2026-04-06,S005,20,9
2026-04-06,S005,21,9
2026-04-06,S005,22,2
2026-04-06,S005,23,4
2026-04-06,S006,5,2
2026-04-06,S006,6,7
2026-04-06,S006,7,16
2026-04-06,S006,8,10
2026-04-06,S006,9,11
2026-04-06,S006,10,11
2026-04-06,S006,11,6
2026-04-06,S006,12,9
2026-04-06,S006,13,8
2026-04-06,S006,14,6
2026-04-06,S006,15,11
2026-04-06,S006,16,17
2026-04-06,S006,17,14
2026-04-06,S006,18,10
2026-04-06,S006,19,11
2026-04-06,S006,20,5
2026-04-06,S006,21,4
2026-04-06,S006,22,3
2026-04-06,S006,23,1
2026-04-06,S007,5,1
2026-04-06,S007,6,4
2026-04-06,S007,7,14
2026-04-06,S007,8,15
2026-04-06,S007,9,6
2026-04-06,S007,10,4
2026-04-06,S007,11,9
2026-04-06,S007,12,9
2026-04-06,S007,13,6
2026-04-06,S007,14,13
2026-04-06,S007,15,8
2026-04-06,S007,16,12
2026-04-06,S007,17,11
2026-04-06,S007,18,13
2026-04-06,S007,19,4
2026-04-06,S007,20,7
2026-04-06,S007,21,2
2026-04-06,S007,22,3
2026-04-06,S007,23,0
2026-04-06,S008,5,4
2026-04-06,S008,6,10
2026-04-06,S008,7,14
2026-04-06,S008,8,17
2026-04-06,S008,9,28
2026-04-06,S008,10,7
2026-04-06,S008,11,11
2026-04-06,S008,12,11
2026-04-06,S008,13,7
2026-04-06,S008,14,11
2026-04-06,S008,15,16
2026-04-06,S008,16,16
2026-04-06,S008,17,22
2026-04-06,S008,18,18
2026-04-06,S008,19,13
2026-04-06,S008,20,10
2026-04-06,S008,21,9
2026-04-06,S008,22,3
2026-04-06,S008,23,2
2026-04-06,S009,5,2
2026-04-06,S009,6,14
2026-04-06,S009,7,30
2026-04-06,S009,8,22
2026-04-06,S009,9,17
2026-04-06,S009,10,18
2026-04-06,S009,11,17
2026-04-06,S009,12,18
2026-04-06,S009,13,19
2026-04-06,S009,14,19
2026-04-06,S009,15,25
2026-04-06,S009,16,24
2026-04-06,S009,17,35
2026-04-06,S009,18,27
2026-04-06,S009,19,18
2026-04-06,S009,20,13
2026-04-06,S009,21,9
2026-04-06,S009,22,6
2026-04-06,S009,23,2
2026-04-06,S010,5,2
2026-04-06,S010,6,8
2026-04-06,S010,7,14
2026-04-06,S010,8,14
2026-04-06,S010,9,18
2026-04-06,S010,10,9
2026-04-06,S010,11,12
2026-04-06,S010,12,6
2026-04-06,S010,13,11
2026-04-06,S010,14,13
2026-04-06,S010,15,15
2026-04-06,S010,16,11
2026-04-06,S010,17,16
2026-04-06,S010,18,9
2026-04-06,S010,19,10
2026-04-06,S010,20,5
2026-04-06,S010,21,5
2026-04-06,S010,22,3
2026-04-06,S010,23,0
2026-04-06,S011,5,0
2026-04-06,S011,6,2
2026-04-06,S011,7,8
2026-04-06,S011,8,12
2026-04-06,S011,9,11
2026-04-06,S011,10,8
2026-04-06,S011,11,6
2026-04-06,S011,12,9
2026-04-06,S011,13,9
2026-04-06,S011,14,7
2026-04-06,S011,15,10
2026-04-06,S011,16,7
2026-04-06,S011,17,8
2026-04-06,S011,18,4
2026-04-06,S011,19,3
2026-04-06,S011,20,7
2026-04-06,S011,21,1
2026-04-06,S011,22,0
2026-04-06,S011,23,0
2026-04-06,S012,5,2
2026-04-06,S012,6,11
2026-04-06,S012,7,17
2026-04-06,S012,8,25
2026-04-06,S012,9,14
2026-04-06,S012,10,7
2026-04-06,S012,11,11
2026-04-06,S012,12,11
2026-04-06,S012,13,10
2026-04-06,S012,14,8
2026-04-06,S012,15,14
2026-04-06,S012,16,19
2026-04-06,S012,17,19
2026-04-06,S012,18,10
2026-04-06,S012,19,9
2026-04-06,S012,20,9
2026-04-06,S012,21,10
2026-04-06,S012,22,5
2026-04-06,S012,23,0
2026-04-06,S013,5,11
2026-04-06,S013,6,26
2026-04-06,S013,7,59
2026-04-06,S013,8,69
2026-04-06,S013,9,34
2026-04-06,S013,10,36
2026-04-06,S013,11,35
2026-04-06,S013,12,32
2026-04-06,S013,13,31
2026-04-06,S013,14,27
2026-04-06,S013,15,48
2026-04-06,S013,16,67
2026-04-06,S013,17,65
2026-04-06,S013,18,42
2026-04-06,S013,19,32
2026-04-06,S013,20,17
2026-04-06,S013,21,10
2026-04-06,S013,22,8
2026-04-06,S013,23,6
2026-04-06,S014,5,1
2026-04-06,S014,6,11
2026-04-06,S014,7,11
2026-04-06,S014,8,17
2026-04-06,S014,9,7
2026-04-06,S014,10,5
2026-04-06,S014,11,6
2026-04-06,S014,12,6
2026-04-06,S014,13,4
2026-04-06,S014,14,4
2026-04-06,S014,15,9
2026-04-06,S014,16,13
2026-04-06,S014,17,23
2026-04-06,S014,18,7
2026-04-06,S014,19,12
2026-04-06,S014,20,3
2026-04-06,S014,21,4
2026-04-06,S014,22,5
2026-04-06,S014,23,0
2026-04-06,S015,5,2
2026-04-06,S015,6,14
2026-04-06,S015,7,16
2026-04-06,S015,8,27
2026-04-06,S015,9,18
2026-04-06,S015,10,15
2026-04-06,S015,11,12
2026-04-06,S015,12,13
2026-04-06,S015,13,14
2026-04-06,S015,14,16
2026-04-06,S015,15,20
2026-04-06,S015,16,32
2026-04-06,S015,17,22
2026-04-06,S015,18,22
2026-04-06,S015,19,18
2026-04-06,S015,20,7
2026-04-06,S015,21,5
2026-04-06,S015,22,3
2026-04-06,S015,23,1
2026-04-06,S016,5,11
2026-04-06,S016,6,39
2026-04-06,S016,7,43
2026-04-06,S016,8,44
2026-04-06,S016,9,36
2026-04-06,S016,10,15
2026-04-06,S016,11,40
2026-04-06,S016,12,38
2026-04-06,S016,13,24
2026-04-06,S016,14,32
2026-04-06,S016,15,43
2026-04-06,S016,16,57
2026-04-06,S016,17,52
2026-04-06,S016,18,35
2026-04-06,S016,19,34
2026-04-06,S016,20,19
2026-04-06,S016,21,13
2026-04-06,S016,22,11
2026-04-06,S016,23,6
2026-04-06,S017,5,4
2026-04-06,S017,6,6
2026-04-06,S017,7,12
2026-04-06,S017,8,12
2026-04-06,S017,9,11
2026-04-06,S017,10,19
2026-04-06,S017,11,13
2026-04-06,S017,12,8
2026-04-06,S017,13,10
2026-04-06,S017,14,16
2026-04-06,S017,15,15
2026-04-06,S017,16,16
2026-04-06,S017,17,15
2026-04-06,S017,18,15
2026-04-06,S017,19,11
2026-04-06,S017,20,5
2026-04-06,S017,21,3
2026-04-06,S017,22,3
2026-04-06,S017,23,2
2026-04-06,S018,5,1
2026-04-06,S018,6,9
2026-04-06,S018,7,26
2026-04-06,S018,8,33
2026-04-06,S018,9,28
2026-04-06,S018,10,15
2026-04-06,S018,11,20
2026-04-06,S018,12,18
2026-04-06,S018,13,12
2026-04-06,S018,14,20
2026-04-06,S018,15,21
2026-04-06,S018,16,24
2026-04-06,S018,17,25
2026-04-06,S018,18,20
2026-04-06,S018,19,20
2026-04-06,S018,20,14
2026-04-06,S018,21,8
2026-04-06,S018,22,4
2026-04-06,S018,23,4
2026-04-07,S001,5,8
2026-04-07,S001,6,26
2026-04-07,S001,7,36
2026-04-07,S001,8,51
2026-04-07,S001,9,35
2026-04-07,S001,10,24
2026-04-07,S001,11,29
2026-04-07,S001,12,35
2026-04-07,S001,13,32
2026-04-07,S001,14,30
2026-04-07,S001,15,27
2026-04-07,S001,16,44
2026-04-07,S001,17,42
2026-04-07,S001,18,46
2026-04-07,S001,19,26
2026-04-07,S001,20,24
2026-04-07,S001,21,14
2026-04-07,S001,22,8
2026-04-07,S001,23,6
2026-04-07,S002,5,6
2026-04-07,S002,6,26
2026-04-07,S002,7,34
2026-04-07,S002,8,29
2026-04-07,S002,9,28
2026-04-07,S002,10,26
2026-04-07,S002,11,24
2026-04-07,S002,12,21
2026-04-07,S002,13,27
2026-04-07,S002,14,26
2026-04-07,S002,15,24
2026-04-07,S002,16,33
2026-04-07,S002,17,31
2026-04-07,S002,18,21
2026-04-07,S002,19,19
2026-04-07,S002,20,13
2026-04-07,S002,21,6
2026-04-07,S002,22,5
2026-04-07,S002,23,4
2026-04-07,S003,5,3
2026-04-07,S003,6,8
2026-04-07,S003,7,26
2026-04-07,S003,8,25
2026-04-07,S003,9,20
2026-04-07,S003,10,10
2026-04-07,S003,11,10
2026-04-07,S003,12,18
2026-04-07,S003,13,12
2026-04-07,S003,14,13
2026-04-07,S003,15,14
2026-04-07,S003,16,21
2026-04-07,S003,17,21
2026-04-07,S003,18,15
2026-04-07,S003,19,8
2026-04-07,S003,20,6
2026-04-07,S003,21,5
2026-04-07,S003,22,3
2026-04-07,S003,23,3
2026-04-07,S004,5,3
2026-04-07,S004,6,6
2026-04-07,S004,7,18
2026-04-07,S004,8,23
2026-04-07,S004,9,10
2026-04-07,S004,10,11
2026-04-07,S004,11,6
2026-04-07,S004,12,6
2026-04-07,S004,13,8
2026-04-07,S004,14,14
2026-04-07,S004,15,10
2026-04-07,S004,16,13
2026-04-07,S004,17,13
2026-04-07,S004,18,8
2026-04-07,S004,19,9
2026-04-07,S004,20,5
2026-04-07,S004,21,6
2026-04-07,S004,22,2
2026-04-07,S004,23,1
2026-04-07,S005,5,4
2026-04-07,S005,6,9
2026-04-07,S005,7,21
2026-04-07,S005,8,34
2026-04-07,S005,9,26
2026-04-07,S005,10,9
2026-04-07,S005,11,20
2026-04-07,S005,12,9
2026-04-07,S005,13,13
2026-04-07,S005,14,18
2026-04-07,S005,15,18
2026-04-07,S005,16,22
2026-04-07,S005,17,21
2026-04-07,S005,18,23
2026-04-07,S005,19,7
2026-04-07,S005,20,6
2026-04-07,S005,21,5
2026-04-07,S005,22,4
2026-04-07,S005,23,3
2026-04-07,S006,5,3
2026-04-07,S006,6,8
2026-04-07,S006,7,9
2026-04-07,S006,8,18
2026-04-07,S006,9,13
2026-04-07,S006,10,6
2026-04-07,S006,11,10
2026-04-07,S006,12,4
2026-04-07,S006,13,9
2026-04-07,S006,14,4
2026-04-07,S006,15,14
2026-04-07,S006,16,14
2026-04-07,S006,17,14
2026-04-07,S006,18,14
2026-04-07,S006,19,5
2026-04-07,S006,20,2
2026-04-07,S006,21,3
2026-04-07,S006,22,4
2026-04-07,S006,23,2
2026-04-07,S007,5,3
2026-04-07,S007,6,6
2026-04-07,S007,7,12
2026-04-07,S007,8,12
2026-04-07,S007,9,13
2026-04-07,S007,10,5
2026-04-07,S007,11,4
2026-04-07,S007,12,5
2026-04-07,S007,13,5
2026-04-07,S007,14,14
2026-04-07,S007,15,5
2026-04-07,S007,16,11
2026-04-07,S007,17,12
2026-04-07,S007,18,16
2026-04-07,S007,19,2
2026-04-07,S007,20,2
2026-04-07,S007,21,3
2026-04-07,S007,22,3
2026-04-07,S007,23,0
2026-04-07,S008,5,3
2026-04-07,S008,6,15
2026-04-07,S008,7,12
2026-04-07,S008,8,26
2026-04-07,S008,9,14
2026-04-07,S008,10,12
2026-04-07,S008,11,21
2026-04-07,S008,12,9
2026-04-07,S008,13,16
2026-04-07,S008,14,15
2026-04-07,S008,15,11
2026-04-07,S008,16,15
2026-04-07,S008,17,22
2026-04-07,S008,18,28
2026-04-07,S008,19,10
2026-04-07,S008,20,11
2026-04-07,S008,21,2
2026-04-07,S008,22,5
2026-04-07,S008,23,3
2026-04-07,S009,5,5
2026-04-07,S009,6,10
2026-04-07,S009,7,18
2026-04-07,S009,8,31
2026-04-07,S009,9,24
2026-04-07,S009,10,25
2026-04-07,S009,11,20
2026-04-07,S009,12,14
2026-04-07,S009,13,22
2026-04-07,S009,14,15
2026-04-07,S009,15,18
2026-04-07,S009,16,24
2026-04-07,S009,17,37
2026-04-07,S009,18,14
2026-04-07,S009,19,17
2026-04-07,S009,20,16
2026-04-07,S009,21,14
2026-04-07,S009,22,6
2026-04-07,S009,23,1
2026-04-07,S010,5,2
2026-04-07,S010,6,6
2026-04-07,S010,7,17
2026-04-07,S010,8,15
2026-04-07,S010,9,8
2026-04-07,S010,10,11
2026-04-07,S010,11,6
2026-04-07,S010,12,10
2026-04-07,S010,13,10
2026-04-07,S010,14,16
2026-04-07,S010,15,11
2026-04-07,S010,16,23
2026-04-07,S010,17,15
2026-04-07,S010,18,19
2026-04-07,S010,19,12
2026-04-07,S010,20,10
2026-04-07,S010,21,3
2026-04-07,S010,22,1
2026-04-07,S010,23,4
2026-04-07,S011,5,1
2026-04-07,S011,6,3
2026-04-07,S011,7,10
2026-04-07,S011,8,13
2026-04-07,S011,9,11
2026-04-07,S011,10,4
2026-04-07,S011,11,5
2026-04-07,S011,12,11
2026-04-07,S011,13,6
2026-04-07,S011,14,5
2026-04-07,S011,15,6
2026-04-07,S011,16,12
2026-04-07,S011,17,9
2026-04-07,S011,18,5
2026-04-07,S011,19,4
2026-04-07,S011,20,1
2026-04-07,S011,21,1
2026-04-07,S011,22,2
2026-04-07,S011,23,0
2026-04-07,S012,5,6
2026-04-07,S012,6,15
2026-04-07,S012,7,22
2026-04-07,S012,8,14
2026-04-07,S012,9,11
2026-04-07,S012,10,17
2026-04-07,S012,11,12
2026-04-07,S012,12,13
2026-04-07,S012,13,7
2026-04-07,S012,14,9
2026-04-07,S012,15,16
2026-04-07,S012,16,12
2026-04-07,S012,17,17
2026-04-07,S012,18,16
2026-04-07,S012,19,8
2026-04-07,S012,20,10
2026-04-07,S012,21,9
2026-04-07,S012,22,5
2026-04-07,S012,23,0
2026-04-07,S013,5,10
2026-04-07,S013,6,35
2026-04-07,S013,7,53
2026-04-07,S013,8,57
2026-04-07,S013,9,52
2026-04-07,S013,10,38
2026-04-07,S013,11,36
2026-04-07,S013,12,32
2026-04-07,S013,13,31
2026-04-07,S013,14,39
2026-04-07,S013,15,38
2026-04-07,S013,16,53
2026-04-07,S013,17,65
2026-04-07,S013,18,50
2026-04-07,S013,19,32
2026-04-07,S013,20,15
2026-04-07,S013,21,24
2026-04-07,S013,22,11
2026-04-07,S013,23,4
2026-04-07,S014,5,1
2026-04-07,S014,6,9
2026-04-07,S014,7,12
2026-04-07,S014,8,10
2026-04-07,S014,9,6
2026-04-07,S014,10,6
2026-04-07,S014,11,5
2026-04-07,S014,12,11
2026-04-07,S014,13,10
2026-04-07,S014,14,3
2026-04-07,S014,15,9
2026-04-07,S014,16,11
2026-04-07,S014,17,15
2026-04-07,S014,18,12
2026-04-07,S014,19,9
2026-04-07,S014,20,4
2026-04-07,S014,21,1
2026-04-07,S014,22,0
2026-04-07,S014,23,0
2026-04-07,S015,5,4
2026-04-07,S015,6,12
2026-04-07,S015,7,19
2026-04-07,S015,8,19
2026-04-07,S015,9,22
2026-04-07,S015,10,10
2026-04-07,S015,11,14
2026-04-07,S015,12,10
2026-04-07,S015,13,11
2026-04-07,S015,14,13
2026-04-07,S015,15,12
2026-04-07,S015,16,21
2026-04-07,S015,17,26
2026-04-07,S015,18,14
2026-04-07,S015,19,17
2026-04-07,S015,20,14
2026-04-07,S015,21,7
2026-04-07,S015,22,0
2026-04-07,S015,23,1
2026-04-07,S016,5,9
2026-04-07,S016,6,25
2026-04-07,S016,7,44
2026-04-07,S016,8,48
2026-04-07,S016,9,27
2026-04-07,S016,10,39
2026-04-07,S016,11,25
2026-04-07,S016,12,40
2026-04-07,S016,13,36
2026-04-07,S016,14,33
2026-04-07,S016,15,37
2026-04-07,S016,16,52
2026-04-07,S016,17,58
2026-04-07,S016,18,51
2026-04-07,S016,19,32
2026-04-07,S016,20,18
2026-04-07,S016,21,12
2026-04-07,S016,22,12
2026-04-07,S016,23,5
2026-04-07,S017,5,4
2026-04-07,S017,6,11
2026-04-07,S017,7,16
2026-04-07,S017,8,15
2026-04-07,S017,9,10
2026-04-07,S017,10,15
2026-04-07,S017,11,14
2026-04-07,S017,12,15
2026-04-07,S017,13,11
2026-04-07,S017,14,8
2026-04-07,S017,15,15
2026-04-07,S017,16,12
2026-04-07,S017,17,17
2026-04-07,S017,18,20
2026-04-07,S017,19,8
2026-04-07,S017,20,4
2026-04-07,S017,21,5
2026-04-07,S017,22,5
2026-04-07,S017,23,3
2026-04-07,S018,5,7
2026-04-07,S018,6,9
2026-04-07,S018,7,28
2026-04-07,S018,8,17
2026-04-07,S018,9,19
2026-04-07,S018,10,13
2026-04-07,S018,11,17
2026-04-07,S018,12,18
2026-04-07,S018,13,12
2026-04-07,S018,14,14
2026-04-07,S018,15,20
2026-04-07,S018,16,21
2026-04-07,S018,17,28
2026-04-07,S018,18,20
2026-04-07,S018,19,12
2026-04-07,S018,20,9
2026-04-07,S018,21,5
2026-04-07,S018,22,7
2026-04-07,S018,23,5
2026-04-08,S001,5,10
2026-04-08,S001,6,27
2026-04-08,S001,7,47
2026-04-08,S001,8,53
2026-04-08,S001,9,47
2026-04-08,S001,10,26
2026-04-08,S001,11,24
2026-04-08,S001,12,20
2026-04-08,S001,13,28
2026-04-08,S001,14,33
2026-04-08,S001,15,35
2026-04-08,S001,16,26
2026-04-08,S001,17,46
2026-04-08,S001,18,40
2026-04-08,S001,19,27
2026-04-08,S001,20,24
2026-04-08,S001,21,14
2026-04-08,S001,22,9
2026-04-08,S001,23,6
2026-04-08,S002,5,9
2026-04-08,S002,6,20
2026-04-08,S002,7,19
2026-04-08,S002,8,31
2026-04-08,S002,9,25
2026-04-08,S002,10,23
2026-04-08,S002,11,16
2026-04-08,S002,12,19
2026-04-08,S002,13,22
2026-04-08,S002,14,23
2026-04-08,S002,15,31
2026-04-08,S002,16,31
2026-04-08,S002,17,31
2026-04-08,S002,18,33
2026-04-08,S002,19,13
2026-04-08,S002,20,9
2026-04-08,S002,21,11
2026-04-08,S002,22,7
2026-04-08,S002,23,2
2026-04-08,S003,5,2
2026-04-08,S003,6,10
2026-04-08,S003,7,17
2026-04-08,S003,8,26
2026-04-08,S003,9,12
2026-04-08,S003,10,12
2026-04-08,S003,11,18
2026-04-08,S003,12,10
2026-04-08,S003,13,16
2026-04-08,S003,14,12
2026-04-08,S003,15,12
2026-04-08,S003,16,18
2026-04-08,S003,17,19
2026-04-08,S003,18,12
2026-04-08,S003,19,9
2026-04-08,S003,20,4
2026-04-08,S003,21,7
2026-04-08,S003,22,1
2026-04-08,S003,23,4
2026-04-08,S004,5,3
2026-04-08,S004,6,7
2026-04-08,S004,7,25
2026-04-08,S004,8,20
2026-04-08,S004,9,14
2026-04-08,S004,10,4
2026-04-08,S004,11,8
2026-04-08,S004,12,9
2026-04-08,S004,13,10
2026-04-08,S004,14,4
2026-04-08,S004,15,14
2026-04-08,S004,16,15
2026-04-08,S004,17,16
2026-04-08,S004,18,13
2026-04-08,S004,19,12
2026-04-08,S004,20,4
2026-04-08,S004,21,6
2026-04-08,S004,22,2
2026-04-08,S004,23,0
2026-04-08,S005,5,2
2026-04-08,S005,6,10
2026-04-08,S005,7,29
2026-04-08,S005,8,26
2026-04-08,S005,9,22
2026-04-08,S005,10,11
2026-04-08,S005,11,14
2026-04-08,S005,12,18
2026-04-08,S005,13,16
2026-04-08,S005,14,13
2026-04-08,S005,15,13
2026-04-08,S005,16,21
2026-04-08,S005,17,27
2026-04-08,S005,18,26
2026-04-08,S005,19,13
2026-04-08,S005,20,8
2026-04-08,S005,21,9
2026-04-08,S005,22,2
2026-04-08,S005,23,0
2026-04-08,S006,5,3
2026-04-08,S006,6,9
2026-04-08,S006,7,17
2026-04-08,S006,8,25
2026-04-08,S006,9,6
2026-04-08,S006,10,9
2026-04-08,S006,11,5
2026-04-08,S006,12,10
2026-04-08,S006,13,7
2026-04-08,S006,14,6
2026-04-08,S006,15,17
2026-04-08,S006,16,19
2026-04-08,S006,17,14
2026-04-08,S006,18,10
2026-04-08,S006,19,5
2026-04-08,S006,20,4
2026-04-08,S006,21,4
2026-04-08,S006,22,1
2026-04-08,S006,23,1
2026-04-08,S007,5,2
2026-04-08,S007,6,8
2026-04-08,S007,7,12
2026-04-08,S007,8,12
2026-04-08,S007,9,6
2026-04-08,S007,10,7
2026-04-08,S007,11,11
2026-04-08,S007,12,5
2026-04-08,S007,13,8
2026-04-08,S007,14,5
2026-04-08,S007,15,7
2026-04-08,S007,16,10
2026-04-08,S007,17,9
2026-04-08,S007,18,14
2026-04-08,S007,19,6
2026-04-08,S007,20,3
2026-04-08,S007,21,3
2026-04-08,S007,22,2
2026-04-08,S007,23,3
2026-04-08,S008,5,2
2026-04-08,S008,6,10
2026-04-08,S008,7,18
2026-04-08,S008,8,16
2026-04-08,S008,9,10
2026-04-08,S008,10,11
2026-04-08,S008,11,12
2026-04-08,S008,12,19
2026-04-08,S008,13,12
2026-04-08,S008,14,15
2026-04-08,S008,15,6
2026-04-08,S008,16,21
2026-04-08,S008,17,25
2026-04-08,S008,18,15
2026-04-08,S008,19,15
2026-04-08,S008,20,3
2026-04-08,S008,21,5
2026-04-08,S008,22,5
2026-04-08,S008,23,1
2026-04-08,S009,5,3
2026-04-08,S009,6,13
2026-04-08,S009,7,28
2026-04-08,S009,8,33
2026-04-08,S009,9,18
2026-04-08,S009,10,11
2026-04-08,S009,11,18
2026-04-08,S009,12,17
2026-04-08,S009,13,14
2026-04-08,S009,14,21
2026-04-08,S009,15,24
2026-04-08,S009,16,21
2026-04-08,S009,17,25
2026-04-08,S009,18,27
2026-04-08,S009,19,15
2026-04-08,S009,20,12
2026-04-08,S009,21,7
2026-04-08,S009,22,4
2026-04-08,S009,23,2
2026-04-08,S010,5,2
2026-04-08,S010,6,8
2026-04-08,S010,7,18
2026-04-08,S010,8,21
2026-04-08,S010,9,19
2026-04-08,S010,10,10
2026-04-08,S010,11,9
2026-04-08,S010,12,12
2026-04-08,S010,13,7
2026-04-08,S010,14,12
2026-04-08,S010,15,7
2026-04-08,S010,16,21
2026-04-08,S010,17,13
2026-04-08,S010,18,12
2026-04-08,S010,19,6
2026-04-08,S010,20,6
2026-04-08,S010,21,3
2026-04-08,S010,22,3
2026-04-08,S010,23,2
2026-04-08,S011,5,0
2026-04-08,S011,6,2
2026-04-08,S011,7,9
2026-04-08,S011,8,10
2026-04-08,S011,9,6
2026-04-08,S011,10,7
2026-04-08,S011,11,5
2026-04-08,S011,12,4
2026-04-08,S011,13,6
2026-04-08,S011,14,9
2026-04-08,S011,15,7
2026-04-08,S011,16,6
2026-04-08,S011,17,14
2026-04-08,S011,18,13
2026-04-08,S011,19,7
2026-04-08,S011,20,5
2026-04-08,S011,21,1
2026-04-08,S011,22,2
2026-04-08,S011,23,0
2026-04-08,S012,5,2
2026-04-08,S012,6,14
2026-04-08,S012,7,19
2026-04-08,S012,8,19
2026-04-08,S012,9,17
2026-04-08,S012,10,16
2026-04-08,S012,11,12
2026-04-08,S012,12,11
2026-04-08,S012,13,11
2026-04-08,S012,14,15
2026-04-08,S012,15,12
2026-04-08,S012,16,17
2026-04-08,S012,17,13
2026-04-08,S012,18,26
2026-04-08,S012,19,13
2026-04-08,S012,20,7
2026-04-08,S012,21,4
2026-04-08,S012,22,3
2026-04-08,S012,23,0
2026-04-08,S013,5,11
2026-04-08,S013,6,32
2026-04-08,S013,7,58
2026-04-08,S013,8,56
2026-04-08,S013,9,41
2026-04-08,S013,10,30
2026-04-08,S013,11,30
2026-04-08,S013,12,34
2026-04-08,S013,13,22
2026-04-08,S013,14,24
2026-04-08,S013,15,37
2026-04-08,S013,16,51
2026-04-08,S013,17,62
2026-04-08,S013,18,35
2026-04-08,S013,19,27
2026-04-08,S013,20,13
2026-04-08,S013,21,19
2026-04-08,S013,22,7
2026-04-08,S013,23,2
2026-04-08,S014,5,3
2026-04-08,S014,6,9
2026-04-08,S014,7,12
2026-04-08,S014,8,16
2026-04-08,S014,9,10
2026-04-08,S014,10,5
2026-04-08,S014,11,8
2026-04-08,S014,12,3
2026-04-08,S014,13,5
2026-04-08,S014,14,8
2026-04-08,S014,15,8
2026-04-08,S014,16,12
2026-04-08,S014,17,10
2026-04-08,S014,18,9
2026-04-08,S014,19,10
2026-04-08,S014,20,3
2026-04-08,S014,21,0
2026-04-08,S014,22,3
2026-04-08,S014,23,1
2026-04-08,S015,5,4
2026-04-08,S015,6,19
2026-04-08,S015,7,26
2026-04-08,S015,8,20
2026-04-08,S015,9,16
2026-04-08,S015,10,14
2026-04-08,S015,11,13
2026-04-08,S015,12,11
2026-04-08,S015,13,15
2026-04-08,S015,14,17
2026-04-08,S015,15,22
2026-04-08,S015,16,16
2026-04-08,S015,17,25
2026-04-08,S015,18,15
2026-04-08,S015,19,11
2026-04-08,S015,20,5
2026-04-08,S015,21,5
2026-04-08,S015,22,3
2026-04-08,S015,23,1
2026-04-08,S016,5,11
2026-04-08,S016,6,38
2026-04-08,S016,7,59
2026-04-08,S016,8,59
2026-04-08,S016,9,49
2026-04-08,S016,10,27
2026-04-08,S016,11,27
2026-04-08,S016,12,31
2026-04-08,S016,13,33
2026-04-08,S016,14,37
2026-04-08,S016,15,53
2026-04-08,S016,16,44
2026-04-08,S016,17,59
2026-04-08,S016,18,45
2026-04-08,S016,19,36
2026-04-08,S016,20,22
2026-04-08,S016,21,15
2026-04-08,S016,22,12
2026-04-08,S016,23,6
2026-04-08,S017,5,3
2026-04-08,S017,6,13
2026-04-08,S017,7,11
2026-04-08,S017,8,13
2026-04-08,S017,9,12
2026-04-08,S017,10,13
2026-04-08,S017,11,12
2026-04-08,S017,12,21
2026-04-08,S017,13,11
2026-04-08,S017,14,11
2026-04-08,S017,15,12
2026-04-08,S017,16,13
2026-04-08,S017,17,20
2026-04-08,S017,18,10
2026-04-08,S017,19,13
2026-04-08,S017,20,8
2026-04-08,S017,21,6
2026-04-08,S017,22,4
2026-04-08,S017,23,1
2026-04-08,S018,5,5
2026-04-08,S018,6,8
2026-04-08,S018,7,32
2026-04-08,S018,8,28
2026-04-08,S018,9,19
2026-04-08,S018,10,19
2026-04-08,S018,11,11
2026-04-08,S018,12,20
2026-04-08,S018,13,20
2026-04-08,S018,14,19
2026-04-08,S018,15,17
2026-04-08,S018,16,22
2026-04-08,S018,17,36
2026-04-08,S018,18,28
2026-04-08,S018,19,12
2026-04-08,S018,20,14
2026-04-08,S018,21,7
2026-04-08,S018,22,7
2026-04-08,S018,23,0
2026-04-09,S001,5,7
2026-04-09,S001,6,30
2026-04-09,S001,7,45
2026-04-09,S001,8,42
2026-04-09,S001,9,47
2026-04-09,S001,10,23
2026-04-09,S001,11,25
2026-04-09,S001,12,27
2026-04-09,S001,13,29
2026-04-09,S001,14,24
2026-04-09,S001,15,40
2026-04-09,S001,16,38
2026-04-09,S001,17,36
2026-04-09,S001,18,25
2026-04-09,S001,19,21
2026-04-09,S001,20,17
2026-04-09,S001,21,12
2026-04-09,S001,22,12
2026-04-09,S001,23,6
2026-04-09,S002,5,5
2026-04-09,S002,6,21
2026-04-09,S002,7,32
2026-04-09,S002,8,38
2026-04-09,S002,9,26
2026-04-09,S002,10,16
2026-04-09,S002,11,25
2026-04-09,S002,12,21
2026-04-09,S002,13,24
2026-04-09,S002,14,18
2026-04-09,S002,15,23
2026-04-09,S002,16,16
2026-04-09,S002,17,36
2026-04-09,S002,18,28
2026-04-09,S002,19,21
2026-04-09,S002,20,11
2026-04-09,S002,21,8
2026-04-09,S002,22,6
2026-04-09,S002,23,1
2026-04-09,S003,5,3
2026-04-09,S003,6,9
2026-04-09,S003,7,16
2026-04-09,S003,8,19
2026-04-09,S003,9,15
2026-04-09,S003,10,9
2026-04-09,S003,11,14
2026-04-09,S003,12,15
2026-04-09,S003,13,7
2026-04-09,S003,14,8
2026-04-09,S003,15,9
2026-04-09,S003,16,19
2026-04-09,S003,17,18
2026-04-09,S003,18,14
2026-04-09,S003,19,10
2026-04-09,S003,20,10
2026-04-09,S003,21,7
2026-04-09,S003,22,1
2026-04-09,S003,23,0
2026-04-09,S004,5,5
2026-04-09,S004,6,9
2026-04-09,S004,7,24
2026-04-09,S004,8,21
2026-04-09,S004,9,11
2026-04-09,S004,10,16
2026-04-09,S004,11,16
2026-04-09,S004,12,7
2026-04-09,S004,13,15
2026-04-09,S004,14,11
2026-04-09,S004,15,11
2026-04-09,S004,16,16
2026-04-09,S004,17,11
2026-04-09,S004,18,12
2026-04-09,S004,19,12
2026-04-09,S004,20,5
2026-04-09,S004,21,4
2026-04-09,S004,22,5
2026-04-09,S004,23,1
2026-04-09,S005,5,3
2026-04-09,S005,6,11
2026-04-09,S005,7,20
2026-04-09,S005,8,31
2026-04-09,S005,9,17
2026-04-09,S005,10,15
2026-04-09,S005,11,9
2026-04-09,S005,12,13
2026-04-09,S005,13,16
2026-04-09,S005,14,4
2026-04-09,S005,15,22
2026-04-09,S005,16,29
2026-04-09,S005,17,23
2026-04-09,S005,18,17
2026-04-09,S005,19,13
2026-04-09,S005,20,12
2026-04-09,S005,21,13
2026-04-09,S005,22,5
2026-04-09,S005,23,1
2026-04-09,S006,5,3
2026-04-09,S006,6,9
2026-04-09,S006,7,14
2026-04-09,S006,8,19
2026-04-09,S006,9,4
2026-04-09,S006,10,4
2026-04-09,S006,11,3
2026-04-09,S006,12,9
2026-04-09,S006,13,12
2026-04-09,S006,14,4
2026-04-09,S006,15,11
2026-04-09,S006,16,13
2026-04-09,S006,17,21
2026-04-09,S006,18,8
2026-04-09,S006,19,8
2026-04-09,S006,20,5
2026-04-09,S006,21,3
2026-04-09,S006,22,2
2026-04-09,S006,23,1
2026-04-09,S007,5,2
2026-04-09,S007,6,8
2026-04-09,S007,7,9
2026-04-09,S007,8,13
2026-04-09,S007,9,10
2026-04-09,S007,10,9
2026-04-09,S007,11,8
2026-04-09,S007,12,7
2026-04-09,S007,13,6
2026-04-09,S007,14,16
2026-04-09,S007,15,10
2026-04-09,S007,16,16
2026-04-09,S007,17,6
2026-04-09,S007,18,9
2026-04-09,S007,19,11
2026-04-09,S007,20,3
2026-04-09,S007,21,5
2026-04-09,S007,22,4
2026-04-09,S007,23,3
2026-04-09,S008,5,4
2026-04-09,S008,6,8
2026-04-09,S008,7,15
2026-04-09,S008,8,25
2026-04-09,S008,9,20
2026-04-09,S008,10,13
2026-04-09,S008,11,20
2026-04-09,S008,12,16
2026-04-09,S008,13,9
2026-04-09,S008,14,15
2026-04-09,S008,15,10
2026-04-09,S008,16,17
2026-04-09,S008,17,31
2026-04-09,S008,18,18
2026-04-09,S008,19,13
2026-04-09,S008,20,9
2026-04-09,S008,21,7
2026-04-09,S008,22,3
2026-04-09,S008,23,2
2026-04-09,S009,5,3
2026-04-09,S009,6,12
2026-04-09,S009,7,24
2026-04-09,S009,8,37
2026-04-09,S009,9,32
2026-04-09,S009,10,14
2026-04-09,S009,11,26
2026-04-09,S009,12,12
2026-04-09,S009,13,16
2026-04-09,S009,14,24
2026-04-09,S009,15,19
2026-04-09,S009,16,23
2026-04-09,S009,17,28
2026-04-09,S009,18,21
2026-04-09,S009,19,20
2026-04-09,S009,20,10
2026-04-09,S009,21,9
2026-04-09,S009,22,3
2026-04-09,S009,23,5
2026-04-09,S010,5,2
2026-04-09,S010,6,6
2026-04-09,S010,7,16
2026-04-09,S010,8,19
2026-04-09,S010,9,18
2026-04-09,S010,10,15
2026-04-09,S010,11,5
2026-04-09,S010,12,13
2026-04-09,S010,13,14
2026-04-09,S010,14,11
2026-04-09,S010,15,15
2026-04-09,S010,16,15
2026-04-09,S010,17,12
2026-04-09,S010,18,12
2026-04-09,S010,19,4
2026-04-09,S010,20,9
2026-04-09,S010,21,4
2026-04-09,S010,22,5
2026-04-09,S010,23,1
2026-04-09,S011,5,4
2026-04-09,S011,6,4
2026-04-09,S011,7,12
2026-04-09,S011,8,14
2026-04-09,S011,9,13
2026-04-09,S011,10,11
2026-04-09,S011,11,4
2026-04-09,S011,12,8
2026-04-09,S011,13,3
2026-04-09,S011,14,15
2026-04-09,S011,15,7
2026-04-09,S011,16,9
2026-04-09,S011,17,5
2026-04-09,S011,18,8
2026-04-09,S011,19,8
2026-04-09,S011,20,3
2026-04-09,S011,21,4
2026-04-09,S011,22,1
2026-04-09,S011,23,0
2026-04-09,S012,5,4
2026-04-09,S012,6,8
2026-04-09,S012,7,21
2026-04-09,S012,8,18
2026-04-09,S012,9,16
2026-04-09,S012,10,16
2026-04-09,S012,11,8
2026-04-09,S012,12,12
2026-04-09,S012,13,9
2026-04-09,S012,14,11
2026-04-09,S012,15,18
2026-04-09,S012,16,18
2026-04-09,S012,17,21
2026-04-09,S012,18,17
2026-04-09,S012,19,9
2026-04-09,S012,20,7
2026-04-09,S012,21,3
2026-04-09,S012,22,7
2026-04-09,S012,23,2
2026-04-09,S013,5,11
2026-04-09,S013,6,25
2026-04-09,S013,7,52
2026-04-09,S013,8,67
2026-04-09,S013,9,45
2026-04-09,S013,10,33
2026-04-09,S013,11,30
2026-04-09,S013,12,39
2026-04-09,S013,13,35
2026-04-09,S013,14,44
2026-04-09,S013,15,47
2026-04-09,S013,16,60
2026-04-09,S013,17,40
2026-04-09,S013,18,45
2026-04-09,S013,19,30
2026-04-09,S013,20,26
2026-04-09,S013,21,14
2026-04-09,S013,22,6
2026-04-09,S013,23,3
2026-04-09,S014,5,2
2026-04-09,S014,6,9
2026-04-09,S014,7,9
2026-04-09,S014,8,8
2026-04-09,S014,9,5
2026-04-09,S014,10,9
2026-04-09,S014,11,8
2026-04-09,S014,12,4
2026-04-09,S014,13,10
2026-04-09,S014,14,6
2026-04-09,S014,15,13
2026-04-09,S014,16,7
2026-04-09,S014,17,14
2026-04-09,S014,18,10
2026-04-09,S014,19,13
2026-04-09,S014,20,4
2026-04-09,S014,21,4
2026-04-09,S014,22,2
2026-04-09,S014,23,1
2026-04-09,S015,5,6
2026-04-09,S015,6,14
2026-04-09,S015,7,24
2026-04-09,S015,8,21
2026-04-09,S015,9,22
2026-04-09,S015,10,22
2026-04-09,S015,11,10
2026-04-09,S015,12,7
2026-04-09,S015,13,21
2026-04-09,S015,14,19
2026-04-09,S015,15,18
2026-04-09,S015,16,22
2026-04-09,S015,17,20
2026-04-09,S015,18,16
2026-04-09,S015,19,5
2026-04-09,S015,20,5
2026-04-09,S015,21,6
2026-04-09,S015,22,4
2026-04-09,S015,23,0
2026-04-09,S016,5,9
2026-04-09,S016,6,24
2026-04-09,S016,7,56
2026-04-09,S016,8,52
2026-04-09,S016,9,46
2026-04-09,S016,10,21
2026-04-09,S016,11,32
2026-04-09,S016,12,22
2026-04-09,S016,13,25
2026-04-09,S016,14,36
2026-04-09,S016,15,44
2026-04-09,S016,16,51
2026-04-09,S016,17,59
2026-04-09,S016,18,39
2026-04-09,S016,19,30
2026-04-09,S016,20,17
2026-04-09,S016,21,8
2026-04-09,S016,22,7
2026-04-09,S016,23,2
2026-04-09,S017,5,6
2026-04-09,S017,6,6
2026-04-09,S017,7,16
2026-04-09,S017,8,19
2026-04-09,S017,9,16
2026-04-09,S017,10,12
2026-04-09,S017,11,8
2026-04-09,S017,12,13
2026-04-09,S017,13,5
2026-04-09,S017,14,11
2026-04-09,S017,15,13
2026-04-09,S017,16,18
2026-04-09,S017,17,17
2026-04-09,S017,18,16
2026-04-09,S017,19,6
2026-04-09,S017,20,5
2026-04-09,S017,21,4
2026-04-09,S017,22,5
2026-04-09,S017,23,0
2026-04-09,S018,5,4
2026-04-09,S018,6,14
2026-04-09,S018,7,21
2026-04-09,S018,8,19
2026-04-09,S018,9,18
2026-04-09,S018,10,13
2026-04-09,S018,11,20
2026-04-09,S018,12,16
2026-04-09,S018,13,20
2026-04-09,S018,14,17
2026-04-09,S018,15,14
2026-04-09,S018,16,26
2026-04-09,S018,17,27
2026-04-09,S018,18,18
2026-04-09,S018,19,14
2026-04-09,S018,20,14
2026-04-09,S018,21,5
2026-04-09,S018,22,4
2026-04-09,S018,23,3
2026-04-10,S001,5,5
2026-04-10,S001,6,18
2026-04-10,S001,7,45
2026-04-10,S001,8,50
2026-04-10,S001,9,29
2026-04-10,S001,10,19
2026-04-10,S001,11,16
2026-04-10,S001,12,30
2026-04-10,S001,13,29
2026-04-10,S001,14,28
2026-04-10,S001,15,40
2026-04-10,S001,16,41
2026-04-10,S001,17,45
2026-04-10,S001,18,31
2026-04-10,S001,19,23
2026-04-10,S001,20,14
2026-04-10,S001,21,17
2026-04-10,S001,22,12
2026-04-10,S001,23,3
2026-04-10,S002,5,3
2026-04-10,S002,6,18
2026-04-10,S002,7,48
2026-04-10,S002,8,29
2026-04-10,S002,9,21
2026-04-10,S002,10,17
2026-04-10,S002,11,17
2026-04-10,S002,12,14
2026-04-10,S002,13,25
2026-04-10,S002,14,17
2026-04-10,S002,15,25
2026-04-10,S002,16,29
2026-04-10,S002,17,37
2026-04-10,S002,18,22
2026-04-10,S002,19,19
2026-04-10,S002,20,15
2026-04-10,S002,21,13
2026-04-10,S002,22,7
2026-04-10,S002,23,5
2026-04-10,S003,5,4
2026-04-10,S003,6,4
2026-04-10,S003,7,22
2026-04-10,S003,8,23
2026-04-10,S003,9,16
2026-04-10,S003,10,13
2026-04-10,S003,11,18
2026-04-10,S003,12,10
2026-04-10,S003,13,10
2026-04-10,S003,14,11
2026-04-10,S003,15,15
2026-04-10,S003,16,16
2026-04-10,S003,17,24
2026-04-10,S003,18,13
2026-04-10,S003,19,16
2026-04-10,S003,20,10
2026-04-10,S003,21,3
2026-04-10,S003,22,3
2026-04-10,S003,23,4
2026-04-10,S004,5,1
2026-04-10,S004,6,10
2026-04-10,S004,7,14
2026-04-10,S004,8,18
2026-04-10,S004,9,11
2026-04-10,S004,10,14
2026-04-10,S004,11,5
2026-04-10,S004,12,9
2026-04-10,S004,13,7
2026-04-10,S004,14,15
2026-04-10,S004,15,8
2026-04-10,S004,16,15
2026-04-10,S004,17,19
2026-04-10,S004,18,15
2026-04-10,S004,19,5
2026-04-10,S004,20,5
2026-04-10,S004,21,1
2026-04-10,S004,22,4
2026-04-10,S004,23,1
2026-04-10,S005,5,1
2026-04-10,S005,6,19
2026-04-10,S005,7,19
2026-04-10,S005,8,22
2026-04-10,S005,9,13
2026-04-10,S005,10,10
2026-04-10,S005,11,9
2026-04-10,S005,12,13
2026-04-10,S005,13,18
2026-04-10,S005,14,11
2026-04-10,S005,15,13
2026-04-10,S005,16,29
2026-04-10,S005,17,28
2026-04-10,S005,18,24
2026-04-10,S005,19,19
2026-04-10,S005,20,9
2026-04-10,S005,21,2
2026-04-10,S005,22,3
2026-04-10,S005,23,1
2026-04-10,S006,5,3
2026-04-10,S006,6,7
2026-04-10,S006,7,10
2026-04-10,S006,8,16
2026-04-10,S006,9,8
2026-04-10,S006,10,10
2026-04-10,S006,11,11
2026-04-10,S006,12,5
2026-04-10,S006,13,6
2026-04-10,S006,14,6
2026-04-10,S006,15,6
2026-04-10,S006,16,8
2026-04-10,S006,17,20
2026-04-10,S006,18,14
2026-04-10,S006,19,1
2026-04-10,S006,20,4
2026-04-10,S006,21,4
2026-04-10,S006,22,2
2026-04-10,S006,23,2
2026-04-10,S007,5,0
2026-04-10,S007,6,8
2026-04-10,S007,7,17
2026-04-10,S007,8,13
2026-04-10,S007,9,7
2026-04-10,S007,10,6
2026-04-10,S007,11,13
2026-04-10,S007,12,9
2026-04-10,S007,13,9
2026-04-10,S007,14,7
2026-04-10,S007,15,9
2026-04-10,S007,16,7
2026-04-10,S007,17,6
2026-04-10,S007,18,9
2026-04-10,S007,19,8
2026-04-10,S007,20,5
2026-04-10,S007,21,4
2026-04-10,S007,22,3
2026-04-10,S007,23,2
2026-04-10,S008,5,6
2026-04-10,S008,6,12
2026-04-10,S008,7,16
2026-04-10,S008,8,22
2026-04-10,S008,9,13
2026-04-10,S008,10,11
2026-04-10,S008,11,9
2026-04-10,S008,12,14
2026-04-10,S008,13,11
2026-04-10,S008,14,17
2026-04-10,S008,15,14
2026-04-10,S008,16,21
2026-04-10,S008,17,19
2026-04-10,S008,18,14
2026-04-10,S008,19,18
2026-04-10,S008,20,7
2026-04-10,S008,21,5
2026-04-10,S008,22,3
2026-04-10,S008,23,2
2026-04-10,S009,5,7
2026-04-10,S009,6,16
2026-04-10,S009,7,29
2026-04-10,S009,8,36
2026-04-10,S009,9,18
2026-04-10,S009,10,18
2026-04-10,S009,11,19
2026-04-10,S009,12,18
2026-04-10,S009,13,22
2026-04-10,S009,14,27
2026-04-10,S009,15,20
2026-04-10,S009,16,18
2026-04-10,S009,17,26
2026-04-10,S009,18,24
2026-04-10,S009,19,10
2026-04-10,S009,20,12
2026-04-10,S009,21,5
2026-04-10,S009,22,7
2026-04-10,S009,23,4
2026-04-10,S010,5,2
2026-04-10,S010,6,3
2026-04-10,S010,7,13
2026-04-10,S010,8,19
2026-04-10,S010,9,19
2026-04-10,S010,10,8
2026-04-10,S010,11,17
2026-04-10,S010,12,15
2026-04-10,S010,13,13
2026-04-10,S010,14,5
2026-04-10,S010,15,18
2026-04-10,S010,16,21
2026-04-10,S010,17,15
2026-04-10,S010,18,10
2026-04-10,S010,19,7
2026-04-10,S010,20,7
2026-04-10,S010,21,3
2026-04-10,S010,22,0
2026-04-10,S010,23,3
2026-04-10,S011,5,2
2026-04-10,S011,6,5
2026-04-10,S011,7,10
2026-04-10,S011,8,11
2026-04-10,S011,9,10
2026-04-10,S011,10,6
2026-04-10,S011,11,0
2026-04-10,S011,12,6
2026-04-10,S011,13,8
2026-04-10,S011,14,10
2026-04-10,S011,15,7
2026-04-10,S011,16,11
2026-04-10,S011,17,9
2026-04-10,S011,18,5
2026-04-10,S011,19,2
2026-04-10,S011,20,3
2026-04-10,S011,21,1
2026-04-10,S011,22,3
2026-04-10,S011,23,2
2026-04-10,S012,5,4
2026-04-10,S012,6,14
2026-04-10,S012,7,19
2026-04-10,S012,8,23
2026-04-10,S012,9,19
2026-04-10,S012,10,14
2026-04-10,S012,11,13
2026-04-10,S012,12,14
2026-04-10,S012,13,9
2026-04-10,S012,14,2
2026-04-10,S012,15,16
2026-04-10,S012,16,17
2026-04-10,S012,17,27
2026-04-10,S012,18,9
2026-04-10,S012,19,7
2026-04-10,S012,20,14
2026-04-10,S012,21,8
2026-04-10,S012,22,3
2026-04-10,S012,23,1
2026-04-10,S013,5,19
2026-04-10,S013,6,33
2026-04-10,S013,7,53
2026-04-10,S013,8,52
2026-04-10,S013,9,43
2026-04-10,S013,10,40
2026-04-10,S013,11,23
2026-04-10,S013,12,29
2026-04-10,S013,13,35
2026-04-10,S013,14,38
2026-04-10,S013,15,35
2026-04-10,S013,16,52
2026-04-10,S013,17,53
2026-04-10,S013,18,49
2026-04-10,S013,19,35
2026-04-10,S013,20,32
2026-04-10,S013,21,20
2026-04-10,S013,22,14
2026-04-10,S013,23,5
2026-04-10,S014,5,0
2026-04-10,S014,6,4
2026-04-10,S014,7,12
2026-04-10,S014,8,12
2026-04-10,S014,9,11
2026-04-10,S014,10,8
2026-04-10,S014,11,5
2026-04-10,S014,12,8
2026-04-10,S014,13,6
2026-04-10,S014,14,9
2026-04-10,S014,15,8
2026-04-10,S014,16,14
2026-04-10,S014,17,11
2026-04-10,S014,18,4
2026-04-10,S014,19,2
2026-04-10,S014,20,2
2026-04-10,S014,21,1
2026-04-10,S014,22,3
2026-04-10,S014,23,1
2026-04-10,S015,5,2
2026-04-10,S015,6,8
2026-04-10,S015,7,22
2026-04-10,S015,8,26
2026-04-10,S015,9,11
2026-04-10,S015,10,9
2026-04-10,S015,11,13
2026-04-10,S015,12,14
2026-04-10,S015,13,12
2026-04-10,S015,14,19
2026-04-10,S015,15,15
2026-04-10,S015,16,18
2026-04-10,S015,17,28
2026-04-10,S015,18,22
2026-04-10,S015,19,11
2026-04-10,S015,20,12
2026-04-10,S015,21,10
2026-04-10,S015,22,6
2026-04-10,S015,23,0
2026-04-10,S016,5,8
2026-04-10,S016,6,25
2026-04-10,S016,7,47
2026-04-10,S016,8,42
2026-04-10,S016,9,36
2026-04-10,S016,10,29
2026-04-10,S016,11,26
2026-04-10,S016,12,37
2026-04-10,S016,13,32
2026-04-10,S016,14,38
2026-04-10,S016,15,37
2026-04-10,S016,16,42
2026-04-10,S016,17,41
2026-04-10,S016,18,37
2026-04-10,S016,19,22
2026-04-10,S016,20,24
2026-04-10,S016,21,12
2026-04-10,S016,22,3
2026-04-10,S016,23,7
2026-04-10,S017,5,6
2026-04-10,S017,6,5
2026-04-10,S017,7,24
2026-04-10,S017,8,17
2026-04-10,S017,9,15
2026-04-10,S017,10,8
2026-04-10,S017,11,11
2026-04-10,S017,12,3
2026-04-10,S017,13,12
2026-04-10,S017,14,8
2026-04-10,S017,15,13
2026-04-10,S017,16,9
2026-04-10,S017,17,21
2026-04-10,S017,18,10
2026-04-10,S017,19,11
2026-04-10,S017,20,8
2026-04-10,S017,21,7
2026-04-10,S017,22,1
2026-04-10,S017,23,2
2026-04-10,S018,5,7
2026-04-10,S018,6,10
2026-04-10,S018,7,21
2026-04-10,S018,8,23
2026-04-10,S018,9,24
2026-04-10,S018,10,12
2026-04-10,S018,11,10
2026-04-10,S018,12,22
2026-04-10,S018,13,25
2026-04-10,S018,14,17
2026-04-10,S018,15,15
2026-04-10,S018,16,18
2026-04-10,S018,17,27
2026-04-10,S018,18,22
2026-04-10,S018,19,10
2026-04-10,S018,20,12
2026-04-10,S018,21,6
2026-04-10,S018,22,5
2026-04-10,S018,23,3
2026-04-11,S001,5,6
2026-04-11,S001,6,4
2026-04-11,S001,7,6
2026-04-11,S001,8,14
2026-04-11,S001,9,20
2026-04-11,S001,10,37
2026-04-11,S001,11,43
2026-04-11,S001,12,41
2026-04-11,S001,13,39
2026-04-11,S001,14,33
2026-04-11,S001,15,35
2026-04-11,S001,16,32
2026-04-11,S001,17,23
2026-04-11,S001,18,31
2026-04-11,S001,19,23
2026-04-11,S001,20,18
2026-04-11,S001,21,28
2026-04-11,S001,22,10
2026-04-11,S001,23,8
2026-04-11,S002,5,2
2026-04-11,S002,6,2
2026-04-11,S002,7,9
2026-04-11,S002,8,9
2026-04-11,S002,9,21
2026-04-11,S002,10,20
2026-04-11,S002,11,25
2026-04-11,S002,12,37
2026-04-11,S002,13,28
2026-04-11,S002,14,25
2026-04-11,S002,15,23
2026-04-11,S002,16,16
2026-04-11,S002,17,25
2026-04-11,S002,18,24
2026-04-11,S002,19,24
2026-04-11,S002,20,13
2026-04-11,S002,21,11
2026-04-11,S002,22,5
2026-04-11,S002,23,7
2026-04-11,S003,5,0
2026-04-11,S003,6,2
2026-04-11,S003,7,5
2026-04-11,S003,8,6
2026-04-11,S003,9,14
2026-04-11,S003,10,13
2026-04-11,S003,11,11
2026-04-11,S003,12,24
2026-04-11,S003,13,15
2026-04-11,S003,14,10
2026-04-11,S003,15,20
2026-04-11,S003,16,12
2026-04-11,S003,17,8
2026-04-11,S003,18,15
2026-04-11,S003,19,8
2026-04-11,S003,20,5
2026-04-11,S003,21,9
2026-04-11,S003,22,6
2026-04-11,S003,23,2
2026-04-11,S004,5,2
2026-04-11,S004,6,3
2026-04-11,S004,7,3
2026-04-11,S004,8,8
2026-04-11,S004,9,5
2026-04-11,S004,10,10
2026-04-11,S004,11,13
2026-04-11,S004,12,17
2026-04-11,S004,13,13
2026-04-11,S004,14,15
2026-04-11,S004,15,14
2026-04-11,S004,16,7
2026-04-11,S004,17,14
2026-04-11,S004,18,7
2026-04-11,S004,19,10
2026-04-11,S004,20,16
2026-04-11,S004,21,1
2026-04-11,S004,22,5
2026-04-11,S004,23,3
2026-04-11,S005,5,1
2026-04-11,S005,6,6
2026-04-11,S005,7,10
2026-04-11,S005,8,7
2026-04-11,S005,9,13
2026-04-11,S005,10,15
2026-04-11,S005,11,21
2026-04-11,S005,12,25
2026-04-11,S005,13,20
2026-04-11,S005,14,13
2026-04-11,S005,15,20
2026-04-11,S005,16,17
2026-04-11,S005,17,13
2026-04-11,S005,18,15
2026-04-11,S005,19,17
2026-04-11,S005,20,11
2026-04-11,S005,21,8
2026-04-11,S005,22,7
2026-04-11,S005,23,4
2026-04-11,S006,5,2
2026-04-11,S006,6,3
2026-04-11,S006,7,4
2026-04-11,S006,8,2
2026-04-11,S006,9,4
2026-04-11,S006,10,10
2026-04-11,S006,11,7
2026-04-11,S006,12,10
2026-04-11,S006,13,14
2026-04-11,S006,14,12
2026-04-11,S006,15,16
2026-04-11,S006,16,18
2026-04-11,S006,17,15
2026-04-11,S006,18,11
2026-04-11,S006,19,6
2026-04-11,S006,20,1
2026-04-11,S006,21,3
2026-04-11,S006,22,2
2026-04-11,S006,23,4
2026-04-11,S007,5,1
2026-04-11,S007,6,2
2026-04-11,S007,7,1
2026-04-11,S007,8,3
2026-04-11,S007,9,4
2026-04-11,S007,10,5
2026-04-11,S007,11,9
2026-04-11,S007,12,8
2026-04-11,S007,13,15
2026-04-11,S007,14,10
2026-04-11,S007,15,6
2026-04-11,S007,16,7
2026-04-11,S007,17,6
2026-04-11,S007,18,7
2026-04-11,S007,19,9
2026-04-11,S007,20,5
2026-04-11,S007,21,4
2026-04-11,S007,22,2
2026-04-11,S007,23,2
2026-04-11,S008,5,2
2026-04-11,S008,6,3
2026-04-11,S008,7,7
2026-04-11,S008,8,6
2026-04-11,S008,9,6
2026-04-11,S008,10,14
2026-04-11,S008,11,21
2026-04-11,S008,12,22
2026-04-11,S008,13,27
2026-04-11,S008,14,22
2026-04-11,S008,15,19
2026-04-11,S008,16,19
2026-04-11,S008,17,19
2026-04-11,S008,18,14
2026-04-11,S008,19,15
2026-04-11,S008,20,4
2026-04-11,S008,21,3
2026-04-11,S008,22,7
2026-04-11,S008,23,2
2026-04-11,S009,5,6
2026-04-11,S009,6,2
2026-04-11,S009,7,12
2026-04-11,S009,8,9
2026-04-11,S009,9,13
2026-04-11,S009,10,20
2026-04-11,S009,11,22
2026-04-11,S009,12,21
2026-04-11,S009,13,33
2026-04-11,S009,14,25
2026-04-11,S009,15,22
2026-04-11,S009,16,15
2026-04-11,S009,17,15
2026-04-11,S009,18,15
2026-04-11,S009,19,13
2026-04-11,S009,20,13
2026-04-11,S009,21,9
2026-04-11,S009,22,3
2026-04-11,S009,23,6
2026-04-11,S010,5,1
2026-04-11,S010,6,2
2026-04-11,S010,7,6
2026-04-11,S010,8,6
2026-04-11,S010,9,6
2026-04-11,S010,10,9
2026-04-11,S010,11,11
2026-04-11,S010,12,11
2026-04-11,S010,13,15
2026-04-11,S010,14,15
2026-04-11,S010,15,17
2026-04-11,S010,16,12
2026-04-11,S010,17,9
2026-04-11,S010,18,6
2026-04-11,S010,19,10
2026-04-11,S010,20,8
2026-04-11,S010,21,4
2026-04-11,S010,22,5
2026-04-11,S010,23,3
2026-04-11,S011,5,0
2026-04-11,S011,6,0
2026-04-11,S011,7,2
2026-04-11,S011,8,7
2026-04-11,S011,9,4
2026-04-11,S011,10,14
2026-04-11,S011,11,7
2026-04-11,S011,12,11
2026-04-11,S011,13,9
2026-04-11,S011,14,12
2026-04-11,S011,15,5
2026-04-11,S011,16,3
2026-04-11,S011,17,7
2026-04-11,S011,18,9
2026-04-11,S011,19,6
2026-04-11,S011,20,5
2026-04-11,S011,21,8
2026-04-11,S011,22,4
2026-04-11,S011,23,1
2026-04-11,S012,5,3
2026-04-11,S012,6,2
2026-04-11,S012,7,3
2026-04-11,S012,8,4
2026-04-11,S012,9,12
2026-04-11,S012,10,9
2026-04-11,S012,11,12
2026-04-11,S012,12,18
2026-04-11,S012,13,14
2026-04-11,S012,14,14
2026-04-11,S012,15,6
2026-04-11,S012,16,17
2026-04-11,S012,17,6
2026-04-11,S012,18,12
2026-04-11,S012,19,11
2026-04-11,S012,20,12
2026-04-11,S012,21,9
2026-04-11,S012,22,4
2026-04-11,S012,23,8
2026-04-11,S013,5,4
2026-04-11,S013,6,15
2026-04-11,S013,7,13
2026-04-11,S013,8,10
2026-04-11,S013,9,35
2026-04-11,S013,10,35
2026-04-11,S013,11,54
2026-04-11,S013,12,44
2026-04-11,S013,13,49
2026-04-11,S013,14,63
2026-04-11,S013,15,49
2026-04-11,S013,16,48
2026-04-11,S013,17,49
2026-04-11,S013,18,29
2026-04-11,S013,19,24
2026-04-11,S013,20,20
2026-04-11,S013,21,18
2026-04-11,S013,22,18
2026-04-11,S013,23,11
2026-04-11,S014,5,1
2026-04-11,S014,6,2
2026-04-11,S014,7,3
2026-04-11,S014,8,5
2026-04-11,S014,9,5
2026-04-11,S014,10,11
2026-04-11,S014,11,4
2026-04-11,S014,12,14
2026-04-11,S014,13,8
2026-04-11,S014,14,14
2026-04-11,S014,15,12
2026-04-11,S014,16,10
2026-04-11,S014,17,7
2026-04-11,S014,18,10
2026-04-11,S014,19,9
2026-04-11,S014,20,1
2026-04-11,S014,21,9
2026-04-11,S014,22,2
2026-04-11,S014,23,3
2026-04-11,S015,5,1
2026-04-11,S015,6,5
2026-04-11,S015,7,6
2026-04-11,S015,8,8
2026-04-11,S015,9,9
2026-04-11,S015,10,12
2026-04-11,S015,11,18
2026-04-11,S015,12,23
2026-04-11,S015,13,18
2026-04-11,S015,14,13
2026-04-11,S015,15,19
2026-04-11,S015,16,10
2026-04-11,S015,17,22
2026-04-11,S015,18,20
2026-04-11,S015,19,10
2026-04-11,S015,20,11
2026-04-11,S015,21,10
2026-04-11,S015,22,12
2026-04-11,S015,23,1
2026-04-11,S016,5,5
2026-04-11,S016,6,4
2026-04-11,S016,7,7
2026-04-11,S016,8,17
2026-04-11,S016,9,31
2026-04-11,S016,10,34
2026-04-11,S016,11,42
2026-04-11,S016,12,39
2026-04-11,S016,13,49
2026-04-11,S016,14,37
2026-04-11,S016,15,57
2026-04-11,S016,16,33
2026-04-11,S016,17,46
2026-04-11,S016,18,28
2026-04-11,S016,19,27
2026-04-11,S016,20,27
2026-04-11,S016,21,20
2026-04-11,S016,22,20
2026-04-11,S016,23,8
2026-04-11,S017,5,1
2026-04-11,S017,6,0
2026-04-11,S017,7,3
2026-04-11,S017,8,6
2026-04-11,S017,9,8
2026-04-11,S017,10,8
2026-04-11,S017,11,12
2026-04-11,S017,12,20
2026-04-11,S017,13,18
2026-04-11,S017,14,13
2026-04-11,S017,15,11
2026-04-11,S017,16,10
2026-04-11,S017,17,12
2026-04-11,S017,18,5
2026-04-11,S017,19,7
2026-04-11,S017,20,3
2026-04-11,S017,21,7
2026-04-11,S017,22,4
2026-04-11,S017,23,3
2026-04-11,S018,5,2
2026-04-11,S018,6,5
2026-04-11,S018,7,3
2026-04-11,S018,8,7
2026-04-11,S018,9,21
2026-04-11,S018,10,25
2026-04-11,S018,11,22
2026-04-11,S018,12,21
2026-04-11,S018,13,16
2026-04-11,S018,14,17
2026-04-11,S018,15,11
2026-04-11,S018,16,30
2026-04-11,S018,17,19
2026-04-11,S018,18,18
2026-04-11,S018,19,12
2026-04-11,S018,20,11
2026-04-11,S018,21,10
2026-04-11,S018,22,6
2026-04-11,S018,23,4
2026-04-12,S001,5,1
2026-04-12,S001,6,3
2026-04-12,S001,7,13
2026-04-12,S001,8,19
2026-04-12,S001,9,30
2026-04-12,S001,10,31
2026-04-12,S001,11,38
2026-04-12,S001,12,30
2026-04-12,S001,13,42
2026-04-12,S001,14,50
2026-04-12,S001,15,37
2026-04-12,S001,16,28
2026-04-12,S001,17,34
2026-04-12,S001,18,33
2026-04-12,S001,19,24
2026-04-12,S001,20,22
2026-04-12,S001,21,12
2026-04-12,S001,22,11
2026-04-12,S001,23,5
2026-04-12,S002,5,0
2026-04-12,S002,6,6
2026-04-12,S002,7,6
2026-04-12,S002,8,11
2026-04-12,S002,9,18
2026-04-12,S002,10,23
2026-04-12,S002,11,37
2026-04-12,S002,12,29
2026-04-12,S002,13,40
2026-04-12,S002,14,36
2026-04-12,S002,15,34
2026-04-12,S002,16,19
2026-04-12,S002,17,24
2026-04-12,S002,18,27
2026-04-12,S002,19,13
2026-04-12,S002,20,14
2026-04-12,S002,21,15
2026-04-12,S002,22,8
2026-04-12,S002,23,7
2026-04-12,S003,5,0
2026-04-12,S003,6,1
2026-04-12,S003,7,5
2026-04-12,S003,8,5
2026-04-12,S003,9,10
2026-04-12,S003,10,17
2026-04-12,S003,11,13
2026-04-12,S003,12,22
2026-04-12,S003,13,15
2026-04-12,S003,14,20
2026-04-12,S003,15,10
2026-04-12,S003,16,20
2026-04-12,S003,17,19
2026-04-12,S003,18,14
2026-04-12,S003,19,4
2026-04-12,S003,20,11
2026-04-12,S003,21,4
2026-04-12,S003,22,3
2026-04-12,S003,23,3
2026-04-12,S004,5,1
2026-04-12,S004,6,5
2026-04-12,S004,7,6
2026-04-12,S004,8,4
2026-04-12,S004,9,6
2026-04-12,S004,10,15
2026-04-12,S004,11,18
2026-04-12,S004,12,12
2026-04-12,S004,13,19
2026-04-12,S004,14,8
2026-04-12,S004,15,16
2026-04-12,S004,16,14
2026-04-12,S004,17,12
2026-04-12,S004,18,11
2026-04-12,S004,19,14
2026-04-12,S004,20,5
2026-04-12,S004,21,8
2026-04-12,S004,22,3
2026-04-12,S004,23,3
2026-04-12,S005,5,0
2026-04-12,S005,6,1
2026-04-12,S005,7,3
2026-04-12,S005,8,7
2026-04-12,S005,9,20
2026-04-12,S005,10,17
2026-04-12,S005,11,16
2026-04-12,S005,12,16
2026-04-12,S005,13,22
2026-04-12,S005,14,18
2026-04-12,S005,15,15
2026-04-12,S005,16,19
2026-04-12,S005,17,17
2026-04-12,S005,18,12
2026-04-12,S005,19,11
2026-04-12,S005,20,16
2026-04-12,S005,21,6
2026-04-12,S005,22,3
2026-04-12,S005,23,3
2026-04-12,S006,5,0
2026-04-12,S006,6,2
2026-04-12,S006,7,2
2026-04-12,S006,8,3
2026-04-12,S006,9,9
2026-04-12,S006,10,5
2026-04-12,S006,11,9
2026-04-12,S006,12,14
2026-04-12,S006,13,14
2026-04-12,S006,14,11
2026-04-12,S006,15,14
2026-04-12,S006,16,9
2026-04-12,S006,17,21
2026-04-12,S006,18,13
2026-04-12,S006,19,7
2026-04-12,S006,20,10
2026-04-12,S006,21,5
2026-04-12,S006,22,0
2026-04-12,S006,23,1
2026-04-12,S007,5,1
2026-04-12,S007,6,1
2026-04-12,S007,7,5
2026-04-12,S007,8,5
2026-04-12,S007,9,11
2026-04-12,S007,10,8
2026-04-12,S007,11,8
2026-04-12,S007,12,9
2026-04-12,S007,13,12
2026-04-12,S007,14,11
2026-04-12,S007,15,12
2026-04-12,S007,16,11
2026-04-12,S007,17,13
2026-04-12,S007,18,4
2026-04-12,S007,19,5
2026-04-12,S007,20,4
2026-04-12,S007,21,7
2026-04-12,S007,22,1
2026-04-12,S007,23,0
2026-04-12,S008,5,0
2026-04-12,S008,6,4
2026-04-12,S008,7,4
2026-04-12,S008,8,9
2026-04-12,S008,9,9
2026-04-12,S008,10,11
2026-04-12,S008,11,16
2026-04-12,S008,12,17
2026-04-12,S008,13,19
2026-04-12,S008,14,13
2026-04-12,S008,15,26
2026-04-12,S008,16,16
2026-04-12,S008,17,12
2026-04-12,S008,18,13
2026-04-12,S008,19,10
2026-04-12,S008,20,6
2026-04-12,S008,21,9
2026-04-12,S008,22,8
2026-04-12,S008,23,3
2026-04-12,S009,5,1
2026-04-12,S009,6,3
2026-04-12,S009,7,6
2026-04-12,S009,8,6
2026-04-12,S009,9,18
2026-04-12,S009,10,16
2026-04-12,S009,11,25
2026-04-12,S009,12,32
2026-04-12,S009,13,19
2026-04-12,S009,14,17
2026-04-12,S009,15,16
2026-04-12,S009,16,17
2026-04-12,S009,17,13
2026-04-12,S009,18,17
2026-04-12,S009,19,15
2026-04-12,S009,20,19
2026-04-12,S009,21,22
2026-04-12,S009,22,7
2026-04-12,S009,23,3
2026-04-12,S010,5,1
2026-04-12,S010,6,1
2026-04-12,S010,7,2
2026-04-12,S010,8,1
2026-04-12,S010,9,15
2026-04-12,S010,10,12
2026-04-12,S010,11,16
2026-04-12,S010,12,10
2026-04-12,S010,13,13
2026-04-12,S010,14,18
2026-04-12,S010,15,14
2026-04-12,S010,16,13
2026-04-12,S010,17,12
2026-04-12,S010,18,12
2026-04-12,S010,19,10
2026-04-12,S010,20,8
2026-04-12,S010,21,8
2026-04-12,S010,22,3
2026-04-12,S010,23,2
2026-04-12,S011,5,1
2026-04-12,S011,6,0
2026-04-12,S011,7,1
2026-04-12,S011,8,1
2026-04-12,S011,9,8
2026-04-12,S011,10,5
2026-04-12,S011,11,5
2026-04-12,S011,12,16
2026-04-12,S011,13,9
2026-04-12,S011,14,9
2026-04-12,S011,15,5
2026-04-12,S011,16,9
2026-04-12,S011,17,3
2026-04-12,S011,18,6
2026-04-12,S011,19,6
2026-04-12,S011,20,1
2026-04-12,S011,21,3
2026-04-12,S011,22,2
2026-04-12,S011,23,1
2026-04-12,S012,5,0
2026-04-12,S012,6,4
2026-04-12,S012,7,6
2026-04-12,S012,8,11
2026-04-12,S012,9,8
2026-04-12,S012,10,17
2026-04-12,S012,11,9
2026-04-12,S012,12,10
2026-04-12,S012,13,12
2026-04-12,S012,14,17
2026-04-12,S012,15,20
2026-04-12,S012,16,14
2026-04-12,S012,17,16
2026-04-12,S012,18,14
2026-04-12,S012,19,7
2026-04-12,S012,20,8
2026-04-12,S012,21,10
2026-04-12,S012,22,4
2026-04-12,S012,23,1
2026-04-12,S013,5,3
2026-04-12,S013,6,6
2026-04-12,S013,7,10
2026-04-12,S013,8,21
2026-04-12,S013,9,30
2026-04-12,S013,10,39
2026-04-12,S013,11,44
2026-04-12,S013,12,48
2026-04-12,S013,13,48
2026-04-12,S013,14,54
2026-04-12,S013,15,52
2026-04-12,S013,16,39
2026-04-12,S013,17,47
2026-04-12,S013,18,46
2026-04-12,S013,19,21
2026-04-12,S013,20,20
2026-04-12,S013,21,28
2026-04-12,S013,22,11
2026-04-12,S013,23,12
2026-04-12,S014,5,0
2026-04-12,S014,6,0
2026-04-12,S014,7,1
2026-04-12,S014,8,2
2026-04-12,S014,9,6
2026-04-12,S014,10,13
2026-04-12,S014,11,8
2026-04-12,S014,12,12
2026-04-12,S014,13,11
2026-04-12,S014,14,5
2026-04-12,S014,15,9
2026-04-12,S014,16,6
2026-04-12,S014,17,9
2026-04-12,S014,18,3
2026-04-12,S014,19,9
2026-04-12,S014,20,3
2026-04-12,S014,21,2
2026-04-12,S014,22,5
2026-04-12,S014,23,3
2026-04-12,S015,5,3
2026-04-12,S015,6,3
2026-04-12,S015,7,2
2026-04-12,S015,8,8
2026-04-12,S015,9,8
2026-04-12,S015,10,16
2026-04-12,S015,11,15
2026-04-12,S015,12,14
2026-04-12,S015,13,19
2026-04-12,S015,14,23
2026-04-12,S015,15,13
2026-04-12,S015,16,14
2026-04-12,S015,17,16
2026-04-12,S015,18,13
2026-04-12,S015,19,6
2026-04-12,S015,20,11
2026-04-12,S015,21,7
2026-04-12,S015,22,5
2026-04-12,S015,23,4
2026-04-12,S016,5,7
2026-04-12,S016,6,4
2026-04-12,S016,7,11
2026-04-12,S016,8,20
2026-04-12,S016,9,25
2026-04-12,S016,10,38
2026-04-12,S016,11,33
2026-04-12,S016,12,51
2026-04-12,S016,13,42
2026-04-12,S016,14,31
2026-04-12,S016,15,52
2026-04-12,S016,16,49
2026-04-12,S016,17,25
2026-04-12,S016,18,30
2026-04-12,S016,19,29
2026-04-12,S016,20,21
2026-04-12,S016,21,22
2026-04-12,S016,22,12
2026-04-12,S016,23,12
2026-04-12,S017,5,2
2026-04-12,S017,6,2
2026-04-12,S017,7,4
2026-04-12,S017,8,6
2026-04-12,S017,9,10
2026-04-12,S017,10,14
2026-04-12,S017,11,7
2026-04-12,S017,12,22
2026-04-12,S017,13,14
2026-04-12,S017,14,22
2026-04-12,S017,15,12
2026-04-12,S017,16,12
2026-04-12,S017,17,7
2026-04-12,S017,18,14
2026-04-12,S017,19,11
2026-04-12,S017,20,10
2026-04-12,S017,21,6
2026-04-12,S017,22,5
2026-04-12,S017,23,3
2026-04-12,S018,5,2
2026-04-12,S018,6,2
2026-04-12,S018,7,5
2026-04-12,S018,8,6
2026-04-12,S018,9,11
2026-04-12,S018,10,18
2026-04-12,S018,11,16
2026-04-12,S018,12,24
2026-04-12,S018,13,17
2026-04-12,S018,14,25
2026-04-12,S018,15,20
2026-04-12,S018,16,17
2026-04-12,S018,17,20
2026-04-12,S018,18,18
2026-04-12,S018,19,11
2026-04-12,S018,20,12
2026-04-12,S018,21,2
2026-04-12,S018,22,12
2026-04-12,S018,23,3
2026-04-13,S001,5,9
2026-04-13,S001,6,31
2026-04-13,S001,7,44
2026-04-13,S001,8,41
2026-04-13,S001,9,36
2026-04-13,S001,10,18
2026-04-13,S001,11,24
2026-04-13,S001,12,25
2026-04-13,S001,13,25
2026-04-13,S001,14,36
2026-04-13,S001,15,37
2026-04-13,S001,16,42
2026-04-13,S001,17,50
2026-04-13,S001,18,33
2026-04-13,S001,19,24
2026-04-13,S001,20,23
2026-04-13,S001,21,15
2026-04-13,S001,22,4
2026-04-13,S001,23,6
2026-04-13,S002,5,9
2026-04-13,S002,6,12
2026-04-13,S002,7,29
2026-04-13,S002,8,38
2026-04-13,S002,9,35
2026-04-13,S002,10,28
2026-04-13,S002,11,20
2026-04-13,S002,12,19
2026-04-13,S002,13,21
2026-04-13,S002,14,19
2026-04-13,S002,15,25
2026-04-13,S002,16,34
2026-04-13,S002,17,37
2026-04-13,S002,18,25
2026-04-13,S002,19,21
2026-04-13,S002,20,12
2026-04-13,S002,21,5
2026-04-13,S002,22,6
2026-04-13,S002,23,3
2026-04-13,S003,5,3
2026-04-13,S003,6,14
2026-04-13,S003,7,16
2026-04-13,S003,8,18
2026-04-13,S003,9,17
2026-04-13,S003,10,12
2026-04-13,S003,11,9
2026-04-13,S003,12,10
2026-04-13,S003,13,12
2026-04-13,S003,14,9
2026-04-13,S003,15,13
2026-04-13,S003,16,26
2026-04-13,S003,17,23
2026-04-13,S003,18,17
2026-04-13,S003,19,7
2026-04-13,S003,20,11
2026-04-13,S003,21,7
2026-04-13,S003,22,5
2026-04-13,S003,23,5
2026-04-13,S004,5,2
2026-04-13,S004,6,5
2026-04-13,S004,7,18
2026-04-13,S004,8,17
2026-04-13,S004,9,11
2026-04-13,S004,10,6
2026-04-13,S004,11,8
2026-04-13,S004,12,11
2026-04-13,S004,13,7
2026-04-13,S004,14,9
2026-04-13,S004,15,16
2026-04-13,S004,16,18
2026-04-13,S004,17,22
2026-04-13,S004,18,17
2026-04-13,S004,19,9
2026-04-13,S004,20,4
2026-04-13,S004,21,4
2026-04-13,S004,22,2
2026-04-13,S004,23,0
2026-04-13,S005,5,3
2026-04-13,S005,6,8
2026-04-13,S005,7,18
2026-04-13,S005,8,26
2026-04-13,S005,9,23
2026-04-13,S005,10,20
2026-04-13,S005,11,15
2026-04-13,S005,12,18
2026-04-13,S005,13,15
2026-04-13,S005,14,11
2026-04-13,S005,15,18
2026-04-13,S005,16,26
2026-04-13,S005,17,23
2026-04-13,S005,18,16
2026-04-13,S005,19,13
2026-04-13,S005,20,14
2026-04-13,S005,21,2
2026-04-13,S005,22,3
2026-04-13,S005,23,0
2026-04-13,S006,5,3
2026-04-13,S006,6,10
2026-04-13,S006,7,23
2026-04-13,S006,8,13
2026-04-13,S006,9,6
2026-04-13,S006,10,6
2026-04-13,S006,11,7
2026-04-13,S006,12,13
2026-04-13,S006,13,10
2026-04-13,S006,14,10
2026-04-13,S006,15,10
2026-04-13,S006,16,12
2026-04-13,S006,17,17
2026-04-13,S006,18,15
2026-04-13,S006,19,13
2026-04-13,S006,20,1
2026-04-13,S006,21,5
2026-04-13,S006,22,3
2026-04-13,S006,23,4
2026-04-13,S007,5,3
2026-04-13,S007,6,5
2026-04-13,S007,7,12
2026-04-13,S007,8,14
2026-04-13,S007,9,12
2026-04-13,S007,10,10
2026-04-13,S007,11,4
2026-04-13,S007,12,7
2026-04-13,S007,13,8
2026-04-13,S007,14,11
2026-04-13,S007,15,8
2026-04-13,S007,16,9
2026-04-13,S007,17,18
2026-04-13,S007,18,6
2026-04-13,S007,19,9
2026-04-13,S007,20,1
2026-04-13,S007,21,5
2026-04-13,S007,22,3
2026-04-13,S007,23,1
2026-04-13,S008,5,6
2026-04-13,S008,6,21
2026-04-13,S008,7,17
2026-04-13,S008,8,24
2026-04-13,S008,9,16
2026-04-13,S008,10,17
2026-04-13,S008,11,8
2026-04-13,S008,12,12
2026-04-13,S008,13,16
2026-04-13,S008,14,13
2026-04-13,S008,15,13
2026-04-13,S008,16,22
2026-04-13,S008,17,23
2026-04-13,S008,18,22
2026-04-13,S008,19,13
2026-04-13,S008,20,9
2026-04-13,S008,21,4
2026-04-13,S008,22,3
2026-04-13,S008,23,0
2026-04-13,S009,5,6
2026-04-13,S009,6,15
2026-04-13,S009,7,25
2026-04-13,S009,8,21
2026-04-13,S009,9,18
2026-04-13,S009,10,12
2026-04-13,S009,11,14
2026-04-13,S009,12,12
2026-04-13,S009,13,15
2026-04-13,S009,14,26
2026-04-13,S009,15,22
2026-04-13,S009,16,25
2026-04-13,S009,17,28
2026-04-13,S009,18,35
2026-04-13,S009,19,15
2026-04-13,S009,20,10
2026-04-13,S009,21,8
2026-04-13,S009,22,3
2026-04-13,S009,23,5
2026-04-13,S010,5,2
2026-04-13,S010,6,10
2026-04-13,S010,7,18
2026-04-13,S010,8,19
2026-04-13,S010,9,12
2026-04-13,S010,10,8
2026-04-13,S010,11,11
2026-04-13,S010,12,13
2026-04-13,S010,13,12
2026-04-13,S010,14,10
2026-04-13,S010,15,16
2026-04-13,S010,16,11
2026-04-13,S010,17,25
2026-04-13,S010,18,11
2026-04-13,S010,19,7
2026-04-13,S010,20,10
2026-04-13,S010,21,3
2026-04-13,S010,22,3
2026-04-13,S010,23,0
2026-04-13,S011,5,0
2026-04-13,S011,6,7
2026-04-13,S011,7,13
2026-04-13,S011,8,10
2026-04-13,S011,9,9
2026-04-13,S011,10,8
2026-04-13,S011,11,3
2026-04-13,S011,12,2
2026-04-13,S011,13,6
2026-04-13,S011,14,10
2026-04-13,S011,15,7
2026-04-13,S011,16,12
2026-04-13,S011,17,11
2026-04-13,S011,18,4
2026-04-13,S011,19,4
2026-04-13,S011,20,4
2026-04-13,S011,21,3
2026-04-13,S011,22,2
2026-04-13,S011,23,0
2026-04-13,S012,5,1
2026-04-13,S012,6,5
2026-04-13,S012,7,15
2026-04-13,S012,8,20
2026-04-13,S012,9,16
2026-04-13,S012,10,10
2026-04-13,S012,11,12
2026-04-13,S012,12,16
2026-04-13,S012,13,15
2026-04-13,S012,14,8
2026-04-13,S012,15,14
2026-04-13,S012,16,12
2026-04-13,S012,17,18
2026-04-13,S012,18,17
2026-04-13,S012,19,8
2026-04-13,S012,20,8
2026-04-13,S012,21,3
2026-04-13,S012,22,2
2026-04-13,S012,23,0
2026-04-13,S013,5,10
2026-04-13,S013,6,27
2026-04-13,S013,7,52
2026-04-13,S013,8,61
2026-04-13,S013,9,44
2026-04-13,S013,10,29
2026-04-13,S013,11,27
2026-04-13,S013,12,27
2026-04-13,S013,13,28
2026-04-13,S013,14,34
2026-04-13,S013,15,41
2026-04-13,S013,16,55
2026-04-13,S013,17,67
2026-04-13,S013,18,50
2026-04-13,S013,19,32
2026-04-13,S013,20,28
2026-04-13,S013,21,11
2026-04-13,S013,22,12
2026-04-13,S013,23,2
2026-04-13,S014,5,1
2026-04-13,S014,6,6
2026-04-13,S014,7,9
2026-04-13,S014,8,16
2026-04-13,S014,9,11
2026-04-13,S014,10,6
2026-04-13,S014,11,4
2026-04-13,S014,12,5
2026-04-13,S014,13,7
2026-04-13,S014,14,9
2026-04-13,S014,15,6
2026-04-13,S014,16,17
2026-04-13,S014,17,11
2026-04-13,S014,18,11
2026-04-13,S014,19,8
2026-04-13,S014,20,5
2026-04-13,S014,21,1
2026-04-13,S014,22,3
2026-04-13,S014,23,2
2026-04-13,S015,5,6
2026-04-13,S015,6,8
2026-04-13,S015,7,21
2026-04-13,S015,8,22
2026-04-13,S015,9,12
2026-04-13,S015,10,22
2026-04-13,S015,11,10
2026-04-13,S015,12,17
2026-04-13,S015,13,12
2026-04-13,S015,14,24
2026-04-13,S015,15,17
2026-04-13,S015,16,17
2026-04-13,S015,17,13
2026-04-13,S015,18,19
2026-04-13,S015,19,15
2026-04-13,S015,20,6
2026-04-13,S015,21,5
2026-04-13,S015,22,6
2026-04-13,S015,23,1
2026-04-13,S016,5,12
2026-04-13,S016,6,22
2026-04-13,S016,7,45
2026-04-13,S016,8,45
2026-04-13,S016,9,41
2026-04-13,S016,10,37
2026-04-13,S016,11,26
2026-04-13,S016,12,31
2026-04-13,S016,13,27
2026-04-13,S016,14,33
2026-04-13,S016,15,35
2026-04-13,S016,16,57
2026-04-13,S016,17,43
2026-04-13,S016,18,35
2026-04-13,S016,19,24
2026-04-13,S016,20,22
2026-04-13,S016,21,11
2026-04-13,S016,22,8
2026-04-13,S016,23,5
2026-04-13,S017,5,5
2026-04-13,S017,6,12
2026-04-13,S017,7,20
2026-04-13,S017,8,16
2026-04-13,S017,9,9
2026-04-13,S017,10,14
2026-04-13,S017,11,13
2026-04-13,S017,12,13
2026-04-13,S017,13,10
2026-04-13,S017,14,14
2026-04-13,S017,15,11
2026-04-13,S017,16,15
2026-04-13,S017,17,19
2026-04-13,S017,18,15
2026-04-13,S017,19,9
2026-04-13,S017,20,6
2026-04-13,S017,21,5
2026-04-13,S017,22,3
2026-04-13,S017,23,1
2026-04-13,S018,5,5
2026-04-13,S018,6,17
2026-04-13,S018,7,22
2026-04-13,S018,8,15
2026-04-13,S018,9,15
2026-04-13,S018,10,25
2026-04-13,S018,11,10
2026-04-13,S018,12,20
2026-04-13,S018,13,22
2026-04-13,S018,14,15
2026-04-13,S018,15,22
2026-04-13,S018,16,23
2026-04-13,S018,17,20
2026-04-13,S018,18,15
2026-04-13,S018,19,14
2026-04-13,S018,20,11
2026-04-13,S018,21,6
2026-04-13,S018,22,6
2026-04-13,S018,23,2
2026-04-14,S001,5,7
2026-04-14,S001,6,25
2026-04-14,S001,7,31
2026-04-14,S001,8,47
2026-04-14,S001,9,35
2026-04-14,S001,10,29
2026-04-14,S001,11,32
2026-04-14,S001,12,31
2026-04-14,S001,13,24
2026-04-14,S001,14,26
2026-04-14,S001,15,41
2026-04-14,S001,16,54
2026-04-14,S001,17,46
2026-04-14,S001,18,34
2026-04-14,S001,19,21
2026-04-14,S001,20,15
2026-04-14,S001,21,12
2026-04-14,S001,22,7
2026-04-14,S001,23,7
2026-04-14,S002,5,4
2026-04-14,S002,6,20
2026-04-14,S002,7,22
2026-04-14,S002,8,30
2026-04-14,S002,9,25
2026-04-14,S002,10,14
2026-04-14,S002,11,16
2026-04-14,S002,12,16
2026-04-14,S002,13,22
2026-04-14,S002,14,20
2026-04-14,S002,15,28
2026-04-14,S002,16,34
2026-04-14,S002,17,36
2026-04-14,S002,18,29
2026-04-14,S002,19,14
2026-04-14,S002,20,12
2026-04-14,S002,21,7
2026-04-14,S002,22,6
2026-04-14,S002,23,2
2026-04-14,S003,5,1
2026-04-14,S003,6,12
2026-04-14,S003,7,14
2026-04-14,S003,8,16
2026-04-14,S003,9,15
2026-04-14,S003,10,21
2026-04-14,S003,11,6
2026-04-14,S003,12,11
2026-04-14,S003,13,13
2026-04-14,S003,14,15
2026-04-14,S003,15,14
2026-04-14,S003,16,21
2026-04-14,S003,17,12
2026-04-14,S003,18,11
2026-04-14,S003,19,10
2026-04-14,S003,20,10
2026-04-14,S003,21,5
2026-04-14,S003,22,1
2026-04-14,S003,23,1
2026-04-14,S004,5,5
2026-04-14,S004,6,3
2026-04-14,S004,7,12
2026-04-14,S004,8,21
2026-04-14,S004,9,9
2026-04-14,S004,10,12
2026-04-14,S004,11,3
2026-04-14,S004,12,10
2026-04-14,S004,13,14
2026-04-14,S004,14,5
2026-04-14,S004,15,16
2026-04-14,S004,16,24
2026-04-14,S004,17,18
2026-04-14,S004,18,8
2026-04-14,S004,19,8
2026-04-14,S004,20,4
2026-04-14,S004,21,7
2026-04-14,S004,22,0
2026-04-14,S004,23,0
2026-04-14,S005,5,6
2026-04-14,S005,6,16
2026-04-14,S005,7,20
2026-04-14,S005,8,34
2026-04-14,S005,9,14
2026-04-14,S005,10,18
2026-04-14,S005,11,10
2026-04-14,S005,12,12
2026-04-14,S005,13,14
2026-04-14,S005,14,17
2026-04-14,S005,15,22
2026-04-14,S005,16,25
2026-04-14,S005,17,23
2026-04-14,S005,18,22
2026-04-14,S005,19,10
2026-04-14,S005,20,8
2026-04-14,S005,21,8
2026-04-14,S005,22,9
2026-04-14,S005,23,3
2026-04-14,S006,5,3
2026-04-14,S006,6,9
2026-04-14,S006,7,10
2026-04-14,S006,8,13
2026-04-14,S006,9,11
2026-04-14,S006,10,7
2026-04-14,S006,11,8
2026-04-14,S006,12,7
2026-04-14,S006,13,15
2026-04-14,S006,14,9
2026-04-14,S006,15,12
2026-04-14,S006,16,13
2026-04-14,S006,17,11
2026-04-14,S006,18,16
2026-04-14,S006,19,12
2026-04-14,S006,20,14
2026-04-14,S006,21,8
2026-04-14,S006,22,1
2026-04-14,S006,23,0
2026-04-14,S007,5,2
2026-04-14,S007,6,6
2026-04-14,S007,7,6
2026-04-14,S007,8,10
2026-04-14,S007,9,9
2026-04-14,S007,10,6
2026-04-14,S007,11,3
2026-04-14,S007,12,9
2026-04-14,S007,13,10
2026-04-14,S007,14,6
2026-04-14,S007,15,7
2026-04-14,S007,16,5
2026-04-14,S007,17,13
2026-04-14,S007,18,12
2026-04-14,S007,19,10
2026-04-14,S007,20,7
2026-04-14,S007,21,4
2026-04-14,S007,22,2
2026-04-14,S007,23,1
2026-04-14,S008,5,4
2026-04-14,S008,6,10
2026-04-14,S008,7,17
2026-04-14,S008,8,16
2026-04-14,S008,9,18
2026-04-14,S008,10,14
2026-04-14,S008,11,10
2026-04-14,S008,12,13
2026-04-14,S008,13,18
2026-04-14,S008,14,15
2026-04-14,S008,15,14
2026-04-14,S008,16,16
2026-04-14,S008,17,18
2026-04-14,S008,18,13
2026-04-14,S008,19,6
2026-04-14,S008,20,9
2026-04-14,S008,21,5
2026-04-14,S008,22,4
2026-04-14,S008,23,0
2026-04-14,S009,5,5
2026-04-14,S009,6,16
2026-04-14,S009,7,21
2026-04-14,S009,8,31
2026-04-14,S009,9,36
2026-04-14,S009,10,23
2026-04-14,S009,11,17
2026-04-14,S009,12,20
2026-04-14,S009,13,19
2026-04-14,S009,14,27
2026-04-14,S009,15,19
2026-04-14,S009,16,32
2026-04-14,S009,17,28
2026-04-14,S009,18,31
2026-04-14,S009,19,13
2026-04-14,S009,20,11
2026-04-14,S009,21,8
2026-04-14,S009,22,8
2026-04-14,S009,23,4
2026-04-14,S010,5,4
2026-04-14,S010,6,9
2026-04-14,S010,7,18
2026-04-14,S010,8,19
2026-04-14,S010,9,12
2026-04-14,S010,10,9
2026-04-14,S010,11,16
2026-04-14,S010,12,13
2026-04-14,S010,13,12
2026-04-14,S010,14,10
2026-04-14,S010,15,18
2026-04-14,S010,16,20
2026-04-14,S010,17,20
2026-04-14,S010,18,6
2026-04-14,S010,19,5
2026-04-14,S010,20,4
2026-04-14,S010,21,7
2026-04-14,S010,22,4
2026-04-14,S010,23,1
2026-04-14,S011,5,2
2026-04-14,S011,6,3
2026-04-14,S011,7,7
2026-04-14,S011,8,5
2026-04-14,S011,9,12
2026-04-14,S011,10,8
2026-04-14,S011,11,5
2026-04-14,S011,12,9
2026-04-14,S011,13,5
2026-04-14,S011,14,4
2026-04-14,S011,15,4
2026-04-14,S011,16,8
2026-04-14,S011,17,11
2026-04-14,S011,18,16
2026-04-14,S011,19,2
2026-04-14,S011,20,4
2026-04-14,S011,21,0
2026-04-14,S011,22,4
2026-04-14,S011,23,0
2026-04-14,S012,5,6
2026-04-14,S012,6,11
2026-04-14,S012,7,13
2026-04-14,S012,8,16
2026-04-14,S012,9,22
2026-04-14,S012,10,14
2026-04-14,S012,11,9
2026-04-14,S012,12,15
2026-04-14,S012,13,17
2026-04-14,S012,14,5
2026-04-14,S012,15,17
2026-04-14,S012,16,19
2026-04-14,S012,17,15
2026-04-14,S012,18,16
2026-04-14,S012,19,15
2026-04-14,S012,20,13
2026-04-14,S012,21,12
2026-04-14,S012,22,2
2026-04-14,S012,23,1
2026-04-14,S013,5,13
2026-04-14,S013,6,28
2026-04-14,S013,7,64
2026-04-14,S013,8,83
2026-04-14,S013,9,42
2026-04-14,S013,10,29
2026-04-14,S013,11,32
2026-04-14,S013,12,47
2026-04-14,S013,13,35
2026-04-14,S013,14,32
2026-04-14,S013,15,46
2026-04-14,S013,16,61
2026-04-14,S013,17,54
2026-04-14,S013,18,46
2026-04-14,S013,19,37
2026-04-14,S013,20,22
2026-04-14,S013,21,10
2026-04-14,S013,22,6
2026-04-14,S013,23,9
2026-04-14,S014,5,1
2026-04-14,S014,6,4
2026-04-14,S014,7,15
2026-04-14,S014,8,10
2026-04-14,S014,9,10
2026-04-14,S014,10,7
2026-04-14,S014,11,6
2026-04-14,S014,12,9
2026-04-14,S014,13,6
2026-04-14,S014,14,5
2026-04-14,S014,15,9
2026-04-14,S014,16,8
2026-04-14,S014,17,7
2026-04-14,S014,18,11
2026-04-14,S014,19,9
2026-04-14,S014,20,6
2026-04-14,S014,21,3
2026-04-14,S014,22,3
2026-04-14,S014,23,1
2026-04-14,S015,5,1
2026-04-14,S015,6,12
2026-04-14,S015,7,28
2026-04-14,S015,8,25
2026-04-14,S015,9,17
2026-04-14,S015,10,11
2026-04-14,S015,11,17
2026-04-14,S015,12,11
2026-04-14,S015,13,9
2026-04-14,S015,14,12
2026-04-14,S015,15,18
2026-04-14,S015,16,22
2026-04-14,S015,17,25
2026-04-14,S015,18,13
2026-04-14,S015,19,12
2026-04-14,S015,20,14
2026-04-14,S015,21,6
2026-04-14,S015,22,3
2026-04-14,S015,23,4
2026-04-14,S016,5,12
2026-04-14,S016,6,19
2026-04-14,S016,7,50
2026-04-14,S016,8,74
2026-04-14,S016,9,43
2026-04-14,S016,10,36
2026-04-14,S016,11,34
2026-04-14,S016,12,35
2026-04-14,S016,13,33
2026-04-14,S016,14,36
2026-04-14,S016,15,30
2026-04-14,S016,16,40
2026-04-14,S016,17,50
2026-04-14,S016,18,35
2026-04-14,S016,19,29
2026-04-14,S016,20,25
2026-04-14,S016,21,22
2026-04-14,S016,22,9
2026-04-14,S016,23,6
2026-04-14,S017,5,4
2026-04-14,S017,6,15
2026-04-14,S017,7,16
2026-04-14,S017,8,16
2026-04-14,S017,9,15
2026-04-14,S017,10,12
2026-04-14,S017,11,15
2026-04-14,S017,12,12
2026-04-14,S017,13,10
2026-04-14,S017,14,11
2026-04-14,S017,15,15
2026-04-14,S017,16,23
2026-04-14,S017,17,15
2026-04-14,S017,18,19
2026-04-14,S017,19,10
2026-04-14,S017,20,9
2026-04-14,S017,21,1
2026-04-14,S017,22,4
2026-04-14,S017,23,0
2026-04-14,S018,5,2
2026-04-14,S018,6,22
2026-04-14,S018,7,13
2026-04-14,S018,8,26
2026-04-14,S018,9,23
2026-04-14,S018,10,20
2026-04-14,S018,11,16
2026-04-14,S018,12,20
2026-04-14,S018,13,18
2026-04-14,S018,14,17
2026-04-14,S018,15,25
2026-04-14,S018,16,26
2026-04-14,S018,17,27
2026-04-14,S018,18,15
2026-04-14,S018,19,16
2026-04-14,S018,20,7
2026-04-14,S018,21,5
2026-04-14,S018,22,8
2026-04-14,S018,23,2
2026-04-15,S001,5,5
2026-04-15,S001,6,15
2026-04-15,S001,7,38
2026-04-15,S001,8,48
2026-04-15,S001,9,34
2026-04-15,S001,10,26
2026-04-15,S001,11,30
2026-04-15,S001,12,24
2026-04-15,S001,13,29
2026-04-15,S001,14,26
2026-04-15,S001,15,28
2026-04-15,S001,16,53
2026-04-15,S001,17,42
2026-04-15,S001,18,31
2026-04-15,S001,19,25
2026-04-15,S001,20,11
2026-04-15,S001,21,18
2026-04-15,S001,22,8
2026-04-15,S001,23,5
2026-04-15,S002,5,8
2026-04-15,S002,6,17
2026-04-15,S002,7,27
2026-04-15,S002,8,32
2026-04-15,S002,9,23
2026-04-15,S002,10,17
2026-04-15,S002,11,20
2026-04-15,S002,12,17
2026-04-15,S002,13,18
2026-04-15,S002,14,22
2026-04-15,S002,15,21
2026-04-15,S002,16,40
2026-04-15,S002,17,36
2026-04-15,S002,18,31
2026-04-15,S002,19,24
2026-04-15,S002,20,10
2026-04-15,S002,21,7
2026-04-15,S002,22,5
2026-04-15,S002,23,0
2026-04-15,S003,5,2
2026-04-15,S003,6,7
2026-04-15,S003,7,18
2026-04-15,S003,8,14
2026-04-15,S003,9,12
2026-04-15,S003,10,9
2026-04-15,S003,11,11
2026-04-15,S003,12,15
2026-04-15,S003,13,11
2026-04-15,S003,14,13
2026-04-15,S003,15,14
2026-04-15,S003,16,21
2026-04-15,S003,17,20
2026-04-15,S003,18,16
2026-04-15,S003,19,10
2026-04-15,S003,20,4
2026-04-15,S003,21,3
2026-04-15,S003,22,2
2026-04-15,S003,23,1
2026-04-15,S004,5,2
2026-04-15,S004,6,7
2026-04-15,S004,7,8
2026-04-15,S004,8,13
2026-04-15,S004,9,10
2026-04-15,S004,10,8
2026-04-15,S004,11,9
2026-04-15,S004,12,15
2026-04-15,S004,13,4
2026-04-15,S004,14,9
2026-04-15,S004,15,16
2026-04-15,S004,16,13
2026-04-15,S004,17,12
2026-04-15,S004,18,9
2026-04-15,S004,19,9
2026-04-15,S004,20,11
2026-04-15,S004,21,9
2026-04-15,S004,22,1
2026-04-15,S004,23,1
2026-04-15,S005,5,6
2026-04-15,S005,6,13
2026-04-15,S005,7,22
2026-04-15,S005,8,23
2026-04-15,S005,9,9
2026-04-15,S005,10,17
2026-04-15,S005,11,14
2026-04-15,S005,12,11
2026-04-15,S005,13,13
2026-04-15,S005,14,11
2026-04-15,S005,15,24
2026-04-15,S005,16,27
2026-04-15,S005,17,30
2026-04-15,S005,18,15
2026-04-15,S005,19,12
2026-04-15,S005,20,4
2026-04-15,S005,21,5
2026-04-15,S005,22,5
2026-04-15,S005,23,3
2026-04-15,S006,5,6
2026-04-15,S006,6,8
2026-04-15,S006,7,7
2026-04-15,S006,8,17
2026-04-15,S006,9,11
2026-04-15,S006,10,6
2026-04-15,S006,11,5
2026-04-15,S006,12,11
2026-04-15,S006,13,15
2026-04-15,S006,14,11
2026-04-15,S006,15,19
2026-04-15,S006,16,13
2026-04-15,S006,17,24
2026-04-15,S006,18,6
2026-04-15,S006,19,6
2026-04-15,S006,20,6
2026-04-15,S006,21,5
2026-04-15,S006,22,2
2026-04-15,S006,23,0
2026-04-15,S007,5,4
2026-04-15,S007,6,6
2026-04-15,S007,7,10
2026-04-15,S007,8,9
2026-04-15,S007,9,10
2026-04-15,S007,10,7
2026-04-15,S007,11,8
2026-04-15,S007,12,4
2026-04-15,S007,13,13
2026-04-15,S007,14,4
2026-04-15,S007,15,9
2026-04-15,S007,16,13
2026-04-15,S007,17,12
2026-04-15,S007,18,13
2026-04-15,S007,19,3
2026-04-15,S007,20,4
2026-04-15,S007,21,2
2026-04-15,S007,22,3
2026-04-15,S007,23,2
2026-04-15,S008,5,6
2026-04-15,S008,6,11
2026-04-15,S008,7,19
2026-04-15,S008,8,23
2026-04-15,S008,9,19
2026-04-15,S008,10,6
2026-04-15,S008,11,7
2026-04-15,S008,12,14
2026-04-15,S008,13,12
2026-04-15,S008,14,17
2026-04-15,S008,15,19
2026-04-15,S008,16,24
2026-04-15,S008,17,20
2026-04-15,S008,18,25
2026-04-15,S008,19,8
2026-04-15,S008,20,3
2026-04-15,S008,21,5
2026-04-15,S008,22,4
2026-04-15,S008,23,3
2026-04-15,S009,5,6
2026-04-15,S009,6,13
2026-04-15,S009,7,31
2026-04-15,S009,8,29
2026-04-15,S009,9,22
2026-04-15,S009,10,16
2026-04-15,S009,11,14
2026-04-15,S009,12,15
2026-04-15,S009,13,15
2026-04-15,S009,14,24
2026-04-15,S009,15,26
2026-04-15,S009,16,24
2026-04-15,S009,17,33
2026-04-15,S009,18,19
2026-04-15,S009,19,12
2026-04-15,S009,20,12
2026-04-15,S009,21,4
2026-04-15,S009,22,6
2026-04-15,S009,23,2
2026-04-15,S010,5,1
2026-04-15,S010,6,9
2026-04-15,S010,7,12
2026-04-15,S010,8,19
2026-04-15,S010,9,10
2026-04-15,S010,10,9
2026-04-15,S010,11,12
2026-04-15,S010,12,10
2026-04-15,S010,13,13
2026-04-15,S010,14,21
2026-04-15,S010,15,15
2026-04-15,S010,16,19
2026-04-15,S010,17,17
2026-04-15,S010,18,8
2026-04-15,S010,19,7
2026-04-15,S010,20,10
2026-04-15,S010,21,6
2026-04-15,S010,22,8
2026-04-15,S010,23,1
2026-04-15,S011,5,1
2026-04-15,S011,6,3
2026-04-15,S011,7,16
2026-04-15,S011,8,10
2026-04-15,S011,9,4
2026-04-15,S011,10,8
2026-04-15,S011,11,7
2026-04-15,S011,12,9
2026-04-15,S011,13,6
2026-04-15,S011,14,5
2026-04-15,S011,15,9
2026-04-15,S011,16,12
2026-04-15,S011,17,6
2026-04-15,S011,18,4
2026-04-15,S011,19,2
2026-04-15,S011,20,3
2026-04-15,S011,21,2
2026-04-15,S011,22,0
2026-04-15,S011,23,0
2026-04-15,S012,5,7
2026-04-15,S012,6,19
2026-04-15,S012,7,11
2026-04-15,S012,8,16
2026-04-15,S012,9,7
2026-04-15,S012,10,9
2026-04-15,S012,11,7
2026-04-15,S012,12,13
2026-04-15,S012,13,12
2026-04-15,S012,14,19
2026-04-15,S012,15,21
2026-04-15,S012,16,18
2026-04-15,S012,17,26
2026-04-15,S012,18,13
2026-04-15,S012,19,14
2026-04-15,S012,20,12
2026-04-15,S012,21,5
2026-04-15,S012,22,4
2026-04-15,S012,23,1
2026-04-15,S013,5,13
2026-04-15,S013,6,26
2026-04-15,S013,7,60
2026-04-15,S013,8,59
2026-04-15,S013,9,39
2026-04-15,S013,10,34
2026-04-15,S013,11,37
2026-04-15,S013,12,39
2026-04-15,S013,13,40
2026-04-15,S013,14,50
2026-04-15,S013,15,31
2026-04-15,S013,16,58
2026-04-15,S013,17,59
2026-04-15,S013,18,53
2026-04-15,S013,19,34
2026-04-15,S013,20,28
2026-04-15,S013,21,16
2026-04-15,S013,22,13
2026-04-15,S013,23,4
2026-04-15,S014,5,0
2026-04-15,S014,6,7
2026-04-15,S014,7,6
2026-04-15,S014,8,8
2026-04-15,S014,9,9
2026-04-15,S014,10,6
2026-04-15,S014,11,4
2026-04-15,S014,12,3
2026-04-15,S014,13,4
2026-04-15,S014,14,10
2026-04-15,S014,15,16
2026-04-15,S014,16,11
2026-04-15,S014,17,9
2026-04-15,S014,18,7
2026-04-15,S014,19,4
2026-04-15,S014,20,4
2026-04-15,S014,21,5
2026-04-15,S014,22,3
2026-04-15,S014,23,1
2026-04-15,S015,5,5
2026-04-15,S015,6,11
2026-04-15,S015,7,15
2026-04-15,S015,8,23
2026-04-15,S015,9,10
2026-04-15,S015,10,12
2026-04-15,S015,11,10
2026-04-15,S015,12,21
2026-04-15,S015,13,13
2026-04-15,S015,14,12
2026-04-15,S015,15,21
2026-04-15,S015,16,21
2026-04-15,S015,17,17
2026-04-15,S015,18,17
2026-04-15,S015,19,8
2026-04-15,S015,20,8
2026-04-15,S015,21,8
2026-04-15,S015,22,2
2026-04-15,S015,23,1
2026-04-15,S016,5,12
2026-04-15,S016,6,33
2026-04-15,S016,7,48
2026-04-15,S016,8,67
2026-04-15,S016,9,42
2026-04-15,S016,10,32
2026-04-15,S016,11,18
2026-04-15,S016,12,24
2026-04-15,S016,13,29
2026-04-15,S016,14,32
2026-04-15,S016,15,29
2026-04-15,S016,16,51
2026-04-15,S016,17,51
2026-04-15,S016,18,48
2026-04-15,S016,19,22
2026-04-15,S016,20,12
2026-04-15,S016,21,16
2026-04-15,S016,22,11
2026-04-15,S016,23,0
2026-04-15,S017,5,2
2026-04-15,S017,6,4
2026-04-15,S017,7,18
2026-04-15,S017,8,14
2026-04-15,S017,9,9
2026-04-15,S017,10,6
2026-04-15,S017,11,7
2026-04-15,S017,12,8
2026-04-15,S017,13,18
2026-04-15,S017,14,15
2026-04-15,S017,15,21
2026-04-15,S017,16,19
2026-04-15,S017,17,19
2026-04-15,S017,18,16
2026-04-15,S017,19,8
2026-04-15,S017,20,11
2026-04-15,S017,21,1
2026-04-15,S017,22,5
2026-04-15,S017,23,1
2026-04-15,S018,5,3
2026-04-15,S018,6,14
2026-04-15,S018,7,18
2026-04-15,S018,8,31
2026-04-15,S018,9,16
2026-04-15,S018,10,12
2026-04-15,S018,11,18
2026-04-15,S018,12,19
2026-04-15,S018,13,14
2026-04-15,S018,14,15
2026-04-15,S018,15,16
2026-04-15,S018,16,35
2026-04-15,S018,17,36
2026-04-15,S018,18,25
2026-04-15,S018,19,9
2026-04-15,S018,20,8
2026-04-15,S018,21,13
2026-04-15,S018,22,7
2026-04-15,S018,23,4
2026-04-16,S001,5,6
2026-04-16,S001,6,13
2026-04-16,S001,7,51
2026-04-16,S001,8,47
2026-04-16,S001,9,39
2026-04-16,S001,10,23
2026-04-16,S001,11,23
2026-04-16,S001,12,39
2026-04-16,S001,13,35
2026-04-16,S001,14,28
2026-04-16,S001,15,46
2026-04-16,S001,16,50
2026-04-16,S001,17,35
2026-04-16,S001,18,38
2026-04-16,S001,19,27
2026-04-16,S001,20,16
2026-04-16,S001,21,13
2026-04-16,S001,22,5
2026-04-16,S001,23,4
2026-04-16,S002,5,7
2026-04-16,S002,6,11
2026-04-16,S002,7,24
2026-04-16,S002,8,39
2026-04-16,S002,9,25
2026-04-16,S002,10,26
2026-04-16,S002,11,15
2026-04-16,S002,12,27
2026-04-16,S002,13,24
2026-04-16,S002,14,27
2026-04-16,S002,15,31
2026-04-16,S002,16,29
2026-04-16,S002,17,38
2026-04-16,S002,18,27
2026-04-16,S002,19,12
2026-04-16,S002,20,14
2026-04-16,S002,21,17
2026-04-16,S002,22,7
2026-04-16,S002,23,5
2026-04-16,S003,5,6
2026-04-16,S003,6,10
2026-04-16,S003,7,15
2026-04-16,S003,8,19
2026-04-16,S003,9,12
2026-04-16,S003,10,8
2026-04-16,S003,11,13
2026-04-16,S003,12,13
2026-04-16,S003,13,11
2026-04-16,S003,14,10
2026-04-16,S003,15,21
2026-04-16,S003,16,24
2026-04-16,S003,17,22
2026-04-16,S003,18,15
2026-04-16,S003,19,10
2026-04-16,S003,20,4
2026-04-16,S003,21,4
2026-04-16,S003,22,4
2026-04-16,S003,23,0
2026-04-16,S004,5,4
2026-04-16,S004,6,11
2026-04-16,S004,7,16
2026-04-16,S004,8,19
2026-04-16,S004,9,12
2026-04-16,S004,10,14
2026-04-16,S004,11,6
2026-04-16,S004,12,11
2026-04-16,S004,13,14
2026-04-16,S004,14,8
2026-04-16,S004,15,20
2026-04-16,S004,16,18
2026-04-16,S004,17,18
2026-04-16,S004,18,18
2026-04-16,S004,19,9
2026-04-16,S004,20,8
2026-04-16,S004,21,5
2026-04-16,S004,22,1
2026-04-16,S004,23,2
2026-04-16,S005,5,4
2026-04-16,S005,6,13
2026-04-16,S005,7,24
2026-04-16,S005,8,22
2026-04-16,S005,9,17
2026-04-16,S005,10,10
2026-04-16,S005,11,11
2026-04-16,S005,12,10
2026-04-16,S005,13,12
2026-04-16,S005,14,10
2026-04-16,S005,15,20
2026-04-16,S005,16,22
2026-04-16,S005,17,26
2026-04-16,S005,18,17
2026-04-16,S005,19,19
2026-04-16,S005,20,10
2026-04-16,S005,21,4
2026-04-16,S005,22,1
2026-04-16,S005,23,1
2026-04-16,S006,5,3
2026-04-16,S006,6,6
2026-04-16,S006,7,10
2026-04-16,S006,8,14
2026-04-16,S006,9,7
2026-04-16,S006,10,15
2026-04-16,S006,11,7
2026-04-16,S006,12,12
2026-04-16,S006,13,8
2026-04-16,S006,14,9
2026-04-16,S006,15,15
2026-04-16,S006,16,16
2026-04-16,S006,17,11
2026-04-16,S006,18,11
2026-04-16,S006,19,14
2026-04-16,S006,20,2
2026-04-16,S006,21,2
2026-04-16,S006,22,3
2026-04-16,S006,23,3
2026-04-16,S007,5,7
2026-04-16,S007,6,5
2026-04-16,S007,7,7
2026-04-16,S007,8,18
2026-04-16,S007,9,9
2026-04-16,S007,10,0
2026-04-16,S007,11,3
2026-04-16,S007,12,1
2026-04-16,S007,13,9
2026-04-16,S007,14,9
2026-04-16,S007,15,12
2026-04-16,S007,16,11
2026-04-16,S007,17,6
2026-04-16,S007,18,5
2026-04-16,S007,19,3
2026-04-16,S007,20,4
2026-04-16,S007,21,2
2026-04-16,S007,22,1
2026-04-16,S007,23,0
2026-04-16,S008,5,4
2026-04-16,S008,6,12
2026-04-16,S008,7,19
2026-04-16,S008,8,23
2026-04-16,S008,9,15
2026-04-16,S008,10,11
2026-04-16,S008,11,15
2026-04-16,S008,12,18
2026-04-16,S008,13,10
2026-04-16,S008,14,8
2026-04-16,S008,15,18
2026-04-16,S008,16,15
2026-04-16,S008,17,28
2026-04-16,S008,18,9
2026-04-16,S008,19,13
2026-04-16,S008,20,3
2026-04-16,S008,21,4
2026-04-16,S008,22,8
2026-04-16,S008,23,2
2026-04-16,S009,5,5
2026-04-16,S009,6,16
2026-04-16,S009,7,21
2026-04-16,S009,8,24
2026-04-16,S009,9,23
2026-04-16,S009,10,14
2026-04-16,S009,11,27
2026-04-16,S009,12,27
2026-04-16,S009,13,20
2026-04-16,S009,14,22
2026-04-16,S009,15,17
2026-04-16,S009,16,36
2026-04-16,S009,17,25
2026-04-16,S009,18,22
2026-04-16,S009,19,11
2026-04-16,S009,20,14
2026-04-16,S009,21,7
2026-04-16,S009,22,4
2026-04-16,S009,23,2
2026-04-16,S010,5,3
2026-04-16,S010,6,5
2026-04-16,S010,7,19
2026-04-16,S010,8,20
2026-04-16,S010,9,15
2026-04-16,S010,10,13
2026-04-16,S010,11,6
2026-04-16,S010,12,10
2026-04-16,S010,13,10
2026-04-16,S010,14,9
2026-04-16,S010,15,7
2026-04-16,S010,16,15
2026-04-16,S010,17,18
2026-04-16,S010,18,11
2026-04-16,S010,19,6
2026-04-16,S010,20,8
2026-04-16,S010,21,3
2026-04-16,S010,22,0
2026-04-16,S010,23,3
2026-04-16,S011,5,3
2026-04-16,S011,6,3
2026-04-16,S011,7,4
2026-04-16,S011,8,8
2026-04-16,S011,9,7
2026-04-16,S011,10,11
2026-04-16,S011,11,2
2026-04-16,S011,12,5
2026-04-16,S011,13,6
2026-04-16,S011,14,3
2026-04-16,S011,15,4
2026-04-16,S011,16,9
2026-04-16,S011,17,6
2026-04-16,S011,18,7
2026-04-16,S011,19,3
2026-04-16,S011,20,4
2026-04-16,S011,21,2
2026-04-16,S011,22,2
2026-04-16,S011,23,2
2026-04-16,S012,5,2
2026-04-16,S012,6,4
2026-04-16,S012,7,14
2026-04-16,S012,8,19
2026-04-16,S012,9,18
2026-04-16,S012,10,15
2026-04-16,S012,11,12
2026-04-16,S012,12,11
2026-04-16,S012,13,6
2026-04-16,S012,14,13
2026-04-16,S012,15,17
2026-04-16,S012,16,23
2026-04-16,S012,17,25
2026-04-16,S012,18,13
2026-04-16,S012,19,5
2026-04-16,S012,20,6
2026-04-16,S012,21,9
2026-04-16,S012,22,0
2026-04-16,S012,23,2
2026-04-16,S013,5,6
2026-04-16,S013,6,20
2026-04-16,S013,7,47
2026-04-16,S013,8,54
2026-04-16,S013,9,42
2026-04-16,S013,10,30
2026-04-16,S013,11,28
2026-04-16,S013,12,27
2026-04-16,S013,13,38
2026-04-16,S013,14,38
2026-04-16,S013,15,39
2026-04-16,S013,16,48
2026-04-16,S013,17,65
2026-04-16,S013,18,54
2026-04-16,S013,19,34
2026-04-16,S013,20,21
2026-04-16,S013,21,16
2026-04-16,S013,22,13
2026-04-16,S013,23,5
2026-04-16,S014,5,2
2026-04-16,S014,6,9
2026-04-16,S014,7,6
2026-04-16,S014,8,11
2026-04-16,S014,9,9
2026-04-16,S014,10,5
2026-04-16,S014,11,7
2026-04-16,S014,12,7
2026-04-16,S014,13,7
2026-04-16,S014,14,4
2026-04-16,S014,15,5
2026-04-16,S014,16,15
2026-04-16,S014,17,15
2026-04-16,S014,18,3
2026-04-16,S014,19,7
2026-04-16,S014,20,10
2026-04-16,S014,21,7
2026-04-16,S014,22,2
2026-04-16,S014,23,1
2026-04-16,S015,5,3
2026-04-16,S015,6,10
2026-04-16,S015,7,21
2026-04-16,S015,8,19
2026-04-16,S015,9,23
2026-04-16,S015,10,20
2026-04-16,S015,11,10
2026-04-16,S015,12,13
2026-04-16,S015,13,15
2026-04-16,S015,14,18
2026-04-16,S015,15,19
2026-04-16,S015,16,23
2026-04-16,S015,17,15
2026-04-16,S015,18,22
2026-04-16,S015,19,13
2026-04-16,S015,20,8
2026-04-16,S015,21,5
2026-04-16,S015,22,4
2026-04-16,S015,23,1
2026-04-16,S016,5,10
2026-04-16,S016,6,28
2026-04-16,S016,7,37
2026-04-16,S016,8,43
2026-04-16,S016,9,35
2026-04-16,S016,10,34
2026-04-16,S016,11,21
2026-04-16,S016,12,33
2026-04-16,S016,13,27
2026-04-16,S016,14,24
2026-04-16,S016,15,35
2026-04-16,S016,16,50
2026-04-16,S016,17,41
2026-04-16,S016,18,37
2026-04-16,S016,19,26
2026-04-16,S016,20,19
2026-04-16,S016,21,11
2026-04-16,S016,22,7
2026-04-16,S016,23,5
2026-04-16,S017,5,4
2026-04-16,S017,6,6
2026-04-16,S017,7,16
2026-04-16,S017,8,20
2026-04-16,S017,9,11
2026-04-16,S017,10,12
2026-04-16,S017,11,8
2026-04-16,S017,12,10
2026-04-16,S017,13,10
2026-04-16,S017,14,15
2026-04-16,S017,15,14
2026-04-16,S017,16,21
2026-04-16,S017,17,15
2026-04-16,S017,18,11
2026-04-16,S017,19,5
2026-04-16,S017,20,5
2026-04-16,S017,21,8
2026-04-16,S017,22,3
2026-04-16,S017,23,3
2026-04-16,S018,5,5
2026-04-16,S018,6,18
2026-04-16,S018,7,27
2026-04-16,S018,8,28
2026-04-16,S018,9,24
2026-04-16,S018,10,14
2026-04-16,S018,11,16
2026-04-16,S018,12,14
2026-04-16,S018,13,12
2026-04-16,S018,14,15
2026-04-16,S018,15,20
2026-04-16,S018,16,22
2026-04-16,S018,17,26
2026-04-16,S018,18,14
2026-04-16,S018,19,13
2026-04-16,S018,20,10
2026-04-16,S018,21,7
2026-04-16,S018,22,4
2026-04-16,S018,23,3
2026-04-17,S001,5,13
2026-04-17,S001,6,24
2026-04-17,S001,7,42
2026-04-17,S001,8,49
2026-04-17,S001,9,33
2026-04-17,S001,10,27
2026-04-17,S001,11,28
2026-04-17,S001,12,29
2026-04-17,S001,13,27
2026-04-17,S001,14,36
2026-04-17,S001,15,27
2026-04-17,S001,16,40
2026-04-17,S001,17,45
2026-04-17,S001,18,37
2026-04-17,S001,19,20
2026-04-17,S001,20,22
2026-04-17,S001,21,14
2026-04-17,S001,22,9
2026-04-17,S001,23,6
2026-04-17,S002,5,6
2026-04-17,S002,6,24
2026-04-17,S002,7,33
2026-04-17,S002,8,28
2026-04-17,S002,9,28
2026-04-17,S002,10,26
2026-04-17,S002,11,19
2026-04-17,S002,12,23
2026-04-17,S002,13,24
2026-04-17,S002,14,14
2026-04-17,S002,15,18
2026-04-17,S002,16,37
2026-04-17,S002,17,38
2026-04-17,S002,18,24
2026-04-17,S002,19,17
2026-04-17,S002,20,12
2026-04-17,S002,21,11
2026-04-17,S002,22,9
2026-04-17,S002,23,4
2026-04-17,S003,5,5
2026-04-17,S003,6,14
2026-04-17,S003,7,16
2026-04-17,S003,8,19
2026-04-17,S003,9,14
2026-04-17,S003,10,9
2026-04-17,S003,11,7
2026-04-17,S003,12,16
2026-04-17,S003,13,9
2026-04-17,S003,14,8
2026-04-17,S003,15,11
2026-04-17,S003,16,20
2026-04-17,S003,17,17
2026-04-17,S003,18,15
2026-04-17,S003,19,9
2026-04-17,S003,20,8
2026-04-17,S003,21,2
2026-04-17,S003,22,4
2026-04-17,S003,23,1
2026-04-17,S004,5,3
2026-04-17,S004,6,9
2026-04-17,S004,7,11
2026-04-17,S004,8,26
2026-04-17,S004,9,18
2026-04-17,S004,10,10
2026-04-17,S004,11,6
2026-04-17,S004,12,4
2026-04-17,S004,13,7
2026-04-17,S004,14,6
2026-04-17,S004,15,6
2026-04-17,S004,16,15
2026-04-17,S004,17,14
2026-04-17,S004,18,10
2026-04-17,S004,19,11
2026-04-17,S004,20,7
2026-04-17,S004,21,5
2026-04-17,S004,22,1
2026-04-17,S004,23,0
2026-04-17,S005,5,4
2026-04-17,S005,6,11
2026-04-17,S005,7,19
2026-04-17,S005,8,24
2026-04-17,S005,9,17
2026-04-17,S005,10,15
2026-04-17,S005,11,12
2026-04-17,S005,12,10
2026-04-17,S005,13,24
2026-04-17,S005,14,20
2026-04-17,S005,15,11
2026-04-17,S005,16,22
2026-04-17,S005,17,30
2026-04-17,S005,18,23
2026-04-17,S005,19,15
2026-04-17,S005,20,13
2026-04-17,S005,21,3
2026-04-17,S005,22,2
2026-04-17,S005,23,1
2026-04-17,S006,5,2
2026-04-17,S006,6,4
2026-04-17,S006,7,14
2026-04-17,S006,8,17
2026-04-17,S006,9,18
2026-04-17,S006,10,13
2026-04-17,S006,11,8
2026-04-17,S006,12,14
2026-04-17,S006,13,6
2026-04-17,S006,14,4
2026-04-17,S006,15,12
2026-04-17,S006,16,20
2026-04-17,S006,17,14
2026-04-17,S006,18,10
2026-04-17,S006,19,10
2026-04-17,S006,20,8
2026-04-17,S006,21,6
2026-04-17,S006,22,3
2026-04-17,S006,23,3
2026-04-17,S007,5,3
2026-04-17,S007,6,7
2026-04-17,S007,7,17
2026-04-17,S007,8,14
2026-04-17,S007,9,10
2026-04-17,S007,10,6
2026-04-17,S007,11,8
2026-04-17,S007,12,1
2026-04-17,S007,13,12
2026-04-17,S007,14,5
2026-04-17,S007,15,12
2026-04-17,S007,16,8
2026-04-17,S007,17,17
2026-04-17,S007,18,5
2026-04-17,S007,19,8
2026-04-17,S007,20,3
2026-04-17,S007,21,3
2026-04-17,S007,22,1
2026-04-17,S007,23,2
2026-04-17,S008,5,4
2026-04-17,S008,6,6
2026-04-17,S008,7,22
2026-04-17,S008,8,22
2026-04-17,S008,9,21
2026-04-17,S008,10,13
2026-04-17,S008,11,16
2026-04-17,S008,12,17
2026-04-17,S008,13,7
2026-04-17,S008,14,18
2026-04-17,S008,15,28
2026-04-17,S008,16,17
2026-04-17,S008,17,23
2026-04-17,S008,18,11
2026-04-17,S008,19,15
2026-04-17,S008,20,8
2026-04-17,S008,21,5
2026-04-17,S008,22,6
2026-04-17,S008,23,4
2026-04-17,S009,5,7
2026-04-17,S009,6,18
2026-04-17,S009,7,21
2026-04-17,S009,8,33
2026-04-17,S009,9,22
2026-04-17,S009,10,23
2026-04-17,S009,11,19
2026-04-17,S009,12,21
2026-04-17,S009,13,14
2026-04-17,S009,14,11
2026-04-17,S009,15,22
2026-04-17,S009,16,28
2026-04-17,S009,17,21
2026-04-17,S009,18,24
2026-04-17,S009,19,16
2026-04-17,S009,20,15
2026-04-17,S009,21,11
2026-04-17,S009,22,4
2026-04-17,S009,23,2
2026-04-17,S010,5,3
2026-04-17,S010,6,11
2026-04-17,S010,7,20
2026-04-17,S010,8,25
2026-04-17,S010,9,15
2026-04-17,S010,10,13
2026-04-17,S010,11,10
2026-04-17,S010,12,4
2026-04-17,S010,13,8
2026-04-17,S010,14,14
2026-04-17,S010,15,12
2026-04-17,S010,16,17
2026-04-17,S010,17,10
2026-04-17,S010,18,12
2026-04-17,S010,19,4
2026-04-17,S010,20,9
2026-04-17,S010,21,7
2026-04-17,S010,22,4
2026-04-17,S010,23,3
2026-04-17,S011,5,0
2026-04-17,S011,6,7
2026-04-17,S011,7,10
2026-04-17,S011,8,9
2026-04-17,S011,9,7
2026-04-17,S011,10,8
2026-04-17,S011,11,4
2026-04-17,S011,12,8
2026-04-17,S011,13,3
2026-04-17,S011,14,7
2026-04-17,S011,15,5
2026-04-17,S011,16,8
2026-04-17,S011,17,20
2026-04-17,S011,18,8
2026-04-17,S011,19,5
2026-04-17,S011,20,2
2026-04-17,S011,21,2
2026-04-17,S011,22,2
2026-04-17,S011,23,1
2026-04-17,S012,5,5
2026-04-17,S012,6,10
2026-04-17,S012,7,6
2026-04-17,S012,8,24
2026-04-17,S012,9,17
2026-04-17,S012,10,18
2026-04-17,S012,11,19
2026-04-17,S012,12,9
2026-04-17,S012,13,8
2026-04-17,S012,14,19
2026-04-17,S012,15,15
2026-04-17,S012,16,19
2026-04-17,S012,17,24
2026-04-17,S012,18,17
2026-04-17,S012,19,13
2026-04-17,S012,20,8
2026-04-17,S012,21,4
2026-04-17,S012,22,0
2026-04-17,S012,23,5
2026-04-17,S013,5,14
2026-04-17,S013,6,41
2026-04-17,S013,7,71
2026-04-17,S013,8,64
2026-04-17,S013,9,47
2026-04-17,S013,10,38
2026-04-17,S013,11,30
2026-04-17,S013,12,33
2026-04-17,S013,13,35
2026-04-17,S013,14,39
2026-04-17,S013,15,61
2026-04-17,S013,16,55
2026-04-17,S013,17,66
2026-04-17,S013,18,42
2026-04-17,S013,19,30
2026-04-17,S013,20,27
2026-04-17,S013,21,13
2026-04-17,S013,22,6
2026-04-17,S013,23,5
2026-04-17,S014,5,3
2026-04-17,S014,6,5
2026-04-17,S014,7,9
2026-04-17,S014,8,7
2026-04-17,S014,9,12
2026-04-17,S014,10,6
2026-04-17,S014,11,12
2026-04-17,S014,12,5
2026-04-17,S014,13,4
2026-04-17,S014,14,7
2026-04-17,S014,15,9
2026-04-17,S014,16,11
2026-04-17,S014,17,13
2026-04-17,S014,18,15
2026-04-17,S014,19,7
2026-04-17,S014,20,1
2026-04-17,S014,21,3
2026-04-17,S014,22,3
2026-04-17,S014,23,0
2026-04-17,S015,5,2
2026-04-17,S015,6,15
2026-04-17,S015,7,19
2026-04-17,S015,8,29
2026-04-17,S015,9,19
2026-04-17,S015,10,10
2026-04-17,S015,11,11
2026-04-17,S015,12,11
2026-04-17,S015,13,11
2026-04-17,S015,14,15
2026-04-17,S015,15,18
2026-04-17,S015,16,19
2026-04-17,S015,17,21
2026-04-17,S015,18,18
2026-04-17,S015,19,4
2026-04-17,S015,20,6
2026-04-17,S015,21,8
2026-04-17,S015,22,6
2026-04-17,S015,23,1
2026-04-17,S016,5,15
2026-04-17,S016,6,25
2026-04-17,S016,7,49
2026-04-17,S016,8,50
2026-04-17,S016,9,36
2026-04-17,S016,10,26
2026-04-17,S016,11,26
2026-04-17,S016,12,41
2026-04-17,S016,13,28
2026-04-17,S016,14,40
2026-04-17,S016,15,41
2026-04-17,S016,16,46
2026-04-17,S016,17,47
2026-04-17,S016,18,44
2026-04-17,S016,19,23
2026-04-17,S016,20,22
2026-04-17,S016,21,12
2026-04-17,S016,22,6
2026-04-17,S016,23,7
2026-04-17,S017,5,3
2026-04-17,S017,6,10
2026-04-17,S017,7,25
2026-04-17,S017,8,21
2026-04-17,S017,9,15
2026-04-17,S017,10,6
2026-04-17,S017,11,11
2026-04-17,S017,12,11
2026-04-17,S017,13,10
2026-04-17,S017,14,13
2026-04-17,S017,15,13
2026-04-17,S017,16,15
2026-04-17,S017,17,14
2026-04-17,S017,18,14
2026-04-17,S017,19,5
2026-04-17,S017,20,3
2026-04-17,S017,21,3
2026-04-17,S017,22,2
2026-04-17,S017,23,4
2026-04-17,S018,5,2
2026-04-17,S018,6,13
2026-04-17,S018,7,20
2026-04-17,S018,8,36
2026-04-17,S018,9,17
2026-04-17,S018,10,21
2026-04-17,S018,11,14
2026-04-17,S018,12,18
2026-04-17,S018,13,19
2026-04-17,S018,14,16
2026-04-17,S018,15,11
2026-04-17,S018,16,26
2026-04-17,S018,17,32
2026-04-17,S018,18,16
2026-04-17,S018,19,10
2026-04-17,S018,20,7
2026-04-17,S018,21,10
2026-04-17,S018,22,4
2026-04-17,S018,23,6
2026-04-18,S001,5,4
2026-04-18,S001,6,5
2026-04-18,S001,7,14
2026-04-18,S001,8,15
2026-04-18,S001,9,26
2026-04-18,S001,10,29
2026-04-18,S001,11,44
2026-04-18,S001,12,28
2026-04-18,S001,13,38
2026-04-18,S001,14,38
2026-04-18,S001,15,33
2026-04-18,S001,16,37
2026-04-18,S001,17,37
2026-04-18,S001,18,23
2026-04-18,S001,19,25
2026-04-18,S001,20,21
2026-04-18,S001,21,13
2026-04-18,S001,22,7
2026-04-18,S001,23,12
2026-04-18,S002,5,3
2026-04-18,S002,6,3
2026-04-18,S002,7,5
2026-04-18,S002,8,10
2026-04-18,S002,9,22
2026-04-18,S002,10,25
2026-04-18,S002,11,29
2026-04-18,S002,12,28
2026-04-18,S002,13,26
2026-04-18,S002,14,39
2026-04-18,S002,15,33
2026-04-18,S002,16,36
2026-04-18,S002,17,23
2026-04-18,S002,18,12
2026-04-18,S002,19,15
2026-04-18,S002,20,8
2026-04-18,S002,21,17
2026-04-18,S002,22,11
2026-04-18,S002,23,5
2026-04-18,S003,5,1
2026-04-18,S003,6,4
2026-04-18,S003,7,7
2026-04-18,S003,8,7
2026-04-18,S003,9,11
2026-04-18,S003,10,7
2026-04-18,S003,11,12
2026-04-18,S003,12,21
2026-04-18,S003,13,21
2026-04-18,S003,14,16
2026-04-18,S003,15,16
2026-04-18,S003,16,12
2026-04-18,S003,17,9
2026-04-18,S003,18,9
2026-04-18,S003,19,6
2026-04-18,S003,20,3
2026-04-18,S003,21,4
2026-04-18,S003,22,2
2026-04-18,S003,23,2
2026-04-18,S004,5,1
2026-04-18,S004,6,2
2026-04-18,S004,7,5
2026-04-18,S004,8,4
2026-04-18,S004,9,7
2026-04-18,S004,10,2
2026-04-18,S004,11,9
2026-04-18,S004,12,13
2026-04-18,S004,13,7
2026-04-18,S004,14,15
2026-04-18,S004,15,16
2026-04-18,S004,16,13
2026-04-18,S004,17,12
2026-04-18,S004,18,11
2026-04-18,S004,19,8
2026-04-18,S004,20,7
2026-04-18,S004,21,13
2026-04-18,S004,22,4
2026-04-18,S004,23,3
2026-04-18,S005,5,3
2026-04-18,S005,6,2
2026-04-18,S005,7,3
2026-04-18,S005,8,6
2026-04-18,S005,9,11
2026-04-18,S005,10,14
2026-04-18,S005,11,16
2026-04-18,S005,12,27
2026-04-18,S005,13,24
2026-04-18,S005,14,21
2026-04-18,S005,15,17
2026-04-18,S005,16,22
2026-04-18,S005,17,24
2026-04-18,S005,18,12
2026-04-18,S005,19,11
2026-04-18,S005,20,14
2026-04-18,S005,21,9
2026-04-18,S005,22,4
2026-04-18,S005,23,4
2026-04-18,S006,5,1
2026-04-18,S006,6,2
2026-04-18,S006,7,1
2026-04-18,S006,8,5
2026-04-18,S006,9,3
2026-04-18,S006,10,10
2026-04-18,S006,11,17
2026-04-18,S006,12,13
2026-04-18,S006,13,12
2026-04-18,S006,14,21
2026-04-18,S006,15,12
2026-04-18,S006,16,9
2026-04-18,S006,17,12
2026-04-18,S006,18,14
2026-04-18,S006,19,10
2026-04-18,S006,20,6
2026-04-18,S006,21,6
2026-04-18,S006,22,5
2026-04-18,S006,23,3
2026-04-18,S007,5,4
2026-04-18,S007,6,1
2026-04-18,S007,7,1
2026-04-18,S007,8,4
2026-04-18,S007,9,6
2026-04-18,S007,10,2
2026-04-18,S007,11,12
2026-04-18,S007,12,9
2026-04-18,S007,13,16
2026-04-18,S007,14,13
2026-04-18,S007,15,9
2026-04-18,S007,16,7
2026-04-18,S007,17,12
2026-04-18,S007,18,5
2026-04-18,S007,19,5
2026-04-18,S007,20,5
2026-04-18,S007,21,4
2026-04-18,S007,22,1
2026-04-18,S007,23,7
2026-04-18,S008,5,2
2026-04-18,S008,6,4
2026-04-18,S008,7,3
2026-04-18,S008,8,3
2026-04-18,S008,9,14
2026-04-18,S008,10,18
2026-04-18,S008,11,13
2026-04-18,S008,12,20
2026-04-18,S008,13,19
2026-04-18,S008,14,14
2026-04-18,S008,15,20
2026-04-18,S008,16,16
2026-04-18,S008,17,15
2026-04-18,S008,18,11
2026-04-18,S008,19,10
2026-04-18,S008,20,5
2026-04-18,S008,21,8
2026-04-18,S008,22,3
2026-04-18,S008,23,5
2026-04-18,S009,5,0
2026-04-18,S009,6,4
2026-04-18,S009,7,3
2026-04-18,S009,8,9
2026-04-18,S009,9,10
2026-04-18,S009,10,17
2026-04-18,S009,11,17
2026-04-18,S009,12,21
2026-04-18,S009,13,34
2026-04-18,S009,14,24
2026-04-18,S009,15,17
2026-04-18,S009,16,19
2026-04-18,S009,17,16
2026-04-18,S009,18,22
2026-04-18,S009,19,19
2026-04-18,S009,20,12
2026-04-18,S009,21,8
2026-04-18,S009,22,9
2026-04-18,S009,23,5
2026-04-18,S010,5,1
2026-04-18,S010,6,1
2026-04-18,S010,7,5
2026-04-18,S010,8,5
2026-04-18,S010,9,9
2026-04-18,S010,10,9
2026-04-18,S010,11,20
2026-04-18,S010,12,15
2026-04-18,S010,13,14
2026-04-18,S010,14,16
2026-04-18,S010,15,9
2026-04-18,S010,16,8
2026-04-18,S010,17,9
2026-04-18,S010,18,9
2026-04-18,S010,19,11
2026-04-18,S010,20,7
2026-04-18,S010,21,10
2026-04-18,S010,22,2
2026-04-18,S010,23,2
2026-04-18,S011,5,0
2026-04-18,S011,6,3
2026-04-18,S011,7,2
2026-04-18,S011,8,6
2026-04-18,S011,9,5
2026-04-18,S011,10,5
2026-04-18,S011,11,4
2026-04-18,S011,12,7
2026-04-18,S011,13,7
2026-04-18,S011,14,7
2026-04-18,S011,15,3
2026-04-18,S011,16,3
2026-04-18,S011,17,8
2026-04-18,S011,18,14
2026-04-18,S011,19,3
2026-04-18,S011,20,9
2026-04-18,S011,21,3
2026-04-18,S011,22,4
2026-04-18,S011,23,2
2026-04-18,S012,5,1
2026-04-18,S012,6,2
2026-04-18,S012,7,12
2026-04-18,S012,8,7
2026-04-18,S012,9,12
2026-04-18,S012,10,9
2026-04-18,S012,11,17
2026-04-18,S012,12,10
2026-04-18,S012,13,21
2026-04-18,S012,14,11
2026-04-18,S012,15,24
2026-04-18,S012,16,17
2026-04-18,S012,17,15
2026-04-18,S012,18,11
2026-04-18,S012,19,12
2026-04-18,S012,20,8
2026-04-18,S012,21,7
2026-04-18,S012,22,6
2026-04-18,S012,23,3
2026-04-18,S013,5,2
2026-04-18,S013,6,7
2026-04-18,S013,7,20
2026-04-18,S013,8,11
2026-04-18,S013,9,24
2026-04-18,S013,10,33
2026-04-18,S013,11,43
2026-04-18,S013,12,35
2026-04-18,S013,13,65
2026-04-18,S013,14,56
2026-04-18,S013,15,48
2026-04-18,S013,16,49
2026-04-18,S013,17,37
2026-04-18,S013,18,33
2026-04-18,S013,19,27
2026-04-18,S013,20,22
2026-04-18,S013,21,15
2026-04-18,S013,22,19
2026-04-18,S013,23,7
2026-04-18,S014,5,1
2026-04-18,S014,6,2
2026-04-18,S014,7,3
2026-04-18,S014,8,1
2026-04-18,S014,9,9
2026-04-18,S014,10,1
2026-04-18,S014,11,11
2026-04-18,S014,12,17
2026-04-18,S014,13,12
2026-04-18,S014,14,8
2026-04-18,S014,15,15
2026-04-18,S014,16,9
2026-04-18,S014,17,10
2026-04-18,S014,18,11
2026-04-18,S014,19,6
2026-04-18,S014,20,7
2026-04-18,S014,21,5
2026-04-18,S014,22,6
2026-04-18,S014,23,2
2026-04-18,S015,5,0
2026-04-18,S015,6,6
2026-04-18,S015,7,4
2026-04-18,S015,8,3
2026-04-18,S015,9,17
2026-04-18,S015,10,17
2026-04-18,S015,11,17
2026-04-18,S015,12,12
2026-04-18,S015,13,14
2026-04-18,S015,14,18
2026-04-18,S015,15,20
2026-04-18,S015,16,13
2026-04-18,S015,17,14
2026-04-18,S015,18,12
2026-04-18,S015,19,10
2026-04-18,S015,20,4
2026-04-18,S015,21,6
2026-04-18,S015,22,7
2026-04-18,S015,23,4
2026-04-18,S016,5,1
2026-04-18,S016,6,8
2026-04-18,S016,7,10
2026-04-18,S016,8,19
2026-04-18,S016,9,29
2026-04-18,S016,10,26
2026-04-18,S016,11,41
2026-04-18,S016,12,47
2026-04-18,S016,13,45
2026-04-18,S016,14,44
2026-04-18,S016,15,41
2026-04-18,S016,16,43
2026-04-18,S016,17,33
2026-04-18,S016,18,30
2026-04-18,S016,19,31
2026-04-18,S016,20,22
2026-04-18,S016,21,15
2026-04-18,S016,22,18
2026-04-18,S016,23,12
2026-04-18,S017,5,3
2026-04-18,S017,6,2
2026-04-18,S017,7,3
2026-04-18,S017,8,5
2026-04-18,S017,9,10
2026-04-18,S017,10,19
2026-04-18,S017,11,13
2026-04-18,S017,12,18
2026-04-18,S017,13,14
2026-04-18,S017,14,21
2026-04-18,S017,15,15
2026-04-18,S017,16,9
2026-04-18,S017,17,13
2026-04-18,S017,18,14
2026-04-18,S017,19,10
2026-04-18,S017,20,3
2026-04-18,S017,21,4
2026-04-18,S017,22,5
2026-04-18,S017,23,4
2026-04-18,S018,5,0
2026-04-18,S018,6,1
2026-04-18,S018,7,5
2026-04-18,S018,8,8
2026-04-18,S018,9,11
2026-04-18,S018,10,23
2026-04-18,S018,11,18
2026-04-18,S018,12,25
2026-04-18,S018,13,15
2026-04-18,S018,14,25
2026-04-18,S018,15,19
2026-04-18,S018,16,17
2026-04-18,S018,17,20
2026-04-18,S018,18,18
2026-04-18,S018,19,18
2026-04-18,S018,20,17
2026-04-18,S018,21,7
2026-04-18,S018,22,10
2026-04-18,S018,23,4
2026-04-19,S001,5,1
2026-04-19,S001,6,11
2026-04-19,S001,7,9
2026-04-19,S001,8,9
2026-04-19,S001,9,21
2026-04-19,S001,10,35
2026-04-19,S001,11,42
2026-04-19,S001,12,36
2026-04-19,S001,13,44
2026-04-19,S001,14,47
2026-04-19,S001,15,33
2026-04-19,S001,16,42
2026-04-19,S001,17,35
2026-04-19,S001,18,25
2026-04-19,S001,19,26
2026-04-19,S001,20,22
2026-04-19,S001,21,17
2026-04-19,S001,22,8
2026-04-19,S001,23,8
2026-04-19,S002,5,1
2026-04-19,S002,6,2
2026-04-19,S002,7,3
2026-04-19,S002,8,9
2026-04-19,S002,9,23
2026-04-19,S002,10,19
2026-04-19,S002,11,27
2026-04-19,S002,12,24
2026-04-19,S002,13,29
2026-04-19,S002,14,31
2026-04-19,S002,15,34
2026-04-19,S002,16,21
2026-04-19,S002,17,19
2026-04-19,S002,18,20
2026-04-19,S002,19,21
2026-04-19,S002,20,14
2026-04-19,S002,21,13
2026-04-19,S002,22,11
2026-04-19,S002,23,9
2026-04-19,S003,5,1
2026-04-19,S003,6,3
2026-04-19,S003,7,3
2026-04-19,S003,8,5
2026-04-19,S003,9,4
2026-04-19,S003,10,6
2026-04-19,S003,11,15
2026-04-19,S003,12,15
2026-04-19,S003,13,18
2026-04-19,S003,14,17
2026-04-19,S003,15,20
2026-04-19,S003,16,18
2026-04-19,S003,17,13
2026-04-19,S003,18,10
2026-04-19,S003,19,10
2026-04-19,S003,20,7
2026-04-19,S003,21,12
2026-04-19,S003,22,5
2026-04-19,S003,23,3
2026-04-19,S004,5,1
2026-04-19,S004,6,3
2026-04-19,S004,7,1
2026-04-19,S004,8,8
2026-04-19,S004,9,5
2026-04-19,S004,10,12
2026-04-19,S004,11,15
2026-04-19,S004,12,16
2026-04-19,S004,13,10
2026-04-19,S004,14,11
2026-04-19,S004,15,16
2026-04-19,S004,16,9
2026-04-19,S004,17,10
2026-04-19,S004,18,14
2026-04-19,S004,19,6
2026-04-19,S004,20,12
2026-04-19,S004,21,6
2026-04-19,S004,22,4
2026-04-19,S004,23,0
2026-04-19,S005,5,3
2026-04-19,S005,6,2
2026-04-19,S005,7,7
2026-04-19,S005,8,4
2026-04-19,S005,9,12
2026-04-19,S005,10,18
2026-04-19,S005,11,19
2026-04-19,S005,12,25
2026-04-19,S005,13,26
2026-04-19,S005,14,24
2026-04-19,S005,15,14
2026-04-19,S005,16,24
2026-04-19,S005,17,15
2026-04-19,S005,18,10
2026-04-19,S005,19,11
2026-04-19,S005,20,11
2026-04-19,S005,21,6
2026-04-19,S005,22,9
2026-04-19,S005,23,2
2026-04-19,S006,5,1
2026-04-19,S006,6,0
2026-04-19,S006,7,2
2026-04-19,S006,8,2
2026-04-19,S006,9,7
2026-04-19,S006,10,10
2026-04-19,S006,11,10
2026-04-19,S006,12,10
2026-04-19,S006,13,17
2026-04-19,S006,14,15
2026-04-19,S006,15,15
2026-04-19,S006,16,7
2026-04-19,S006,17,15
2026-04-19,S006,18,9
2026-04-19,S006,19,13
2026-04-19,S006,20,7
2026-04-19,S006,21,6
2026-04-19,S006,22,0
2026-04-19,S006,23,2
2026-04-19,S007,5,1
2026-04-19,S007,6,2
2026-04-19,S007,7,4
2026-04-19,S007,8,3
2026-04-19,S007,9,11
2026-04-19,S007,10,7
2026-04-19,S007,11,6
2026-04-19,S007,12,12
2026-04-19,S007,13,15
2026-04-19,S007,14,15
2026-04-19,S007,15,9
2026-04-19,S007,16,6
2026-04-19,S007,17,7
2026-04-19,S007,18,4
2026-04-19,S007,19,7
2026-04-19,S007,20,2
2026-04-19,S007,21,2
2026-04-19,S007,22,3
2026-04-19,S007,23,0
2026-04-19,S008,5,2
2026-04-19,S008,6,3
2026-04-19,S008,7,4
2026-04-19,S008,8,10
2026-04-19,S008,9,10
2026-04-19,S008,10,11
2026-04-19,S008,11,22
2026-04-19,S008,12,15
2026-04-19,S008,13,18
2026-04-19,S008,14,16
2026-04-19,S008,15,15
2026-04-19,S008,16,16
2026-04-19,S008,17,14
2026-04-19,S008,18,13
2026-04-19,S008,19,11
2026-04-19,S008,20,10
2026-04-19,S008,21,7
2026-04-19,S008,22,4
2026-04-19,S008,23,0
2026-04-19,S009,5,1
2026-04-19,S009,6,2
2026-04-19,S009,7,6
2026-04-19,S009,8,13
2026-04-19,S009,9,18
2026-04-19,S009,10,15
2026-04-19,S009,11,22
2026-04-19,S009,12,19
2026-04-19,S009,13,13
2026-04-19,S009,14,31
2026-04-19,S009,15,17
2026-04-19,S009,16,31
2026-04-19,S009,17,26
2026-04-19,S009,18,12
2026-04-19,S009,19,18
2026-04-19,S009,20,17
2026-04-19,S009,21,14
2026-04-19,S009,22,9
2026-04-19,S009,23,4
2026-04-19,S010,5,2
2026-04-19,S010,6,2
2026-04-19,S010,7,1
2026-04-19,S010,8,6
2026-04-19,S010,9,12
2026-04-19,S010,10,5
2026-04-19,S010,11,8
2026-04-19,S010,12,14
2026-04-19,S010,13,10
2026-04-19,S010,14,11
2026-04-19,S010,15,9
2026-04-19,S010,16,13
2026-04-19,S010,17,10
2026-04-19,S010,18,10
2026-04-19,S010,19,3
2026-04-19,S010,20,5
2026-04-19,S010,21,9
2026-04-19,S010,22,2
2026-04-19,S010,23,3
2026-04-19,S011,5,0
2026-04-19,S011,6,2
2026-04-19,S011,7,4
2026-04-19,S011,8,4
2026-04-19,S011,9,5
2026-04-19,S011,10,5
2026-04-19,S011,11,5
2026-04-19,S011,12,10
2026-04-19,S011,13,9
2026-04-19,S011,14,8
2026-04-19,S011,15,9
2026-04-19,S011,16,9
2026-04-19,S011,17,7
2026-04-19,S011,18,4
2026-04-19,S011,19,3
2026-04-19,S011,20,8
2026-04-19,S011,21,2
2026-04-19,S011,22,4
2026-04-19,S011,23,2
2026-04-19,S012,5,0
2026-04-19,S012,6,3
2026-04-19,S012,7,6
2026-04-19,S012,8,7
2026-04-19,S012,9,6
2026-04-19,S012,10,12
2026-04-19,S012,11,15
2026-04-19,S012,12,19
2026-04-19,S012,13,12
2026-04-19,S012,14,24
2026-04-19,S012,15,15
2026-04-19,S012,16,18
2026-04-19,S012,17,11
2026-04-19,S012,18,6
2026-04-19,S012,19,13
2026-04-19,S012,20,6
2026-04-19,S012,21,7
2026-04-19,S012,22,6
2026-04-19,S012,23,6
2026-04-19,S013,5,1
2026-04-19,S013,6,5
2026-04-19,S013,7,19
2026-04-19,S013,8,16
2026-04-19,S013,9,30
2026-04-19,S013,10,40
2026-04-19,S013,11,49
2026-04-19,S013,12,47
2026-04-19,S013,13,50
2026-04-19,S013,14,52
2026-04-19,S013,15,44
2026-04-19,S013,16,45
2026-04-19,S013,17,47
2026-04-19,S013,18,23
2026-04-19,S013,19,23
2026-04-19,S013,20,19
2026-04-19,S013,21,22
2026-04-19,S013,22,21
2026-04-19,S013,23,6
2026-04-19,S014,5,0
2026-04-19,S014,6,1
2026-04-19,S014,7,1
2026-04-19,S014,8,2
2026-04-19,S014,9,7
2026-04-19,S014,10,10
2026-04-19,S014,11,12
2026-04-19,S014,12,10
2026-04-19,S014,13,13
2026-04-19,S014,14,18
2026-04-19,S014,15,10
2026-04-19,S014,16,7
2026-04-19,S014,17,10
2026-04-19,S014,18,7
2026-04-19,S014,19,10
2026-04-19,S014,20,7
2026-04-19,S014,21,2
2026-04-19,S014,22,3
2026-04-19,S014,23,1
2026-04-19,S015,5,2
2026-04-19,S015,6,5
2026-04-19,S015,7,6
2026-04-19,S015,8,5
2026-04-19,S015,9,10
2026-04-19,S015,10,15
2026-04-19,S015,11,21
2026-04-19,S015,12,21
2026-04-19,S015,13,19
2026-04-19,S015,14,22
2026-04-19,S015,15,14
2026-04-19,S015,16,21
2026-04-19,S015,17,10
2026-04-19,S015,18,7
2026-04-19,S015,19,13
2026-04-19,S015,20,12
2026-04-19,S015,21,7
2026-04-19,S015,22,8
2026-04-19,S015,23,4
2026-04-19,S016,5,1
2026-04-19,S016,6,8
2026-04-19,S016,7,12
2026-04-19,S016,8,17
2026-04-19,S016,9,20
2026-04-19,S016,10,26
2026-04-19,S016,11,46
2026-04-19,S016,12,56
2026-04-19,S016,13,40
2026-04-19,S016,14,34
2026-04-19,S016,15,55
2026-04-19,S016,16,46
2026-04-19,S016,17,26
2026-04-19,S016,18,22
2026-04-19,S016,19,24
2026-04-19,S016,20,22
2026-04-19,S016,21,17
2026-04-19,S016,22,11
2026-04-19,S016,23,2
2026-04-19,S017,5,1
2026-04-19,S017,6,0
2026-04-19,S017,7,4
2026-04-19,S017,8,5
2026-04-19,S017,9,6
2026-04-19,S017,10,10
2026-04-19,S017,11,19
2026-04-19,S017,12,11
2026-04-19,S017,13,16
2026-04-19,S017,14,20
2026-04-19,S017,15,19
2026-04-19,S017,16,10
2026-04-19,S017,17,12
2026-04-19,S017,18,8
2026-04-19,S017,19,10
2026-04-19,S017,20,5
2026-04-19,S017,21,9
2026-04-19,S017,22,5
2026-04-19,S017,23,1
2026-04-19,S018,5,2
2026-04-19,S018,6,5
2026-04-19,S018,7,8
2026-04-19,S018,8,8
2026-04-19,S018,9,13
2026-04-19,S018,10,19
2026-04-19,S018,11,22
2026-04-19,S018,12,26
2026-04-19,S018,13,18
2026-04-19,S018,14,23
2026-04-19,S018,15,18
2026-04-19,S018,16,17
2026-04-19,S018,17,17
2026-04-19,S018,18,17
2026-04-19,S018,19,12
2026-04-19,S018,20,15
2026-04-19,S018,21,17
2026-04-19,S018,22,5
2026-04-19,S018,23,8
2026-04-20,S001,5,10
2026-04-20,S001,6,23
2026-04-20,S001,7,36
2026-04-20,S001,8,44
2026-04-20,S001,9,40
2026-04-20,S001,10,22
2026-04-20,S001,11,30
2026-04-20,S001,12,26
2026-04-20,S001,13,24
2026-04-20,S001,14,22
2026-04-20,S001,15,35
2026-04-20,S001,16,32
2026-04-20,S001,17,47
2026-04-20,S001,18,30
2026-04-20,S001,19,30
2026-04-20,S001,20,18
2026-04-20,S001,21,12
2026-04-20,S001,22,6
2026-04-20,S001,23,4
2026-04-20,S002,5,5
2026-04-20,S002,6,17
2026-04-20,S002,7,27
2026-04-20,S002,8,28
2026-04-20,S002,9,18
2026-04-20,S002,10,24
2026-04-20,S002,11,18
2026-04-20,S002,12,17
2026-04-20,S002,13,33
2026-04-20,S002,14,14
2026-04-20,S002,15,24
2026-04-20,S002,16,36
2026-04-20,S002,17,37
2026-04-20,S002,18,28
2026-04-20,S002,19,16
2026-04-20,S002,20,13
2026-04-20,S002,21,14
2026-04-20,S002,22,2
2026-04-20,S002,23,5
2026-04-20,S003,5,4
2026-04-20,S003,6,7
2026-04-20,S003,7,17
2026-04-20,S003,8,18
2026-04-20,S003,9,12
2026-04-20,S003,10,7
2026-04-20,S003,11,11
2026-04-20,S003,12,11
2026-04-20,S003,13,11
2026-04-20,S003,14,10
2026-04-20,S003,15,20
2026-04-20,S003,16,25
2026-04-20,S003,17,18
2026-04-20,S003,18,18
2026-04-20,S003,19,7
2026-04-20,S003,20,7
2026-04-20,S003,21,1
2026-04-20,S003,22,2
2026-04-20,S003,23,2
2026-04-20,S004,5,4
2026-04-20,S004,6,13
2026-04-20,S004,7,26
2026-04-20,S004,8,24
2026-04-20,S004,9,11
2026-04-20,S004,10,13
2026-04-20,S004,11,12
2026-04-20,S004,12,7
2026-04-20,S004,13,12
2026-04-20,S004,14,7
2026-04-20,S004,15,15
2026-04-20,S004,16,18
2026-04-20,S004,17,24
2026-04-20,S004,18,16
2026-04-20,S004,19,5
2026-04-20,S004,20,6
2026-04-20,S004,21,6
2026-04-20,S004,22,1
2026-04-20,S004,23,1
2026-04-20,S005,5,5
2026-04-20,S005,6,5
2026-04-20,S005,7,19
2026-04-20,S005,8,23
2026-04-20,S005,9,23
2026-04-20,S005,10,18
2026-04-20,S005,11,15
2026-04-20,S005,12,13
2026-04-20,S005,13,16
2026-04-20,S005,14,16
2026-04-20,S005,15,16
2026-04-20,S005,16,21
2026-04-20,S005,17,26
2026-04-20,S005,18,25
2026-04-20,S005,19,14
2026-04-20,S005,20,10
2026-04-20,S005,21,6
2026-04-20,S005,22,5
2026-04-20,S005,23,3
2026-04-20,S006,5,2
2026-04-20,S006,6,9
2026-04-20,S006,7,11
2026-04-20,S006,8,14
2026-04-20,S006,9,14
2026-04-20,S006,10,8
2026-04-20,S006,11,10
2026-04-20,S006,12,11
2026-04-20,S006,13,5
2026-04-20,S006,14,10
2026-04-20,S006,15,11
2026-04-20,S006,16,12
2026-04-20,S006,17,16
2026-04-20,S006,18,14
2026-04-20,S006,19,13
2026-04-20,S006,20,8
2026-04-20,S006,21,5
2026-04-20,S006,22,2
2026-04-20,S006,23,2
2026-04-20,S007,5,2
2026-04-20,S007,6,4
2026-04-20,S007,7,12
2026-04-20,S007,8,13
2026-04-20,S007,9,14
2026-04-20,S007,10,9
2026-04-20,S007,11,7
2026-04-20,S007,12,6
2026-04-20,S007,13,7
2026-04-20,S007,14,6
2026-04-20,S007,15,10
2026-04-20,S007,16,11
2026-04-20,S007,17,12
2026-04-20,S007,18,9
2026-04-20,S007,19,12
2026-04-20,S007,20,4
2026-04-20,S007,21,6
2026-04-20,S007,22,2
2026-04-20,S007,23,1
2026-04-20,S008,5,2
2026-04-20,S008,6,9
2026-04-20,S008,7,21
2026-04-20,S008,8,21
2026-04-20,S008,9,24
2026-04-20,S008,10,13
2026-04-20,S008,11,12
2026-04-20,S008,12,15
2026-04-20,S008,13,8
2026-04-20,S008,14,20
2026-04-20,S008,15,9
2026-04-20,S008,16,21
2026-04-20,S008,17,19
2026-04-20,S008,18,18
2026-04-20,S008,19,7
2026-04-20,S008,20,7
2026-04-20,S008,21,7
2026-04-20,S008,22,4
2026-04-20,S008,23,5
2026-04-20,S009,5,6
2026-04-20,S009,6,13
2026-04-20,S009,7,25
2026-04-20,S009,8,36
2026-04-20,S009,9,22
2026-04-20,S009,10,16
2026-04-20,S009,11,14
2026-04-20,S009,12,22
2026-04-20,S009,13,17
2026-04-20,S009,14,15
2026-04-20,S009,15,31
2026-04-20,S009,16,26
2026-04-20,S009,17,29
2026-04-20,S009,18,22
2026-04-20,S009,19,11
2026-04-20,S009,20,9
2026-04-20,S009,21,5
2026-04-20,S009,22,8
2026-04-20,S009,23,3
2026-04-20,S010,5,0
2026-04-20,S010,6,11
2026-04-20,S010,7,12
2026-04-20,S010,8,19
2026-04-20,S010,9,15
2026-04-20,S010,10,13
2026-04-20,S010,11,12
2026-04-20,S010,12,14
2026-04-20,S010,13,13
2026-04-20,S010,14,14
2026-04-20,S010,15,14
2026-04-20,S010,16,14
2026-04-20,S010,17,14
2026-04-20,S010,18,14
2026-04-20,S010,19,8
2026-04-20,S010,20,2
2026-04-20,S010,21,9
2026-04-20,S010,22,6
2026-04-20,S010,23,2
2026-04-20,S011,5,0
2026-04-20,S011,6,5
2026-04-20,S011,7,8
2026-04-20,S011,8,13
2026-04-20,S011,9,3
2026-04-20,S011,10,4
2026-04-20,S011,11,8
2026-04-20,S011,12,8
2026-04-20,S011,13,6
2026-04-20,S011,14,11
2026-04-20,S011,15,8
2026-04-20,S011,16,13
2026-04-20,S011,17,4
2026-04-20,S011,18,6
2026-04-20,S011,19,5
2026-04-20,S011,20,2
2026-04-20,S011,21,4
2026-04-20,S011,22,0
2026-04-20,S011,23,2
2026-04-20,S012,5,2
2026-04-20,S012,6,9
2026-04-20,S012,7,19
2026-04-20,S012,8,25
2026-04-20,S012,9,13
2026-04-20,S012,10,8
2026-04-20,S012,11,10
2026-04-20,S012,12,8
2026-04-20,S012,13,9
2026-04-20,S012,14,12
2026-04-20,S012,15,11
2026-04-20,S012,16,17
2026-04-20,S012,17,26
2026-04-20,S012,18,16
2026-04-20,S012,19,8
2026-04-20,S012,20,6
2026-04-20,S012,21,5
2026-04-20,S012,22,4
2026-04-20,S012,23,1
2026-04-20,S013,5,14
2026-04-20,S013,6,36
2026-04-20,S013,7,52
2026-04-20,S013,8,75
2026-04-20,S013,9,56
2026-04-20,S013,10,32
2026-04-20,S013,11,26
2026-04-20,S013,12,35
2026-04-20,S013,13,33
2026-04-20,S013,14,26
2026-04-20,S013,15,38
2026-04-20,S013,16,43
2026-04-20,S013,17,55
2026-04-20,S013,18,54
2026-04-20,S013,19,25
2026-04-20,S013,20,28
2026-04-20,S013,21,18
2026-04-20,S013,22,7
2026-04-20,S013,23,5
2026-04-20,S014,5,3
2026-04-20,S014,6,6
2026-04-20,S014,7,12
2026-04-20,S014,8,16
2026-04-20,S014,9,13
2026-04-20,S014,10,4
2026-04-20,S014,11,8
2026-04-20,S014,12,6
2026-04-20,S014,13,11
2026-04-20,S014,14,2
2026-04-20,S014,15,7
2026-04-20,S014,16,9
2026-04-20,S014,17,10
2026-04-20,S014,18,6
2026-04-20,S014,19,8
2026-04-20,S014,20,3
2026-04-20,S014,21,4
2026-04-20,S014,22,2
2026-04-20,S014,23,1
2026-04-20,S015,5,5
2026-04-20,S015,6,15
2026-04-20,S015,7,22
2026-04-20,S015,8,26
2026-04-20,S015,9,18
2026-04-20,S015,10,12
2026-04-20,S015,11,12
2026-04-20,S015,12,15
2026-04-20,S015,13,19
2026-04-20,S015,14,7
2026-04-20,S015,15,24
2026-04-20,S015,16,24
2026-04-20,S015,17,19
2026-04-20,S015,18,24
2026-04-20,S015,19,12
2026-04-20,S015,20,7
2026-04-20,S015,21,9
2026-04-20,S015,22,3
2026-04-20,S015,23,2
2026-04-20,S016,5,8
2026-04-20,S016,6,23
2026-04-20,S016,7,53
2026-04-20,S016,8,63
2026-04-20,S016,9,30
2026-04-20,S016,10,26
2026-04-20,S016,11,32
2026-04-20,S016,12,27
2026-04-20,S016,13,21
2026-04-20,S016,14,30
2026-04-20,S016,15,42
2026-04-20,S016,16,54
2026-04-20,S016,17,47
2026-04-20,S016,18,44
2026-04-20,S016,19,30
2026-04-20,S016,20,20
2026-04-20,S016,21,8
2026-04-20,S016,22,9
2026-04-20,S016,23,2
2026-04-20,S017,5,3
2026-04-20,S017,6,16
2026-04-20,S017,7,12
2026-04-20,S017,8,17
2026-04-20,S017,9,13
2026-04-20,S017,10,5
2026-04-20,S017,11,10
2026-04-20,S017,12,12
2026-04-20,S017,13,17
2026-04-20,S017,14,13
2026-04-20,S017,15,17
2026-04-20,S017,16,18
2026-04-20,S017,17,14
2026-04-20,S017,18,14
2026-04-20,S017,19,3
2026-04-20,S017,20,8
2026-04-20,S017,21,3
2026-04-20,S017,22,0
2026-04-20,S017,23,2
2026-04-20,S018,5,8
2026-04-20,S018,6,8
2026-04-20,S018,7,22
2026-04-20,S018,8,41
2026-04-20,S018,9,21
2026-04-20,S018,10,22
2026-04-20,S018,11,12
2026-04-20,S018,12,20
2026-04-20,S018,13,15
2026-04-20,S018,14,14
2026-04-20,S018,15,23
2026-04-20,S018,16,24
2026-04-20,S018,17,26
2026-04-20,S018,18,20
2026-04-20,S018,19,13
2026-04-20,S018,20,4
2026-04-20,S018,21,11
2026-04-20,S018,22,5
2026-04-20,S018,23,3
2026-04-21,S001,5,7
2026-04-21,S001,6,20
2026-04-21,S001,7,51
2026-04-21,S001,8,56
2026-04-21,S001,9,32
2026-04-21,S001,10,34
2026-04-21,S001,11,25
2026-04-21,S001,12,29
2026-04-21,S001,13,29
2026-04-21,S001,14,24
2026-04-21,S001,15,35
2026-04-21,S001,16,34
2026-04-21,S001,17,44
2026-04-21,S001,18,47
2026-04-21,S001,19,26
2026-04-21,S001,20,12
2026-04-21,S001,21,14
2026-04-21,S001,22,5
2026-04-21,S001,23,3
2026-04-21,S002,5,6
2026-04-21,S002,6,22
2026-04-21,S002,7,38
2026-04-21,S002,8,41
2026-04-21,S002,9,26
2026-04-21,S002,10,20
2026-04-21,S002,11,19
2026-04-21,S002,12,22
2026-04-21,S002,13,17
2026-04-21,S002,14,16
2026-04-21,S002,15,31
2026-04-21,S002,16,32
2026-04-21,S002,17,39
2026-04-21,S002,18,26
2026-04-21,S002,19,28
2026-04-21,S002,20,15
2026-04-21,S002,21,15
2026-04-21,S002,22,7
2026-04-21,S002,23,2
2026-04-21,S003,5,4
2026-04-21,S003,6,5
2026-04-21,S003,7,21
2026-04-21,S003,8,25
2026-04-21,S003,9,12
2026-04-21,S003,10,13
2026-04-21,S003,11,6
2026-04-21,S003,12,14
2026-04-21,S003,13,11
2026-04-21,S003,14,8
2026-04-21,S003,15,9
2026-04-21,S003,16,17
2026-04-21,S003,17,26
2026-04-21,S003,18,11
2026-04-21,S003,19,14
2026-04-21,S003,20,10
2026-04-21,S003,21,6
2026-04-21,S003,22,6
2026-04-21,S003,23,0
2026-04-21,S004,5,5
2026-04-21,S004,6,4
2026-04-21,S004,7,13
2026-04-21,S004,8,21
2026-04-21,S004,9,12
2026-04-21,S004,10,11
2026-04-21,S004,11,11
2026-04-21,S004,12,5
2026-04-21,S004,13,9
2026-04-21,S004,14,11
2026-04-21,S004,15,12
2026-04-21,S004,16,22
2026-04-21,S004,17,16
2026-04-21,S004,18,17
2026-04-21,S004,19,12
2026-04-21,S004,20,5
2026-04-21,S004,21,8
2026-04-21,S004,22,2
2026-04-21,S004,23,1
2026-04-21,S005,5,9
2026-04-21,S005,6,13
2026-04-21,S005,7,18
2026-04-21,S005,8,32
2026-04-21,S005,9,19
2026-04-21,S005,10,18
2026-04-21,S005,11,10
2026-04-21,S005,12,12
2026-04-21,S005,13,18
2026-04-21,S005,14,15
2026-04-21,S005,15,23
2026-04-21,S005,16,19
2026-04-21,S005,17,24
2026-04-21,S005,18,23
2026-04-21,S005,19,9
2026-04-21,S005,20,9
2026-04-21,S005,21,4
2026-04-21,S005,22,2
2026-04-21,S005,23,3
2026-04-21,S006,5,2
2026-04-21,S006,6,6
2026-04-21,S006,7,14
2026-04-21,S006,8,17
2026-04-21,S006,9,14
2026-04-21,S006,10,8
2026-04-21,S006,11,11
2026-04-21,S006,12,11
2026-04-21,S006,13,11
2026-04-21,S006,14,12
2026-04-21,S006,15,14
2026-04-21,S006,16,11
2026-04-21,S006,17,20
2026-04-21,S006,18,13
2026-04-21,S006,19,8
2026-04-21,S006,20,2
2026-04-21,S006,21,6
2026-04-21,S006,22,6
2026-04-21,S006,23,1
2026-04-21,S007,5,2
2026-04-21,S007,6,6
2026-04-21,S007,7,12
2026-04-21,S007,8,22
2026-04-21,S007,9,11
2026-04-21,S007,10,2
2026-04-21,S007,11,9
2026-04-21,S007,12,7
2026-04-21,S007,13,10
2026-04-21,S007,14,9
2026-04-21,S007,15,3
2026-04-21,S007,16,8
2026-04-21,S007,17,8
2026-04-21,S007,18,12
2026-04-21,S007,19,3
2026-04-21,S007,20,3
2026-04-21,S007,21,1
2026-04-21,S007,22,1
2026-04-21,S007,23,2
2026-04-21,S008,5,7
2026-04-21,S008,6,14
2026-04-21,S008,7,15
2026-04-21,S008,8,20
2026-04-21,S008,9,21
2026-04-21,S008,10,14
2026-04-21,S008,11,10
2026-04-21,S008,12,19
2026-04-21,S008,13,12
2026-04-21,S008,14,8
2026-04-21,S008,15,12
2026-04-21,S008,16,12
2026-04-21,S008,17,26
2026-04-21,S008,18,21
2026-04-21,S008,19,7
2026-04-21,S008,20,10
2026-04-21,S008,21,4
2026-04-21,S008,22,0
2026-04-21,S008,23,0
2026-04-21,S009,5,5
2026-04-21,S009,6,10
2026-04-21,S009,7,35
2026-04-21,S009,8,35
2026-04-21,S009,9,18
2026-04-21,S009,10,14
2026-04-21,S009,11,16
2026-04-21,S009,12,19
2026-04-21,S009,13,14
2026-04-21,S009,14,12
2026-04-21,S009,15,19
2026-04-21,S009,16,26
2026-04-21,S009,17,33
2026-04-21,S009,18,30
2026-04-21,S009,19,12
2026-04-21,S009,20,8
2026-04-21,S009,21,7
2026-04-21,S009,22,7
2026-04-21,S009,23,1
2026-04-21,S010,5,4
2026-04-21,S010,6,6
2026-04-21,S010,7,20
2026-04-21,S010,8,13
2026-04-21,S010,9,11
2026-04-21,S010,10,6
2026-04-21,S010,11,14
2026-04-21,S010,12,14
2026-04-21,S010,13,12
2026-04-21,S010,14,5
2026-04-21,S010,15,13
2026-04-21,S010,16,17
2026-04-21,S010,17,18
2026-04-21,S010,18,15
2026-04-21,S010,19,7
2026-04-21,S010,20,7
2026-04-21,S010,21,3
2026-04-21,S010,22,3
2026-04-21,S010,23,2
2026-04-21,S011,5,0
2026-04-21,S011,6,5
2026-04-21,S011,7,11
2026-04-21,S011,8,13
2026-04-21,S011,9,6
2026-04-21,S011,10,4
2026-04-21,S011,11,5
2026-04-21,S011,12,3
2026-04-21,S011,13,3
2026-04-21,S011,14,5
2026-04-21,S011,15,13
2026-04-21,S011,16,7
2026-04-21,S011,17,7
2026-04-21,S011,18,6
2026-04-21,S011,19,4
2026-04-21,S011,20,3
2026-04-21,S011,21,4
2026-04-21,S011,22,2
2026-04-21,S011,23,0
2026-04-21,S012,5,6
2026-04-21,S012,6,6
2026-04-21,S012,7,15
2026-04-21,S012,8,18
2026-04-21,S012,9,13
2026-04-21,S012,10,10
2026-04-21,S012,11,10
2026-04-21,S012,12,13
2026-04-21,S012,13,15
2026-04-21,S012,14,12
2026-04-21,S012,15,24
2026-04-21,S012,16,19
2026-04-21,S012,17,26
2026-04-21,S012,18,23
2026-04-21,S012,19,11
2026-04-21,S012,20,7
2026-04-21,S012,21,5
2026-04-21,S012,22,8
2026-04-21,S012,23,1
2026-04-21,S013,5,12
2026-04-21,S013,6,31
2026-04-21,S013,7,48
2026-04-21,S013,8,71
2026-04-21,S013,9,34
2026-04-21,S013,10,26
2026-04-21,S013,11,37
2026-04-21,S013,12,43
2026-04-21,S013,13,29
2026-04-21,S013,14,39
2026-04-21,S013,15,52
2026-04-21,S013,16,49
2026-04-21,S013,17,49
2026-04-21,S013,18,51
2026-04-21,S013,19,29
2026-04-21,S013,20,17
2026-04-21,S013,21,13
2026-04-21,S013,22,9
2026-04-21,S013,23,4
2026-04-21,S014,5,3
2026-04-21,S014,6,5
2026-04-21,S014,7,10
2026-04-21,S014,8,10
2026-04-21,S014,9,13
2026-04-21,S014,10,9
2026-04-21,S014,11,8
2026-04-21,S014,12,5
2026-04-21,S014,13,9
2026-04-21,S014,14,13
2026-04-21,S014,15,13
2026-04-21,S014,16,9
2026-04-21,S014,17,9
2026-04-21,S014,18,12
2026-04-21,S014,19,6
2026-04-21,S014,20,2
2026-04-21,S014,21,2
2026-04-21,S014,22,2
2026-04-21,S014,23,2
2026-04-21,S015,5,5
2026-04-21,S015,6,10
2026-04-21,S015,7,21
2026-04-21,S015,8,29
2026-04-21,S015,9,22
2026-04-21,S015,10,9
2026-04-21,S015,11,17
2026-04-21,S015,12,16
2026-04-21,S015,13,10
2026-04-21,S015,14,18
2026-04-21,S015,15,21
2026-04-21,S015,16,21
2026-04-21,S015,17,25
2026-04-21,S015,18,15
2026-04-21,S015,19,5
2026-04-21,S015,20,13
2026-04-21,S015,21,8
2026-04-21,S015,22,5
2026-04-21,S015,23,2
2026-04-21,S016,5,7
2026-04-21,S016,6,30
2026-04-21,S016,7,59
2026-04-21,S016,8,57
2026-04-21,S016,9,29
2026-04-21,S016,10,32
2026-04-21,S016,11,34
2026-04-21,S016,12,41
2026-04-21,S016,13,26
2026-04-21,S016,14,36
2026-04-21,S016,15,46
2026-04-21,S016,16,50
2026-04-21,S016,17,57
2026-04-21,S016,18,63
2026-04-21,S016,19,28
2026-04-21,S016,20,29
2026-04-21,S016,21,19
2026-04-21,S016,22,8
2026-04-21,S016,23,1
2026-04-21,S017,5,0
2026-04-21,S017,6,4
2026-04-21,S017,7,15
2026-04-21,S017,8,12
2026-04-21,S017,9,14
2026-04-21,S017,10,11
2026-04-21,S017,11,9
2026-04-21,S017,12,14
2026-04-21,S017,13,9
2026-04-21,S017,14,10
2026-04-21,S017,15,17
2026-04-21,S017,16,20
2026-04-21,S017,17,22
2026-04-21,S017,18,11
2026-04-21,S017,19,10
2026-04-21,S017,20,9
2026-04-21,S017,21,3
2026-04-21,S017,22,1
2026-04-21,S017,23,1
2026-04-21,S018,5,6
2026-04-21,S018,6,12
2026-04-21,S018,7,23
2026-04-21,S018,8,28
2026-04-21,S018,9,20
2026-04-21,S018,10,14
2026-04-21,S018,11,13
2026-04-21,S018,12,14
2026-04-21,S018,13,13
2026-04-21,S018,14,18
2026-04-21,S018,15,24
2026-04-21,S018,16,18
2026-04-21,S018,17,21
2026-04-21,S018,18,29
2026-04-21,S018,19,16
2026-04-21,S018,20,12
2026-04-21,S018,21,7
2026-04-21,S018,22,2
2026-04-21,S018,23,5
2026-04-22,S001,5,11
2026-04-22,S001,6,28
2026-04-22,S001,7,43
2026-04-22,S001,8,51
2026-04-22,S001,9,28
2026-04-22,S001,10,18
2026-04-22,S001,11,27
2026-04-22,S001,12,21
2026-04-22,S001,13,23
2026-04-22,S001,14,31
2026-04-22,S001,15,29
2026-04-22,S001,16,49
2026-04-22,S001,17,57
2026-04-22,S001,18,43
2026-04-22,S001,19,18
2026-04-22,S001,20,20
2026-04-22,S001,21,8
2026-04-22,S001,22,3
2026-04-22,S001,23,1
2026-04-22,S002,5,3
2026-04-22,S002,6,19
2026-04-22,S002,7,23
2026-04-22,S002,8,46
2026-04-22,S002,9,15
2026-04-22,S002,10,21
2026-04-22,S002,11,19
2026-04-22,S002,12,25
2026-04-22,S002,13,21
2026-04-22,S002,14,19
2026-04-22,S002,15,23
2026-04-22,S002,16,41
2026-04-22,S002,17,37
2026-04-22,S002,18,30
2026-04-22,S002,19,13
2026-04-22,S002,20,12
2026-04-22,S002,21,6
2026-04-22,S002,22,7
2026-04-22,S002,23,2
2026-04-22,S003,5,2
2026-04-22,S003,6,10
2026-04-22,S003,7,13
2026-04-22,S003,8,18
2026-04-22,S003,9,18
2026-04-22,S003,10,9
2026-04-22,S003,11,13
2026-04-22,S003,12,8
2026-04-22,S003,13,13
2026-04-22,S003,14,12
2026-04-22,S003,15,10
2026-04-22,S003,16,18
2026-04-22,S003,17,24
2026-04-22,S003,18,13
2026-04-22,S003,19,13
2026-04-22,S003,20,10
2026-04-22,S003,21,3
2026-04-22,S003,22,1
2026-04-22,S003,23,3
2026-04-22,S004,5,2
2026-04-22,S004,6,5
2026-04-22,S004,7,16
2026-04-22,S004,8,20
2026-04-22,S004,9,13
2026-04-22,S004,10,10
2026-04-22,S004,11,6
2026-04-22,S004,12,12
2026-04-22,S004,13,12
2026-04-22,S004,14,15
2026-04-22,S004,15,15
2026-04-22,S004,16,27
2026-04-22,S004,17,15
2026-04-22,S004,18,15
2026-04-22,S004,19,5
2026-04-22,S004,20,8
2026-04-22,S004,21,8
2026-04-22,S004,22,5
2026-04-22,S004,23,2
2026-04-22,S005,5,2
2026-04-22,S005,6,15
2026-04-22,S005,7,14
2026-04-22,S005,8,25
2026-04-22,S005,9,21
2026-04-22,S005,10,11
2026-04-22,S005,11,5
2026-04-22,S005,12,13
2026-04-22,S005,13,11
2026-04-22,S005,14,16
2026-04-22,S005,15,15
2026-04-22,S005,16,19
2026-04-22,S005,17,27
2026-04-22,S005,18,16
2026-04-22,S005,19,13
2026-04-22,S005,20,9
2026-04-22,S005,21,7
2026-04-22,S005,22,3
2026-04-22,S005,23,3
2026-04-22,S006,5,1
2026-04-22,S006,6,5
2026-04-22,S006,7,17
2026-04-22,S006,8,13
2026-04-22,S006,9,7
2026-04-22,S006,10,13
2026-04-22,S006,11,3
2026-04-22,S006,12,8
2026-04-22,S006,13,7
2026-04-22,S006,14,7
2026-04-22,S006,15,3
2026-04-22,S006,16,11
2026-04-22,S006,17,10
2026-04-22,S006,18,14
2026-04-22,S006,19,8
2026-04-22,S006,20,7
2026-04-22,S006,21,2
2026-04-22,S006,22,4
2026-04-22,S006,23,2
2026-04-22,S007,5,2
2026-04-22,S007,6,7
2026-04-22,S007,7,11
2026-04-22,S007,8,20
2026-04-22,S007,9,10
2026-04-22,S007,10,8
2026-04-22,S007,11,8
2026-04-22,S007,12,6
2026-04-22,S007,13,16
2026-04-22,S007,14,13
2026-04-22,S007,15,10
2026-04-22,S007,16,12
2026-04-22,S007,17,15
2026-04-22,S007,18,3
2026-04-22,S007,19,9
2026-04-22,S007,20,3
2026-04-22,S007,21,4
2026-04-22,S007,22,3
2026-04-22,S007,23,3
2026-04-22,S008,5,9
2026-04-22,S008,6,11
2026-04-22,S008,7,27
2026-04-22,S008,8,30
2026-04-22,S008,9,15
2026-04-22,S008,10,18
2026-04-22,S008,11,7
2026-04-22,S008,12,8
2026-04-22,S008,13,13
2026-04-22,S008,14,21
2026-04-22,S008,15,20
2026-04-22,S008,16,15
2026-04-22,S008,17,23
2026-04-22,S008,18,21
2026-04-22,S008,19,14
2026-04-22,S008,20,8
2026-04-22,S008,21,4
2026-04-22,S008,22,3
2026-04-22,S008,23,2
2026-04-22,S009,5,3
2026-04-22,S009,6,16
2026-04-22,S009,7,15
2026-04-22,S009,8,28
2026-04-22,S009,9,23
2026-04-22,S009,10,19
2026-04-22,S009,11,12
2026-04-22,S009,12,19
2026-04-22,S009,13,9
2026-04-22,S009,14,22
2026-04-22,S009,15,20
2026-04-22,S009,16,24
2026-04-22,S009,17,30
2026-04-22,S009,18,22
2026-04-22,S009,19,15
2026-04-22,S009,20,5
2026-04-22,S009,21,3
2026-04-22,S009,22,5
2026-04-22,S009,23,3
2026-04-22,S010,5,1
2026-04-22,S010,6,8
2026-04-22,S010,7,9
2026-04-22,S010,8,12
2026-04-22,S010,9,14
2026-04-22,S010,10,8
2026-04-22,S010,11,10
2026-04-22,S010,12,8
2026-04-22,S010,13,7
2026-04-22,S010,14,10
2026-04-22,S010,15,15
2026-04-22,S010,16,17
2026-04-22,S010,17,19
2026-04-22,S010,18,13
2026-04-22,S010,19,8
2026-04-22,S010,20,14
2026-04-22,S010,21,5
2026-04-22,S010,22,3
2026-04-22,S010,23,3
2026-04-22,S011,5,1
2026-04-22,S011,6,7
2026-04-22,S011,7,9
2026-04-22,S011,8,9
2026-04-22,S011,9,13
2026-04-22,S011,10,3
2026-04-22,S011,11,8
2026-04-22,S011,12,1
2026-04-22,S011,13,8
2026-04-22,S011,14,2
2026-04-22,S011,15,8
2026-04-22,S011,16,6
2026-04-22,S011,17,10
2026-04-22,S011,18,13
2026-04-22,S011,19,6
2026-04-22,S011,20,5
2026-04-22,S011,21,3
2026-04-22,S011,22,2
2026-04-22,S011,23,1
2026-04-22,S012,5,3
2026-04-22,S012,6,15
2026-04-22,S012,7,12
2026-04-22,S012,8,26
2026-04-22,S012,9,20
2026-04-22,S012,10,13
2026-04-22,S012,11,10
2026-04-22,S012,12,18
2026-04-22,S012,13,13
2026-04-22,S012,14,6
2026-04-22,S012,15,14
2026-04-22,S012,16,17
2026-04-22,S012,17,14
2026-04-22,S012,18,19
2026-04-22,S012,19,10
2026-04-22,S012,20,10
2026-04-22,S012,21,6
2026-04-22,S012,22,5
2026-04-22,S012,23,1
2026-04-22,S013,5,5
2026-04-22,S013,6,21
2026-04-22,S013,7,69
2026-04-22,S013,8,54
2026-04-22,S013,9,45
2026-04-22,S013,10,29
2026-04-22,S013,11,36
2026-04-22,S013,12,33
2026-04-22,S013,13,38
2026-04-22,S013,14,43
2026-04-22,S013,15,56
2026-04-22,S013,16,54
2026-04-22,S013,17,56
2026-04-22,S013,18,44
2026-04-22,S013,19,33
2026-04-22,S013,20,19
2026-04-22,S013,21,15
2026-04-22,S013,22,15
2026-04-22,S013,23,4
2026-04-22,S014,5,2
2026-04-22,S014,6,8
2026-04-22,S014,7,13
2026-04-22,S014,8,12
2026-04-22,S014,9,13
2026-04-22,S014,10,11
2026-04-22,S014,11,6
2026-04-22,S014,12,7
2026-04-22,S014,13,7
2026-04-22,S014,14,4
2026-04-22,S014,15,5
2026-04-22,S014,16,12
2026-04-22,S014,17,11
2026-04-22,S014,18,8
2026-04-22,S014,19,3
2026-04-22,S014,20,6
2026-04-22,S014,21,4
2026-04-22,S014,22,2
2026-04-22,S014,23,0
2026-04-22,S015,5,3
2026-04-22,S015,6,10
2026-04-22,S015,7,18
2026-04-22,S015,8,24
2026-04-22,S015,9,18
2026-04-22,S015,10,11
2026-04-22,S015,11,10
2026-04-22,S015,12,8
2026-04-22,S015,13,17
2026-04-22,S015,14,16
2026-04-22,S015,15,11
2026-04-22,S015,16,16
2026-04-22,S015,17,17
2026-04-22,S015,18,14
2026-04-22,S015,19,10
2026-04-22,S015,20,12
2026-04-22,S015,21,6
2026-04-22,S015,22,4
2026-04-22,S015,23,1
2026-04-22,S016,5,9
2026-04-22,S016,6,25
2026-04-22,S016,7,44
2026-04-22,S016,8,55
2026-04-22,S016,9,44
2026-04-22,S016,10,20
2026-04-22,S016,11,26
2026-04-22,S016,12,33
2026-04-22,S016,13,38
2026-04-22,S016,14,28
2026-04-22,S016,15,35
2026-04-22,S016,16,47
2026-04-22,S016,17,44
2026-04-22,S016,18,43
2026-04-22,S016,19,27
2026-04-22,S016,20,16
2026-04-22,S016,21,17
2026-04-22,S016,22,5
2026-04-22,S016,23,4
2026-04-22,S017,5,1
2026-04-22,S017,6,4
2026-04-22,S017,7,17
2026-04-22,S017,8,20
2026-04-22,S017,9,19
2026-04-22,S017,10,18
2026-04-22,S017,11,11
2026-04-22,S017,12,11
2026-04-22,S017,13,12
2026-04-22,S017,14,12
2026-04-22,S017,15,8
2026-04-22,S017,16,15
2026-04-22,S017,17,21
2026-04-22,S017,18,5
2026-04-22,S017,19,11
2026-04-22,S017,20,8
2026-04-22,S017,21,1
2026-04-22,S017,22,1
2026-04-22,S017,23,0
2026-04-22,S018,5,1
2026-04-22,S018,6,11
2026-04-22,S018,7,17
2026-04-22,S018,8,31
2026-04-22,S018,9,19
2026-04-22,S018,10,20
2026-04-22,S018,11,14
2026-04-22,S018,12,22
2026-04-22,S018,13,16
2026-04-22,S018,14,15
2026-04-22,S018,15,24
2026-04-22,S018,16,21
2026-04-22,S018,17,25
2026-04-22,S018,18,17
2026-04-22,S018,19,16
2026-04-22,S018,20,7
2026-04-22,S018,21,8
2026-04-22,S018,22,7
2026-04-22,S018,23,0
2026-04-23,S001,5,10
2026-04-23,S001,6,23
2026-04-23,S001,7,42
2026-04-23,S001,8,54
2026-04-23,S001,9,27
2026-04-23,S001,10,22
2026-04-23,S001,11,16
2026-04-23,S001,12,27
2026-04-23,S001,13,29
2026-04-23,S001,14,39
2026-04-23,S001,15,37
2026-04-23,S001,16,31
2026-04-23,S001,17,47
2026-04-23,S001,18,44
2026-04-23,S001,19,20
2026-04-23,S001,20,18
2026-04-23,S001,21,11
2026-04-23,S001,22,6
2026-04-23,S001,23,2
2026-04-23,S002,5,7
2026-04-23,S002,6,23
2026-04-23,S002,7,31
2026-04-23,S002,8,28
2026-04-23,S002,9,36
2026-04-23,S002,10,20
2026-04-23,S002,11,17
2026-04-23,S002,12,22
2026-04-23,S002,13,17
2026-04-23,S002,14,20
2026-04-23,S002,15,25
2026-04-23,S002,16,26
2026-04-23,S002,17,33
2026-04-23,S002,18,25
2026-04-23,S002,19,21
2026-04-23,S002,20,12
2026-04-23,S002,21,13
2026-04-23,S002,22,3
2026-04-23,S002,23,4
2026-04-23,S003,5,1
2026-04-23,S003,6,11
2026-04-23,S003,7,19
2026-04-23,S003,8,12
2026-04-23,S003,9,8
2026-04-23,S003,10,15
2026-04-23,S003,11,8
2026-04-23,S003,12,5
2026-04-23,S003,13,7
2026-04-23,S003,14,15
2026-04-23,S003,15,18
2026-04-23,S003,16,17
2026-04-23,S003,17,15
2026-04-23,S003,18,22
2026-04-23,S003,19,11
2026-04-23,S003,20,7
2026-04-23,S003,21,5
2026-04-23,S003,22,2
2026-04-23,S003,23,1
2026-04-23,S004,5,3
2026-04-23,S004,6,7
2026-04-23,S004,7,16
2026-04-23,S004,8,22
2026-04-23,S004,9,14
2026-04-23,S004,10,6
2026-04-23,S004,11,6
2026-04-23,S004,12,10
2026-04-23,S004,13,9
2026-04-23,S004,14,10
2026-04-23,S004,15,19
2026-04-23,S004,16,11
2026-04-23,S004,17,25
2026-04-23,S004,18,22
2026-04-23,S004,19,6
2026-04-23,S004,20,3
2026-04-23,S004,21,7
2026-04-23,S004,22,3
2026-04-23,S004,23,1
2026-04-23,S005,5,2
2026-04-23,S005,6,13
2026-04-23,S005,7,24
2026-04-23,S005,8,22
2026-04-23,S005,9,13
2026-04-23,S005,10,13
2026-04-23,S005,11,11
2026-04-23,S005,12,11
2026-04-23,S005,13,18
2026-04-23,S005,14,15
2026-04-23,S005,15,13
2026-04-23,S005,16,15
2026-04-23,S005,17,36
2026-04-23,S005,18,20
2026-04-23,S005,19,14
2026-04-23,S005,20,5
2026-04-23,S005,21,7
2026-04-23,S005,22,5
2026-04-23,S005,23,4
2026-04-23,S006,5,2
2026-04-23,S006,6,9
2026-04-23,S006,7,16
2026-04-23,S006,8,14
2026-04-23,S006,9,13
2026-04-23,S006,10,11
2026-04-23,S006,11,10
2026-04-23,S006,12,5
2026-04-23,S006,13,5
2026-04-23,S006,14,8
2026-04-23,S006,15,12
2026-04-23,S006,16,18
2026-04-23,S006,17,15
2026-04-23,S006,18,13
2026-04-23,S006,19,5
2026-04-23,S006,20,6
2026-04-23,S006,21,4
2026-04-23,S006,22,3
2026-04-23,S006,23,4
2026-04-23,S007,5,2
2026-04-23,S007,6,6
2026-04-23,S007,7,6
2026-04-23,S007,8,16
2026-04-23,S007,9,12
2026-04-23,S007,10,4
2026-04-23,S007,11,2
2026-04-23,S007,12,10
2026-04-23,S007,13,10
2026-04-23,S007,14,8
2026-04-23,S007,15,7
2026-04-23,S007,16,6
2026-04-23,S007,17,20
2026-04-23,S007,18,7
2026-04-23,S007,19,9
2026-04-23,S007,20,2
2026-04-23,S007,21,3
2026-04-23,S007,22,4
2026-04-23,S007,23,1
2026-04-23,S008,5,6
2026-04-23,S008,6,11
2026-04-23,S008,7,28
2026-04-23,S008,8,18
2026-04-23,S008,9,14
2026-04-23,S008,10,18
2026-04-23,S008,11,19
2026-04-23,S008,12,16
2026-04-23,S008,13,16
2026-04-23,S008,14,14
2026-04-23,S008,15,19
2026-04-23,S008,16,21
2026-04-23,S008,17,21
2026-04-23,S008,18,11
2026-04-23,S008,19,12
2026-04-23,S008,20,5
2026-04-23,S008,21,3
2026-04-23,S008,22,5
2026-04-23,S008,23,2
2026-04-23,S009,5,7
2026-04-23,S009,6,16
2026-04-23,S009,7,30
2026-04-23,S009,8,38
2026-04-23,S009,9,20
2026-04-23,S009,10,14
2026-04-23,S009,11,16
2026-04-23,S009,12,18
2026-04-23,S009,13,24
2026-04-23,S009,14,25
2026-04-23,S009,15,25
2026-04-23,S009,16,24
2026-04-23,S009,17,31
2026-04-23,S009,18,27
2026-04-23,S009,19,18
2026-04-23,S009,20,9
2026-04-23,S009,21,8
2026-04-23,S009,22,2
2026-04-23,S009,23,2
2026-04-23,S010,5,2
2026-04-23,S010,6,13
2026-04-23,S010,7,7
2026-04-23,S010,8,19
2026-04-23,S010,9,15
2026-04-23,S010,10,10
2026-04-23,S010,11,12
2026-04-23,S010,12,13
2026-04-23,S010,13,9
2026-04-23,S010,14,7
2026-04-23,S010,15,13
2026-04-23,S010,16,16
2026-04-23,S010,17,15
2026-04-23,S010,18,12
2026-04-23,S010,19,5
2026-04-23,S010,20,5
2026-04-23,S010,21,5
2026-04-23,S010,22,4
2026-04-23,S010,23,2
2026-04-23,S011,5,3
2026-04-23,S011,6,10
2026-04-23,S011,7,10
2026-04-23,S011,8,10
2026-04-23,S011,9,8
2026-04-23,S011,10,5
2026-04-23,S011,11,2
2026-04-23,S011,12,12
2026-04-23,S011,13,4
2026-04-23,S011,14,7
2026-04-23,S011,15,5
2026-04-23,S011,16,9
2026-04-23,S011,17,12
2026-04-23,S011,18,6
2026-04-23,S011,19,1
2026-04-23,S011,20,4
2026-04-23,S011,21,3
2026-04-23,S011,22,3
2026-04-23,S011,23,0
2026-04-23,S012,5,2
2026-04-23,S012,6,8
2026-04-23,S012,7,13
2026-04-23,S012,8,19
2026-04-23,S012,9,14
2026-04-23,S012,10,10
2026-04-23,S012,11,11
2026-04-23,S012,12,20
2026-04-23,S012,13,10
2026-04-23,S012,14,8
2026-04-23,S012,15,23
2026-04-23,S012,16,13
2026-04-23,S012,17,18
2026-04-23,S012,18,15
2026-04-23,S012,19,19
2026-04-23,S012,20,9
2026-04-23,S012,21,4
2026-04-23,S012,22,2
2026-04-23,S012,23,5
2026-04-23,S013,5,12
2026-04-23,S013,6,37
2026-04-23,S013,7,45
2026-04-23,S013,8,56
2026-04-23,S013,9,48
2026-04-23,S013,10,40
2026-04-23,S013,11,32
2026-04-23,S013,12,36
2026-04-23,S013,13,34
2026-04-23,S013,14,49
2026-04-23,S013,15,35
2026-04-23,S013,16,38
2026-04-23,S013,17,63
2026-04-23,S013,18,44
2026-04-23,S013,19,20
2026-04-23,S013,20,22
2026-04-23,S013,21,18
2026-04-23,S013,22,10
2026-04-23,S013,23,7
2026-04-23,S014,5,4
2026-04-23,S014,6,2
2026-04-23,S014,7,10
2026-04-23,S014,8,9
2026-04-23,S014,9,9
2026-04-23,S014,10,8
2026-04-23,S014,11,3
2026-04-23,S014,12,6
2026-04-23,S014,13,5
2026-04-23,S014,14,9
2026-04-23,S014,15,10
2026-04-23,S014,16,10
2026-04-23,S014,17,10
2026-04-23,S014,18,9
2026-04-23,S014,19,5
2026-04-23,S014,20,5
2026-04-23,S014,21,2
2026-04-23,S014,22,2
2026-04-23,S014,23,0
2026-04-23,S015,5,4
2026-04-23,S015,6,10
2026-04-23,S015,7,25
2026-04-23,S015,8,17
2026-04-23,S015,9,15
2026-04-23,S015,10,12
2026-04-23,S015,11,14
2026-04-23,S015,12,15
2026-04-23,S015,13,16
2026-04-23,S015,14,7
2026-04-23,S015,15,18
2026-04-23,S015,16,18
2026-04-23,S015,17,22
2026-04-23,S015,18,17
2026-04-23,S015,19,8
2026-04-23,S015,20,9
2026-04-23,S015,21,5
2026-04-23,S015,22,5
2026-04-23,S015,23,3
2026-04-23,S016,5,9
2026-04-23,S016,6,9
2026-04-23,S016,7,51
2026-04-23,S016,8,57
2026-04-23,S016,9,32
2026-04-23,S016,10,38
2026-04-23,S016,11,29
2026-04-23,S016,12,31
2026-04-23,S016,13,31
2026-04-23,S016,14,28
2026-04-23,S016,15,46
2026-04-23,S016,16,48
2026-04-23,S016,17,51
2026-04-23,S016,18,50
2026-04-23,S016,19,32
2026-04-23,S016,20,15
2026-04-23,S016,21,15
2026-04-23,S016,22,11
2026-04-23,S016,23,5
2026-04-23,S017,5,1
2026-04-23,S017,6,9
2026-04-23,S017,7,15
2026-04-23,S017,8,13
2026-04-23,S017,9,6
2026-04-23,S017,10,4
2026-04-23,S017,11,8
2026-04-23,S017,12,11
2026-04-23,S017,13,11
2026-04-23,S017,14,7
2026-04-23,S017,15,12
2026-04-23,S017,16,17
2026-04-23,S017,17,17
2026-04-23,S017,18,11
2026-04-23,S017,19,12
2026-04-23,S017,20,6
2026-04-23,S017,21,3
2026-04-23,S017,22,2
2026-04-23,S017,23,1
2026-04-23,S018,5,3
2026-04-23,S018,6,15
2026-04-23,S018,7,22
2026-04-23,S018,8,29
2026-04-23,S018,9,27
2026-04-23,S018,10,17
2026-04-23,S018,11,19
2026-04-23,S018,12,12
2026-04-23,S018,13,12
2026-04-23,S018,14,25
2026-04-23,S018,15,20
2026-04-23,S018,16,25
2026-04-23,S018,17,27
2026-04-23,S018,18,27
2026-04-23,S018,19,14
2026-04-23,S018,20,4
2026-04-23,S018,21,6
2026-04-23,S018,22,5
2026-04-23,S018,23,1
2026-04-24,S001,5,5
2026-04-24,S001,6,24
2026-04-24,S001,7,39
2026-04-24,S001,8,60
2026-04-24,S001,9,29
2026-04-24,S001,10,28
2026-04-24,S001,11,21
2026-04-24,S001,12,30
2026-04-24,S001,13,21
2026-04-24,S001,14,30
2026-04-24,S001,15,25
2026-04-24,S001,16,41
2026-04-24,S001,17,47
2026-04-24,S001,18,33
2026-04-24,S001,19,35
2026-04-24,S001,20,10
2026-04-24,S001,21,14
2026-04-24,S001,22,5
2026-04-24,S001,23,3
2026-04-24,S002,5,11
2026-04-24,S002,6,21
2026-04-24,S002,7,29
2026-04-24,S002,8,39
2026-04-24,S002,9,15
2026-04-24,S002,10,17
2026-04-24,S002,11,19
2026-04-24,S002,12,15
2026-04-24,S002,13,15
2026-04-24,S002,14,19
2026-04-24,S002,15,28
2026-04-24,S002,16,37
2026-04-24,S002,17,36
2026-04-24,S002,18,17
2026-04-24,S002,19,26
2026-04-24,S002,20,20
2026-04-24,S002,21,7
2026-04-24,S002,22,5
2026-04-24,S002,23,2
2026-04-24,S003,5,3
2026-04-24,S003,6,7
2026-04-24,S003,7,19
2026-04-24,S003,8,27
2026-04-24,S003,9,10
2026-04-24,S003,10,10
2026-04-24,S003,11,8
2026-04-24,S003,12,14
2026-04-24,S003,13,8
2026-04-24,S003,14,10
2026-04-24,S003,15,6
2026-04-24,S003,16,12
2026-04-24,S003,17,13
2026-04-24,S003,18,16
2026-04-24,S003,19,13
2026-04-24,S003,20,5
2026-04-24,S003,21,4
2026-04-24,S003,22,4
2026-04-24,S003,23,2
2026-04-24,S004,5,8
2026-04-24,S004,6,8
2026-04-24,S004,7,14
2026-04-24,S004,8,14
2026-04-24,S004,9,15
2026-04-24,S004,10,12
2026-04-24,S004,11,10
2026-04-24,S004,12,8
2026-04-24,S004,13,4
2026-04-24,S004,14,8
2026-04-24,S004,15,16
2026-04-24,S004,16,16
2026-04-24,S004,17,19
2026-04-24,S004,18,14
2026-04-24,S004,19,11
2026-04-24,S004,20,8
2026-04-24,S004,21,7
2026-04-24,S004,22,0
2026-04-24,S004,23,3
2026-04-24,S005,5,10
2026-04-24,S005,6,15
2026-04-24,S005,7,26
2026-04-24,S005,8,24
2026-04-24,S005,9,17
2026-04-24,S005,10,8
2026-04-24,S005,11,15
2026-04-24,S005,12,17
2026-04-24,S005,13,11
2026-04-24,S005,14,15
2026-04-24,S005,15,17
2026-04-24,S005,16,19
2026-04-24,S005,17,34
2026-04-24,S005,18,15
2026-04-24,S005,19,21
2026-04-24,S005,20,10
2026-04-24,S005,21,6
2026-04-24,S005,22,3
2026-04-24,S005,23,2
2026-04-24,S006,5,2
2026-04-24,S006,6,11
2026-04-24,S006,7,20
2026-04-24,S006,8,22
2026-04-24,S006,9,7
2026-04-24,S006,10,6
2026-04-24,S006,11,4
2026-04-24,S006,12,7
2026-04-24,S006,13,10
2026-04-24,S006,14,12
2026-04-24,S006,15,9
2026-04-24,S006,16,15
2026-04-24,S006,17,8
2026-04-24,S006,18,15
2026-04-24,S006,19,10
2026-04-24,S006,20,2
2026-04-24,S006,21,2
2026-04-24,S006,22,3
2026-04-24,S006,23,0
2026-04-24,S007,5,3
2026-04-24,S007,6,6
2026-04-24,S007,7,16
2026-04-24,S007,8,9
2026-04-24,S007,9,9
2026-04-24,S007,10,7
2026-04-24,S007,11,5
2026-04-24,S007,12,7
2026-04-24,S007,13,8
2026-04-24,S007,14,6
2026-04-24,S007,15,6
2026-04-24,S007,16,11
2026-04-24,S007,17,17
2026-04-24,S007,18,9
2026-04-24,S007,19,10
2026-04-24,S007,20,4
2026-04-24,S007,21,5
2026-04-24,S007,22,1
2026-04-24,S007,23,2
2026-04-24,S008,5,5
2026-04-24,S008,6,15
2026-04-24,S008,7,21
2026-04-24,S008,8,22
2026-04-24,S008,9,8
2026-04-24,S008,10,11
2026-04-24,S008,11,11
2026-04-24,S008,12,11
2026-04-24,S008,13,13
2026-04-24,S008,14,12
2026-04-24,S008,15,19
2026-04-24,S008,16,12
2026-04-24,S008,17,20
2026-04-24,S008,18,14
2026-04-24,S008,19,9
2026-04-24,S008,20,7
2026-04-24,S008,21,3
2026-04-24,S008,22,1
2026-04-24,S008,23,3
2026-04-24,S009,5,3
2026-04-24,S009,6,11
2026-04-24,S009,7,28
2026-04-24,S009,8,32
2026-04-24,S009,9,25
2026-04-24,S009,10,19
2026-04-24,S009,11,21
2026-04-24,S009,12,18
2026-04-24,S009,13,20
2026-04-24,S009,14,17
2026-04-24,S009,15,34
2026-04-24,S009,16,30
2026-04-24,S009,17,30
2026-04-24,S009,18,26
2026-04-24,S009,19,17
2026-04-24,S009,20,11
2026-04-24,S009,21,9
2026-04-24,S009,22,3
2026-04-24,S009,23,3
2026-04-24,S010,5,7
2026-04-24,S010,6,7
2026-04-24,S010,7,15
2026-04-24,S010,8,23
2026-04-24,S010,9,20
2026-04-24,S010,10,12
2026-04-24,S010,11,13
2026-04-24,S010,12,8
2026-04-24,S010,13,11
2026-04-24,S010,14,7
2026-04-24,S010,15,14
2026-04-24,S010,16,13
2026-04-24,S010,17,18
2026-04-24,S010,18,10
2026-04-24,S010,19,5
2026-04-24,S010,20,13
2026-04-24,S010,21,3
2026-04-24,S010,22,1
2026-04-24,S010,23,0
2026-04-24,S011,5,4
2026-04-24,S011,6,3
2026-04-24,S011,7,8
2026-04-24,S011,8,12
2026-04-24,S011,9,8
2026-04-24,S011,10,6
2026-04-24,S011,11,4
2026-04-24,S011,12,10
2026-04-24,S011,13,5
2026-04-24,S011,14,4
2026-04-24,S011,15,5
2026-04-24,S011,16,9
2026-04-24,S011,17,12
2026-04-24,S011,18,12
2026-04-24,S011,19,3
2026-04-24,S011,20,3
2026-04-24,S011,21,3
2026-04-24,S011,22,3
2026-04-24,S011,23,1
2026-04-24,S012,5,5
2026-04-24,S012,6,13
2026-04-24,S012,7,21
2026-04-24,S012,8,24
2026-04-24,S012,9,13
2026-04-24,S012,10,6
2026-04-24,S012,11,10
2026-04-24,S012,12,15
2026-04-24,S012,13,14
2026-04-24,S012,14,11
2026-04-24,S012,15,10
2026-04-24,S012,16,20
2026-04-24,S012,17,23
2026-04-24,S012,18,13
2026-04-24,S012,19,6
2026-04-24,S012,20,4
2026-04-24,S012,21,3
2026-04-24,S012,22,3
2026-04-24,S012,23,0
2026-04-24,S013,5,7
2026-04-24,S013,6,28
2026-04-24,S013,7,51
2026-04-24,S013,8,67
2026-04-24,S013,9,50
2026-04-24,S013,10,35
2026-04-24,S013,11,22
2026-04-24,S013,12,30
2026-04-24,S013,13,33
2026-04-24,S013,14,36
2026-04-24,S013,15,47
2026-04-24,S013,16,65
2026-04-24,S013,17,61
2026-04-24,S013,18,44
2026-04-24,S013,19,25
2026-04-24,S013,20,16
2026-04-24,S013,21,15
2026-04-24,S013,22,12
2026-04-24,S013,23,5
2026-04-24,S014,5,4
2026-04-24,S014,6,4
2026-04-24,S014,7,14
2026-04-24,S014,8,16
2026-04-24,S014,9,6
2026-04-24,S014,10,3
2026-04-24,S014,11,5
2026-04-24,S014,12,4
2026-04-24,S014,13,10
2026-04-24,S014,14,3
2026-04-24,S014,15,6
2026-04-24,S014,16,13
2026-04-24,S014,17,9
2026-04-24,S014,18,13
2026-04-24,S014,19,5
2026-04-24,S014,20,4
2026-04-24,S014,21,4
2026-04-24,S014,22,3
2026-04-24,S014,23,1
2026-04-24,S015,5,4
2026-04-24,S015,6,17
2026-04-24,S015,7,23
2026-04-24,S015,8,8
2026-04-24,S015,9,15
2026-04-24,S015,10,8
2026-04-24,S015,11,15
2026-04-24,S015,12,13
2026-04-24,S015,13,17
2026-04-24,S015,14,14
2026-04-24,S015,15,20
2026-04-24,S015,16,23
2026-04-24,S015,17,13
2026-04-24,S015,18,13
2026-04-24,S015,19,7
2026-04-24,S015,20,11
2026-04-24,S015,21,6
2026-04-24,S015,22,4
2026-04-24,S015,23,3
2026-04-24,S016,5,7
2026-04-24,S016,6,29
2026-04-24,S016,7,50
2026-04-24,S016,8,58
2026-04-24,S016,9,40
2026-04-24,S016,10,30
2026-04-24,S016,11,27
2026-04-24,S016,12,31
2026-04-24,S016,13,26
2026-04-24,S016,14,35
2026-04-24,S016,15,41
2026-04-24,S016,16,53
2026-04-24,S016,17,57
2026-04-24,S016,18,38
2026-04-24,S016,19,18
2026-04-24,S016,20,19
2026-04-24,S016,21,14
2026-04-24,S016,22,7
2026-04-24,S016,23,6
2026-04-24,S017,5,3
2026-04-24,S017,6,8
2026-04-24,S017,7,14
2026-04-24,S017,8,17
2026-04-24,S017,9,9
2026-04-24,S017,10,7
2026-04-24,S017,11,5
2026-04-24,S017,12,12
2026-04-24,S017,13,8
2026-04-24,S017,14,6
2026-04-24,S017,15,17
2026-04-24,S017,16,19
2026-04-24,S017,17,12
2026-04-24,S017,18,16
2026-04-24,S017,19,7
2026-04-24,S017,20,9
2026-04-24,S017,21,3
2026-04-24,S017,22,2
2026-04-24,S017,23,3
2026-04-24,S018,5,8
2026-04-24,S018,6,9
2026-04-24,S018,7,24
2026-04-24,S018,8,27
2026-04-24,S018,9,16
2026-04-24,S018,10,20
2026-04-24,S018,11,15
2026-04-24,S018,12,21
2026-04-24,S018,13,19
2026-04-24,S018,14,19
2026-04-24,S018,15,22
2026-04-24,S018,16,23
2026-04-24,S018,17,29
2026-04-24,S018,18,22
2026-04-24,S018,19,11
2026-04-24,S018,20,13
2026-04-24,S018,21,10
2026-04-24,S018,22,11
2026-04-24,S018,23,4
2026-04-25,S001,5,6
2026-04-25,S001,6,7
2026-04-25,S001,7,13
2026-04-25,S001,8,18
2026-04-25,S001,9,23
2026-04-25,S001,10,33
2026-04-25,S001,11,31
2026-04-25,S001,12,39
2026-04-25,S001,13,43
2026-04-25,S001,14,31
2026-04-25,S001,15,39
2026-04-25,S001,16,31
2026-04-25,S001,17,33
2026-04-25,S001,18,32
2026-04-25,S001,19,21
2026-04-25,S001,20,21
2026-04-25,S001,21,12
2026-04-25,S001,22,11
2026-04-25,S001,23,7
2026-04-25,S002,5,1
2026-04-25,S002,6,5
2026-04-25,S002,7,8
2026-04-25,S002,8,13
2026-04-25,S002,9,12
2026-04-25,S002,10,24
2026-04-25,S002,11,29
2026-04-25,S002,12,40
2026-04-25,S002,13,46
2026-04-25,S002,14,25
2026-04-25,S002,15,31
2026-04-25,S002,16,22
2026-04-25,S002,17,25
2026-04-25,S002,18,22
2026-04-25,S002,19,13
2026-04-25,S002,20,8
2026-04-25,S002,21,13
2026-04-25,S002,22,9
2026-04-25,S002,23,3
2026-04-25,S003,5,3
2026-04-25,S003,6,1
2026-04-25,S003,7,2
2026-04-25,S003,8,9
2026-04-25,S003,9,11
2026-04-25,S003,10,13
2026-04-25,S003,11,21
2026-04-25,S003,12,20
2026-04-25,S003,13,12
2026-04-25,S003,14,7
2026-04-25,S003,15,21
2026-04-25,S003,16,21
2026-04-25,S003,17,9
2026-04-25,S003,18,16
2026-04-25,S003,19,12
2026-04-25,S003,20,8
2026-04-25,S003,21,6
2026-04-25,S003,22,7
2026-04-25,S003,23,6
2026-04-25,S004,5,1
2026-04-25,S004,6,4
2026-04-25,S004,7,2
2026-04-25,S004,8,10
2026-04-25,S004,9,12
2026-04-25,S004,10,11
2026-04-25,S004,11,11
2026-04-25,S004,12,13
2026-04-25,S004,13,15
2026-04-25,S004,14,16
2026-04-25,S004,15,9
2026-04-25,S004,16,11
2026-04-25,S004,17,10
2026-04-25,S004,18,6
2026-04-25,S004,19,7
2026-04-25,S004,20,5
2026-04-25,S004,21,5
2026-04-25,S004,22,2
2026-04-25,S004,23,2
2026-04-25,S005,5,1
2026-04-25,S005,6,4
2026-04-25,S005,7,2
2026-04-25,S005,8,9
2026-04-25,S005,9,14
2026-04-25,S005,10,13
2026-04-25,S005,11,17
2026-04-25,S005,12,28
2026-04-25,S005,13,22
2026-04-25,S005,14,35
2026-04-25,S005,15,20
2026-04-25,S005,16,17
2026-04-25,S005,17,11
2026-04-25,S005,18,16
2026-04-25,S005,19,14
2026-04-25,S005,20,15
2026-04-25,S005,21,11
2026-04-25,S005,22,5
2026-04-25,S005,23,3
2026-04-25,S006,5,0
2026-04-25,S006,6,0
2026-04-25,S006,7,2
2026-04-25,S006,8,7
2026-04-25,S006,9,5
2026-04-25,S006,10,11
2026-04-25,S006,11,10
2026-04-25,S006,12,11
2026-04-25,S006,13,10
2026-04-25,S006,14,20
2026-04-25,S006,15,16
2026-04-25,S006,16,13
2026-04-25,S006,17,15
2026-04-25,S006,18,8
2026-04-25,S006,19,10
2026-04-25,S006,20,5
2026-04-25,S006,21,2
2026-04-25,S006,22,6
2026-04-25,S006,23,0
2026-04-25,S007,5,0
2026-04-25,S007,6,1
2026-04-25,S007,7,3
2026-04-25,S007,8,2
2026-04-25,S007,9,5
2026-04-25,S007,10,5
2026-04-25,S007,11,7
2026-04-25,S007,12,12
2026-04-25,S007,13,9
2026-04-25,S007,14,12
2026-04-25,S007,15,7
2026-04-25,S007,16,14
2026-04-25,S007,17,3
2026-04-25,S007,18,6
2026-04-25,S007,19,5
2026-04-25,S007,20,3
2026-04-25,S007,21,5
2026-04-25,S007,22,1
2026-04-25,S007,23,2
2026-04-25,S008,5,3
2026-04-25,S008,6,2
2026-04-25,S008,7,3
2026-04-25,S008,8,9
2026-04-25,S008,9,20
2026-04-25,S008,10,14
2026-04-25,S008,11,23
2026-04-25,S008,12,16
2026-04-25,S008,13,18
2026-04-25,S008,14,16
2026-04-25,S008,15,20
2026-04-25,S008,16,10
2026-04-25,S008,17,23
2026-04-25,S008,18,8
2026-04-25,S008,19,12
2026-04-25,S008,20,8
2026-04-25,S008,21,9
2026-04-25,S008,22,7
2026-04-25,S008,23,5
2026-04-25,S009,5,0
2026-04-25,S009,6,5
2026-04-25,S009,7,4
2026-04-25,S009,8,7
2026-04-25,S009,9,6
2026-04-25,S009,10,20
2026-04-25,S009,11,15
2026-04-25,S009,12,29
2026-04-25,S009,13,27
2026-04-25,S009,14,22
2026-04-25,S009,15,38
2026-04-25,S009,16,28
2026-04-25,S009,17,29
2026-04-25,S009,18,17
2026-04-25,S009,19,17
2026-04-25,S009,20,14
2026-04-25,S009,21,12
2026-04-25,S009,22,7
2026-04-25,S009,23,4
2026-04-25,S010,5,1
2026-04-25,S010,6,0
2026-04-25,S010,7,0
2026-04-25,S010,8,5
2026-04-25,S010,9,6
2026-04-25,S010,10,7
2026-04-25,S010,11,19
2026-04-25,S010,12,17
2026-04-25,S010,13,17
2026-04-25,S010,14,20
2026-04-25,S010,15,12
2026-04-25,S010,16,19
2026-04-25,S010,17,10
2026-04-25,S010,18,11
2026-04-25,S010,19,7
2026-04-25,S010,20,9
2026-04-25,S010,21,6
2026-04-25,S010,22,4
2026-04-25,S010,23,0
2026-04-25,S011,5,1
2026-04-25,S011,6,1
2026-04-25,S011,7,4
2026-04-25,S011,8,3
2026-04-25,S011,9,10
2026-04-25,S011,10,8
2026-04-25,S011,11,10
2026-04-25,S011,12,13
2026-04-25,S011,13,9
2026-04-25,S011,14,7
2026-04-25,S011,15,12
2026-04-25,S011,16,6
2026-04-25,S011,17,2
2026-04-25,S011,18,7
2026-04-25,S011,19,7
2026-04-25,S011,20,4
2026-04-25,S011,21,6
2026-04-25,S011,22,5
2026-04-25,S011,23,2
2026-04-25,S012,5,1
2026-04-25,S012,6,2
2026-04-25,S012,7,6
2026-04-25,S012,8,3
2026-04-25,S012,9,9
2026-04-25,S012,10,19
2026-04-25,S012,11,14
2026-04-25,S012,12,19
2026-04-25,S012,13,25
2026-04-25,S012,14,19
2026-04-25,S012,15,18
2026-04-25,S012,16,18
2026-04-25,S012,17,19
2026-04-25,S012,18,12
2026-04-25,S012,19,11
2026-04-25,S012,20,8
2026-04-25,S012,21,10
2026-04-25,S012,22,3
2026-04-25,S012,23,2
2026-04-25,S013,5,6
2026-04-25,S013,6,6
2026-04-25,S013,7,14
2026-04-25,S013,8,16
2026-04-25,S013,9,23
2026-04-25,S013,10,37
2026-04-25,S013,11,45
2026-04-25,S013,12,50
2026-04-25,S013,13,52
2026-04-25,S013,14,47
2026-04-25,S013,15,46
2026-04-25,S013,16,31
2026-04-25,S013,17,33
2026-04-25,S013,18,31
2026-04-25,S013,19,36
2026-04-25,S013,20,21
2026-04-25,S013,21,30
2026-04-25,S013,22,18
2026-04-25,S013,23,8
2026-04-25,S014,5,2
2026-04-25,S014,6,2
2026-04-25,S014,7,4
2026-04-25,S014,8,3
2026-04-25,S014,9,7
2026-04-25,S014,10,5
2026-04-25,S014,11,7
2026-04-25,S014,12,11
2026-04-25,S014,13,12
2026-04-25,S014,14,8
2026-04-25,S014,15,8
2026-04-25,S014,16,11
2026-04-25,S014,17,5
2026-04-25,S014,18,4
2026-04-25,S014,19,4
2026-04-25,S014,20,2
2026-04-25,S014,21,5
2026-04-25,S014,22,5
2026-04-25,S014,23,0
2026-04-25,S015,5,0
2026-04-25,S015,6,3
2026-04-25,S015,7,2
2026-04-25,S015,8,3
2026-04-25,S015,9,14
2026-04-25,S015,10,9
2026-04-25,S015,11,13
2026-04-25,S015,12,26
2026-04-25,S015,13,19
2026-04-25,S015,14,16
2026-04-25,S015,15,17
2026-04-25,S015,16,11
2026-04-25,S015,17,10
2026-04-25,S015,18,10
2026-04-25,S015,19,13
2026-04-25,S015,20,6
2026-04-25,S015,21,8
2026-04-25,S015,22,3
2026-04-25,S015,23,2
2026-04-25,S016,5,6
2026-04-25,S016,6,5
2026-04-25,S016,7,8
2026-04-25,S016,8,18
2026-04-25,S016,9,20
2026-04-25,S016,10,30
2026-04-25,S016,11,40
2026-04-25,S016,12,39
2026-04-25,S016,13,43
2026-04-25,S016,14,46
2026-04-25,S016,15,55
2026-04-25,S016,16,43
2026-04-25,S016,17,33
2026-04-25,S016,18,32
2026-04-25,S016,19,22
2026-04-25,S016,20,18
2026-04-25,S016,21,22
2026-04-25,S016,22,9
2026-04-25,S016,23,8
2026-04-25,S017,5,0
2026-04-25,S017,6,3
2026-04-25,S017,7,4
2026-04-25,S017,8,4
2026-04-25,S017,9,12
2026-04-25,S017,10,10
2026-04-25,S017,11,26
2026-04-25,S017,12,19
2026-04-25,S017,13,14
2026-04-25,S017,14,12
2026-04-25,S017,15,12
2026-04-25,S017,16,19
2026-04-25,S017,17,11
2026-04-25,S017,18,5
2026-04-25,S017,19,7
2026-04-25,S017,20,12
2026-04-25,S017,21,12
2026-04-25,S017,22,3
2026-04-25,S017,23,2
2026-04-25,S018,5,2
2026-04-25,S018,6,3
2026-04-25,S018,7,3
2026-04-25,S018,8,10
2026-04-25,S018,9,12
2026-04-25,S018,10,20
2026-04-25,S018,11,17
2026-04-25,S018,12,19
2026-04-25,S018,13,19
2026-04-25,S018,14,21
2026-04-25,S018,15,23
2026-04-25,S018,16,18
2026-04-25,S018,17,15
2026-04-25,S018,18,14
2026-04-25,S018,19,13
2026-04-25,S018,20,13
2026-04-25,S018,21,12
2026-04-25,S018,22,7
2026-04-25,S018,23,5
2026-04-26,S001,5,4
2026-04-26,S001,6,5
2026-04-26,S001,7,4
2026-04-26,S001,8,6
2026-04-26,S001,9,26
2026-04-26,S001,10,30
2026-04-26,S001,11,30
2026-04-26,S001,12,46
2026-04-26,S001,13,48
2026-04-26,S001,14,38
2026-04-26,S001,15,29
2026-04-26,S001,16,33
2026-04-26,S001,17,39
2026-04-26,S001,18,33
2026-04-26,S001,19,13
2026-04-26,S001,20,20
2026-04-26,S001,21,15
2026-04-26,S001,22,11
2026-04-26,S001,23,8
2026-04-26,S002,5,2
2026-04-26,S002,6,1
2026-04-26,S002,7,7
2026-04-26,S002,8,6
2026-04-26,S002,9,25
2026-04-26,S002,10,14
2026-04-26,S002,11,24
2026-04-26,S002,12,28
2026-04-26,S002,13,33
2026-04-26,S002,14,25
2026-04-26,S002,15,26
2026-04-26,S002,16,13
2026-04-26,S002,17,19
2026-04-26,S002,18,21
2026-04-26,S002,19,19
2026-04-26,S002,20,13
2026-04-26,S002,21,7
2026-04-26,S002,22,15
2026-04-26,S002,23,5
2026-04-26,S003,5,2
2026-04-26,S003,6,0
2026-04-26,S003,7,5
2026-04-26,S003,8,5
2026-04-26,S003,9,8
2026-04-26,S003,10,13
2026-04-26,S003,11,15
2026-04-26,S003,12,28
2026-04-26,S003,13,16
2026-04-26,S003,14,14
2026-04-26,S003,15,12
2026-04-26,S003,16,15
2026-04-26,S003,17,16
2026-04-26,S003,18,17
2026-04-26,S003,19,6
2026-04-26,S003,20,12
2026-04-26,S003,21,9
2026-04-26,S003,22,2
2026-04-26,S003,23,2
2026-04-26,S004,5,1
2026-04-26,S004,6,2
2026-04-26,S004,7,5
2026-04-26,S004,8,3
2026-04-26,S004,9,4
2026-04-26,S004,10,4
2026-04-26,S004,11,13
2026-04-26,S004,12,10
2026-04-26,S004,13,17
2026-04-26,S004,14,14
2026-04-26,S004,15,13
2026-04-26,S004,16,6
2026-04-26,S004,17,11
2026-04-26,S004,18,9
2026-04-26,S004,19,8
2026-04-26,S004,20,8
2026-04-26,S004,21,1
2026-04-26,S004,22,4
2026-04-26,S004,23,3
2026-04-26,S005,5,1
2026-04-26,S005,6,3
2026-04-26,S005,7,3
2026-04-26,S005,8,8
2026-04-26,S005,9,17
2026-04-26,S005,10,18
2026-04-26,S005,11,26
2026-04-26,S005,12,16
2026-04-26,S005,13,17
2026-04-26,S005,14,25
2026-04-26,S005,15,26
2026-04-26,S005,16,14
2026-04-26,S005,17,15
2026-04-26,S005,18,10
2026-04-26,S005,19,10
2026-04-26,S005,20,13
2026-04-26,S005,21,15
2026-04-26,S005,22,6
2026-04-26,S005,23,2
2026-04-26,S006,5,1
2026-04-26,S006,6,1
2026-04-26,S006,7,4
2026-04-26,S006,8,6
2026-04-26,S006,9,6
2026-04-26,S006,10,8
2026-04-26,S006,11,12
2026-04-26,S006,12,9
2026-04-26,S006,13,11
2026-04-26,S006,14,13
2026-04-26,S006,15,12
2026-04-26,S006,16,13
2026-04-26,S006,17,10
2026-04-26,S006,18,7
2026-04-26,S006,19,8
2026-04-26,S006,20,11
2026-04-26,S006,21,5
2026-04-26,S006,22,2
2026-04-26,S006,23,1
2026-04-26,S007,5,0
2026-04-26,S007,6,0
2026-04-26,S007,7,0
2026-04-26,S007,8,3
2026-04-26,S007,9,10
2026-04-26,S007,10,5
2026-04-26,S007,11,8
2026-04-26,S007,12,12
2026-04-26,S007,13,7
2026-04-26,S007,14,8
2026-04-26,S007,15,10
2026-04-26,S007,16,9
2026-04-26,S007,17,4
2026-04-26,S007,18,9
2026-04-26,S007,19,4
2026-04-26,S007,20,5
2026-04-26,S007,21,7
2026-04-26,S007,22,1
2026-04-26,S007,23,0
2026-04-26,S008,5,0
2026-04-26,S008,6,3
2026-04-26,S008,7,3
2026-04-26,S008,8,1
2026-04-26,S008,9,8
2026-04-26,S008,10,14
2026-04-26,S008,11,18
2026-04-26,S008,12,16
2026-04-26,S008,13,20
2026-04-26,S008,14,13
2026-04-26,S008,15,16
2026-04-26,S008,16,10
2026-04-26,S008,17,7
2026-04-26,S008,18,10
2026-04-26,S008,19,16
2026-04-26,S008,20,10
2026-04-26,S008,21,6
2026-04-26,S008,22,2
2026-04-26,S008,23,1
2026-04-26,S009,5,2
2026-04-26,S009,6,3
2026-04-26,S009,7,8
2026-04-26,S009,8,9
2026-04-26,S009,9,19
2026-04-26,S009,10,14
2026-04-26,S009,11,26
2026-04-26,S009,12,26
2026-04-26,S009,13,31
2026-04-26,S009,14,20
2026-04-26,S009,15,22
2026-04-26,S009,16,29
2026-04-26,S009,17,20
2026-04-26,S009,18,16
2026-04-26,S009,19,13
2026-04-26,S009,20,8
2026-04-26,S009,21,7
2026-04-26,S009,22,10
2026-04-26,S009,23,1
2026-04-26,S010,5,1
2026-04-26,S010,6,5
2026-04-26,S010,7,4
2026-04-26,S010,8,3
2026-04-26,S010,9,9
2026-04-26,S010,10,9
2026-04-26,S010,11,14
2026-04-26,S010,12,18
2026-04-26,S010,13,16
2026-04-26,S010,14,17
2026-04-26,S010,15,8
2026-04-26,S010,16,16
2026-04-26,S010,17,9
2026-04-26,S010,18,9
2026-04-26,S010,19,13
2026-04-26,S010,20,12
2026-04-26,S010,21,6
2026-04-26,S010,22,3
2026-04-26,S010,23,5
2026-04-26,S011,5,0
2026-04-26,S011,6,2
2026-04-26,S011,7,4
2026-04-26,S011,8,3
2026-04-26,S011,9,5
2026-04-26,S011,10,7
2026-04-26,S011,11,4
2026-04-26,S011,12,9
2026-04-26,S011,13,8
2026-04-26,S011,14,5
2026-04-26,S011,15,7
2026-04-26,S011,16,8
2026-04-26,S011,17,3
2026-04-26,S011,18,8
2026-04-26,S011,19,3
2026-04-26,S011,20,5
2026-04-26,S011,21,3
2026-04-26,S011,22,3
2026-04-26,S011,23,2
2026-04-26,S012,5,3
2026-04-26,S012,6,3
2026-04-26,S012,7,7
2026-04-26,S012,8,3
2026-04-26,S012,9,14
2026-04-26,S012,10,11
2026-04-26,S012,11,22
2026-04-26,S012,12,13
2026-04-26,S012,13,14
2026-04-26,S012,14,16
2026-04-26,S012,15,10
2026-04-26,S012,16,19
2026-04-26,S012,17,15
2026-04-26,S012,18,21
2026-04-26,S012,19,8
2026-04-26,S012,20,8
2026-04-26,S012,21,13
2026-04-26,S012,22,5
2026-04-26,S012,23,5
2026-04-26,S013,5,7
2026-04-26,S013,6,5
2026-04-26,S013,7,14
2026-04-26,S013,8,11
2026-04-26,S013,9,22
2026-04-26,S013,10,38
2026-04-26,S013,11,45
2026-04-26,S013,12,61
2026-04-26,S013,13,57
2026-04-26,S013,14,57
2026-04-26,S013,15,53
2026-04-26,S013,16,38
2026-04-26,S013,17,33
2026-04-26,S013,18,29
2026-04-26,S013,19,26
2026-04-26,S013,20,27
2026-04-26,S013,21,26
2026-04-26,S013,22,16
2026-04-26,S013,23,9
2026-04-26,S014,5,3
2026-04-26,S014,6,1
2026-04-26,S014,7,5
2026-04-26,S014,8,1
2026-04-26,S014,9,8
2026-04-26,S014,10,9
2026-04-26,S014,11,10
2026-04-26,S014,12,10
2026-04-26,S014,13,8
2026-04-26,S014,14,12
2026-04-26,S014,15,7
2026-04-26,S014,16,8
2026-04-26,S014,17,7
2026-04-26,S014,18,11
2026-04-26,S014,19,5
2026-04-26,S014,20,4
2026-04-26,S014,21,3
2026-04-26,S014,22,3
2026-04-26,S014,23,1
2026-04-26,S015,5,0
2026-04-26,S015,6,3
2026-04-26,S015,7,7
2026-04-26,S015,8,10
2026-04-26,S015,9,13
2026-04-26,S015,10,14
2026-04-26,S015,11,8
2026-04-26,S015,12,20
2026-04-26,S015,13,12
2026-04-26,S015,14,18
2026-04-26,S015,15,14
2026-04-26,S015,16,10
2026-04-26,S015,17,17
2026-04-26,S015,18,9
2026-04-26,S015,19,12
2026-04-26,S015,20,13
2026-04-26,S015,21,9
2026-04-26,S015,22,5
2026-04-26,S015,23,4
2026-04-26,S016,5,2
2026-04-26,S016,6,3
2026-04-26,S016,7,7
2026-04-26,S016,8,19
2026-04-26,S016,9,27
2026-04-26,S016,10,23
2026-04-26,S016,11,48
2026-04-26,S016,12,49
2026-04-26,S016,13,41
2026-04-26,S016,14,49
2026-04-26,S016,15,45
2026-04-26,S016,16,36
2026-04-26,S016,17,34
2026-04-26,S016,18,25
2026-04-26,S016,19,25
2026-04-26,S016,20,17
2026-04-26,S016,21,13
2026-04-26,S016,22,19
2026-04-26,S016,23,9
2026-04-26,S017,5,0
2026-04-26,S017,6,1
2026-04-26,S017,7,5
2026-04-26,S017,8,3
2026-04-26,S017,9,6
2026-04-26,S017,10,14
2026-04-26,S017,11,14
2026-04-26,S017,12,14
2026-04-26,S017,13,13
2026-04-26,S017,14,13
2026-04-26,S017,15,13
2026-04-26,S017,16,15
2026-04-26,S017,17,6
2026-04-26,S017,18,6
2026-04-26,S017,19,10
2026-04-26,S017,20,14
2026-04-26,S017,21,1
2026-04-26,S017,22,4
2026-04-26,S017,23,2
2026-04-26,S018,5,2
2026-04-26,S018,6,8
2026-04-26,S018,7,9
2026-04-26,S018,8,4
2026-04-26,S018,9,13
2026-04-26,S018,10,18
2026-04-26,S018,11,21
2026-04-26,S018,12,22
2026-04-26,S018,13,27
2026-04-26,S018,14,23
2026-04-26,S018,15,25
2026-04-26,S018,16,18
2026-04-26,S018,17,17
2026-04-26,S018,18,11
2026-04-26,S018,19,15
2026-04-26,S018,20,10
2026-04-26,S018,21,12
2026-04-26,S018,22,5
2026-04-26,S018,23,7
2026-04-27,S001,5,10
2026-04-27,S001,6,20
2026-04-27,S001,7,38
2026-04-27,S001,8,51
2026-04-27,S001,9,32
2026-04-27,S001,10,24
2026-04-27,S001,11,34
2026-04-27,S001,12,24
2026-04-27,S001,13,25
2026-04-27,S001,14,27
2026-04-27,S001,15,33
2026-04-27,S001,16,54
2026-04-27,S001,17,56
2026-04-27,S001,18,30
2026-04-27,S001,19,24
2026-04-27,S001,20,21
2026-04-27,S001,21,11
2026-04-27,S001,22,10
2026-04-27,S001,23,4
2026-04-27,S002,5,7
2026-04-27,S002,6,21
2026-04-27,S002,7,29
2026-04-27,S002,8,36
2026-04-27,S002,9,19
2026-04-27,S002,10,26
2026-04-27,S002,11,25
2026-04-27,S002,12,20
2026-04-27,S002,13,27
2026-04-27,S002,14,17
2026-04-27,S002,15,27
2026-04-27,S002,16,35
2026-04-27,S002,17,27
2026-04-27,S002,18,29
2026-04-27,S002,19,16
2026-04-27,S002,20,5
2026-04-27,S002,21,12
2026-04-27,S002,22,3
2026-04-27,S002,23,1
2026-04-27,S003,5,3
2026-04-27,S003,6,12
2026-04-27,S003,7,17
2026-04-27,S003,8,18
2026-04-27,S003,9,22
2026-04-27,S003,10,15
2026-04-27,S003,11,8
2026-04-27,S003,12,11
2026-04-27,S003,13,15
2026-04-27,S003,14,9
2026-04-27,S003,15,17
2026-04-27,S003,16,16
2026-04-27,S003,17,20
2026-04-27,S003,18,15
2026-04-27,S003,19,10
2026-04-27,S003,20,9
2026-04-27,S003,21,2
2026-04-27,S003,22,8
2026-04-27,S003,23,1
2026-04-27,S004,5,2
2026-04-27,S004,6,8
2026-04-27,S004,7,20
2026-04-27,S004,8,26
2026-04-27,S004,9,10
2026-04-27,S004,10,11
2026-04-27,S004,11,8
2026-04-27,S004,12,9
2026-04-27,S004,13,9
2026-04-27,S004,14,9
2026-04-27,S004,15,11
2026-04-27,S004,16,15
2026-04-27,S004,17,18
2026-04-27,S004,18,11
2026-04-27,S004,19,11
2026-04-27,S004,20,4
2026-04-27,S004,21,5
2026-04-27,S004,22,6
2026-04-27,S004,23,0
2026-04-27,S005,5,6
2026-04-27,S005,6,11
2026-04-27,S005,7,13
2026-04-27,S005,8,34
2026-04-27,S005,9,18
2026-04-27,S005,10,10
2026-04-27,S005,11,10
2026-04-27,S005,12,10
2026-04-27,S005,13,14
2026-04-27,S005,14,13
2026-04-27,S005,15,9
2026-04-27,S005,16,20
2026-04-27,S005,17,24
2026-04-27,S005,18,27
2026-04-27,S005,19,13
2026-04-27,S005,20,5
2026-04-27,S005,21,5
2026-04-27,S005,22,2
2026-04-27,S005,23,0
2026-04-27,S006,5,3
2026-04-27,S006,6,6
2026-04-27,S006,7,13
2026-04-27,S006,8,20
2026-04-27,S006,9,10
2026-04-27,S006,10,14
2026-04-27,S006,11,9
2026-04-27,S006,12,8
2026-04-27,S006,13,10
2026-04-27,S006,14,5
2026-04-27,S006,15,11
2026-04-27,S006,16,15
2026-04-27,S006,17,17
2026-04-27,S006,18,14
2026-04-27,S006,19,8
2026-04-27,S006,20,3
2026-04-27,S006,21,3
2026-04-27,S006,22,3
2026-04-27,S006,23,1
2026-04-27,S007,5,3
2026-04-27,S007,6,2
2026-04-27,S007,7,9
2026-04-27,S007,8,17
2026-04-27,S007,9,11
2026-04-27,S007,10,7
2026-04-27,S007,11,15
2026-04-27,S007,12,9
2026-04-27,S007,13,8
2026-04-27,S007,14,12
2026-04-27,S007,15,9
2026-04-27,S007,16,16
2026-04-27,S007,17,18
2026-04-27,S007,18,13
2026-04-27,S007,19,8
2026-04-27,S007,20,6
2026-04-27,S007,21,1
2026-04-27,S007,22,4
2026-04-27,S007,23,2
2026-04-27,S008,5,3
2026-04-27,S008,6,12
2026-04-27,S008,7,20
2026-04-27,S008,8,25
2026-04-27,S008,9,13
2026-04-27,S008,10,17
2026-04-27,S008,11,19
2026-04-27,S008,12,18
2026-04-27,S008,13,8
2026-04-27,S008,14,14
2026-04-27,S008,15,13
2026-04-27,S008,16,17
2026-04-27,S008,17,28
2026-04-27,S008,18,18
2026-04-27,S008,19,13
2026-04-27,S008,20,8
2026-04-27,S008,21,6
2026-04-27,S008,22,5
2026-04-27,S008,23,4
2026-04-27,S009,5,9
2026-04-27,S009,6,16
2026-04-27,S009,7,31
2026-04-27,S009,8,34
2026-04-27,S009,9,26
2026-04-27,S009,10,15
2026-04-27,S009,11,13
2026-04-27,S009,12,15
2026-04-27,S009,13,19
2026-04-27,S009,14,21
2026-04-27,S009,15,26
2026-04-27,S009,16,28
2026-04-27,S009,17,31
2026-04-27,S009,18,19
2026-04-27,S009,19,13
2026-04-27,S009,20,12
2026-04-27,S009,21,7
2026-04-27,S009,22,4
2026-04-27,S009,23,4
2026-04-27,S010,5,1
2026-04-27,S010,6,7
2026-04-27,S010,7,20
2026-04-27,S010,8,22
2026-04-27,S010,9,10
2026-04-27,S010,10,10
2026-04-27,S010,11,10
2026-04-27,S010,12,12
2026-04-27,S010,13,8
2026-04-27,S010,14,11
2026-04-27,S010,15,12
2026-04-27,S010,16,26
2026-04-27,S010,17,15
2026-04-27,S010,18,17
2026-04-27,S010,19,10
2026-04-27,S010,20,9
2026-04-27,S010,21,5
2026-04-27,S010,22,3
2026-04-27,S010,23,3
2026-04-27,S011,5,2
2026-04-27,S011,6,6
2026-04-27,S011,7,6
2026-04-27,S011,8,11
2026-04-27,S011,9,11
2026-04-27,S011,10,4
2026-04-27,S011,11,8
2026-04-27,S011,12,4
2026-04-27,S011,13,5
2026-04-27,S011,14,2
2026-04-27,S011,15,7
2026-04-27,S011,16,2
2026-04-27,S011,17,10
2026-04-27,S011,18,2
2026-04-27,S011,19,7
2026-04-27,S011,20,3
2026-04-27,S011,21,2
2026-04-27,S011,22,0
2026-04-27,S011,23,0
2026-04-27,S012,5,3
2026-04-27,S012,6,5
2026-04-27,S012,7,13
2026-04-27,S012,8,26
2026-04-27,S012,9,12
2026-04-27,S012,10,15
2026-04-27,S012,11,4
2026-04-27,S012,12,10
2026-04-27,S012,13,18
2026-04-27,S012,14,16
2026-04-27,S012,15,15
2026-04-27,S012,16,20
2026-04-27,S012,17,14
2026-04-27,S012,18,9
2026-04-27,S012,19,8
2026-04-27,S012,20,13
2026-04-27,S012,21,7
2026-04-27,S012,22,2
2026-04-27,S012,23,2
2026-04-27,S013,5,15
2026-04-27,S013,6,29
2026-04-27,S013,7,53
2026-04-27,S013,8,64
2026-04-27,S013,9,49
2026-04-27,S013,10,44
2026-04-27,S013,11,34
2026-04-27,S013,12,36
2026-04-27,S013,13,48
2026-04-27,S013,14,35
2026-04-27,S013,15,39
2026-04-27,S013,16,47
2026-04-27,S013,17,50
2026-04-27,S013,18,44
2026-04-27,S013,19,34
2026-04-27,S013,20,27
2026-04-27,S013,21,19
2026-04-27,S013,22,12
2026-04-27,S013,23,8
2026-04-27,S014,5,4
2026-04-27,S014,6,6
2026-04-27,S014,7,9
2026-04-27,S014,8,12
2026-04-27,S014,9,6
2026-04-27,S014,10,4
2026-04-27,S014,11,3
2026-04-27,S014,12,6
2026-04-27,S014,13,11
2026-04-27,S014,14,11
2026-04-27,S014,15,8
2026-04-27,S014,16,16
2026-04-27,S014,17,9
2026-04-27,S014,18,12
2026-04-27,S014,19,9
2026-04-27,S014,20,9
2026-04-27,S014,21,5
2026-04-27,S014,22,2
2026-04-27,S014,23,1
2026-04-27,S015,5,4
2026-04-27,S015,6,11
2026-04-27,S015,7,26
2026-04-27,S015,8,15
2026-04-27,S015,9,22
2026-04-27,S015,10,10
2026-04-27,S015,11,9
2026-04-27,S015,12,8
2026-04-27,S015,13,15
2026-04-27,S015,14,12
2026-04-27,S015,15,10
2026-04-27,S015,16,19
2026-04-27,S015,17,12
2026-04-27,S015,18,24
2026-04-27,S015,19,8
2026-04-27,S015,20,7
2026-04-27,S015,21,5
2026-04-27,S015,22,1
2026-04-27,S015,23,2
2026-04-27,S016,5,11
2026-04-27,S016,6,30
2026-04-27,S016,7,53
2026-04-27,S016,8,61
2026-04-27,S016,9,30
2026-04-27,S016,10,20
2026-04-27,S016,11,32
2026-04-27,S016,12,42
2026-04-27,S016,13,27
2026-04-27,S016,14,34
2026-04-27,S016,15,48
2026-04-27,S016,16,52
2026-04-27,S016,17,53
2026-04-27,S016,18,36
2026-04-27,S016,19,26
2026-04-27,S016,20,25
2026-04-27,S016,21,11
2026-04-27,S016,22,8
2026-04-27,S016,23,4
2026-04-27,S017,5,3
2026-04-27,S017,6,11
2026-04-27,S017,7,13
2026-04-27,S017,8,23
2026-04-27,S017,9,12
2026-04-27,S017,10,11
2026-04-27,S017,11,11
2026-04-27,S017,12,10
2026-04-27,S017,13,10
2026-04-27,S017,14,8
2026-04-27,S017,15,15
2026-04-27,S017,16,15
2026-04-27,S017,17,20
2026-04-27,S017,18,15
2026-04-27,S017,19,10
2026-04-27,S017,20,7
2026-04-27,S017,21,7
2026-04-27,S017,22,5
2026-04-27,S017,23,1
2026-04-27,S018,5,6
2026-04-27,S018,6,18
2026-04-27,S018,7,26
2026-04-27,S018,8,27
2026-04-27,S018,9,20
2026-04-27,S018,10,10
2026-04-27,S018,11,11
2026-04-27,S018,12,9
2026-04-27,S018,13,11
2026-04-27,S018,14,10
2026-04-27,S018,15,30
2026-04-27,S018,16,27
2026-04-27,S018,17,23
2026-04-27,S018,18,20
2026-04-27,S018,19,20
2026-04-27,S018,20,14
2026-04-27,S018,21,11
2026-04-27,S018,22,8
2026-04-27,S018,23,1
2026-04-28,S001,5,11
2026-04-28,S001,6,23
2026-04-28,S001,7,33
2026-04-28,S001,8,42
2026-04-28,S001,9,32
2026-04-28,S001,10,20
2026-04-28,S001,11,29
2026-04-28,S001,12,33
2026-04-28,S001,13,23
2026-04-28,S001,14,26
2026-04-28,S001,15,26
2026-04-28,S001,16,39
2026-04-28,S001,17,39
2026-04-28,S001,18,40
2026-04-28,S001,19,26
2026-04-28,S001,20,11
2026-04-28,S001,21,15
2026-04-28,S001,22,4
2026-04-28,S001,23,2
2026-04-28,S002,5,10
2026-04-28,S002,6,14
2026-04-28,S002,7,28
2026-04-28,S002,8,37
2026-04-28,S002,9,27
2026-04-28,S002,10,18
2026-04-28,S002,11,23
2026-04-28,S002,12,18
2026-04-28,S002,13,10
2026-04-28,S002,14,19
2026-04-28,S002,15,26
2026-04-28,S002,16,34
2026-04-28,S002,17,37
2026-04-28,S002,18,22
2026-04-28,S002,19,17
2026-04-28,S002,20,12
2026-04-28,S002,21,10
2026-04-28,S002,22,4
2026-04-28,S002,23,4
2026-04-28,S003,5,5
2026-04-28,S003,6,9
2026-04-28,S003,7,16
2026-04-28,S003,8,20
2026-04-28,S003,9,13
2026-04-28,S003,10,15
2026-04-28,S003,11,8
2026-04-28,S003,12,13
2026-04-28,S003,13,10
2026-04-28,S003,14,10
2026-04-28,S003,15,15
2026-04-28,S003,16,13
2026-04-28,S003,17,15
2026-04-28,S003,18,11
2026-04-28,S003,19,11
2026-04-28,S003,20,16
2026-04-28,S003,21,9
2026-04-28,S003,22,5
2026-04-28,S003,23,3
2026-04-28,S004,5,7
2026-04-28,S004,6,11
2026-04-28,S004,7,17
2026-04-28,S004,8,23
2026-04-28,S004,9,14
2026-04-28,S004,10,13
2026-04-28,S004,11,15
2026-04-28,S004,12,7
2026-04-28,S004,13,8
2026-04-28,S004,14,10
2026-04-28,S004,15,11
2026-04-28,S004,16,14
2026-04-28,S004,17,21
2026-04-28,S004,18,10
2026-04-28,S004,19,11
2026-04-28,S004,20,8
2026-04-28,S004,21,6
2026-04-28,S004,22,3
2026-04-28,S004,23,2
2026-04-28,S005,5,6
2026-04-28,S005,6,12
2026-04-28,S005,7,28
2026-04-28,S005,8,28
2026-04-28,S005,9,13
2026-04-28,S005,10,21
2026-04-28,S005,11,12
2026-04-28,S005,12,17
2026-04-28,S005,13,11
2026-04-28,S005,14,13
2026-04-28,S005,15,19
2026-04-28,S005,16,26
2026-04-28,S005,17,24
2026-04-28,S005,18,18
2026-04-28,S005,19,12
2026-04-28,S005,20,5
2026-04-28,S005,21,4
2026-04-28,S005,22,3
2026-04-28,S005,23,2
2026-04-28,S006,5,2
2026-04-28,S006,6,3
2026-04-28,S006,7,19
2026-04-28,S006,8,20
2026-04-28,S006,9,5
2026-04-28,S006,10,12
2026-04-28,S006,11,7
2026-04-28,S006,12,8
2026-04-28,S006,13,7
2026-04-28,S006,14,10
2026-04-28,S006,15,8
2026-04-28,S006,16,14
2026-04-28,S006,17,17
2026-04-28,S006,18,14
2026-04-28,S006,19,7
2026-04-28,S006,20,5
2026-04-28,S006,21,2
2026-04-28,S006,22,2
2026-04-28,S006,23,1
2026-04-28,S007,5,2
2026-04-28,S007,6,2
2026-04-28,S007,7,12
2026-04-28,S007,8,10
2026-04-28,S007,9,4
2026-04-28,S007,10,4
2026-04-28,S007,11,7
2026-04-28,S007,12,6
2026-04-28,S007,13,4
2026-04-28,S007,14,9
2026-04-28,S007,15,7
2026-04-28,S007,16,10
2026-04-28,S007,17,15
2026-04-28,S007,18,10
2026-04-28,S007,19,4
2026-04-28,S007,20,6
2026-04-28,S007,21,2
2026-04-28,S007,22,3
2026-04-28,S007,23,0
2026-04-28,S008,5,3
2026-04-28,S008,6,9
2026-04-28,S008,7,17
2026-04-28,S008,8,17
2026-04-28,S008,9,18
2026-04-28,S008,10,14
2026-04-28,S008,11,11
2026-04-28,S008,12,18
2026-04-28,S008,13,15
2026-04-28,S008,14,12
2026-04-28,S008,15,11
2026-04-28,S008,16,16
2026-04-28,S008,17,20
2026-04-28,S008,18,23
2026-04-28,S008,19,19
2026-04-28,S008,20,7
2026-04-28,S008,21,6
2026-04-28,S008,22,3
2026-04-28,S008,23,1
2026-04-28,S009,5,2
2026-04-28,S009,6,7
2026-04-28,S009,7,27
2026-04-28,S009,8,38
2026-04-28,S009,9,22
2026-04-28,S009,10,19
2026-04-28,S009,11,18
2026-04-28,S009,12,28
2026-04-28,S009,13,18
2026-04-28,S009,14,22
2026-04-28,S009,15,27
2026-04-28,S009,16,31
2026-04-28,S009,17,35
2026-04-28,S009,18,32
2026-04-28,S009,19,19
2026-04-28,S009,20,9
2026-04-28,S009,21,9
2026-04-28,S009,22,4
2026-04-28,S009,23,3
2026-04-28,S010,5,1
2026-04-28,S010,6,6
2026-04-28,S010,7,21
2026-04-28,S010,8,17
2026-04-28,S010,9,12
2026-04-28,S010,10,15
2026-04-28,S010,11,10
2026-04-28,S010,12,8
2026-04-28,S010,13,21
2026-04-28,S010,14,9
2026-04-28,S010,15,10
2026-04-28,S010,16,17
2026-04-28,S010,17,27
2026-04-28,S010,18,5
2026-04-28,S010,19,5
2026-04-28,S010,20,5
2026-04-28,S010,21,4
2026-04-28,S010,22,2
2026-04-28,S010,23,4
2026-04-28,S011,5,5
2026-04-28,S011,6,6
2026-04-28,S011,7,6
2026-04-28,S011,8,14
2026-04-28,S011,9,4
2026-04-28,S011,10,6
2026-04-28,S011,11,5
2026-04-28,S011,12,6
2026-04-28,S011,13,4
2026-04-28,S011,14,6
2026-04-28,S011,15,8
2026-04-28,S011,16,7
2026-04-28,S011,17,11
2026-04-28,S011,18,7
2026-04-28,S011,19,1
2026-04-28,S011,20,2
2026-04-28,S011,21,4
2026-04-28,S011,22,4
2026-04-28,S011,23,1
2026-04-28,S012,5,2
2026-04-28,S012,6,11
2026-04-28,S012,7,18
2026-04-28,S012,8,22
2026-04-28,S012,9,15
2026-04-28,S012,10,15
2026-04-28,S012,11,9
2026-04-28,S012,12,12
2026-04-28,S012,13,14
2026-04-28,S012,14,12
2026-04-28,S012,15,9
2026-04-28,S012,16,24
2026-04-28,S012,17,13
2026-04-28,S012,18,16
2026-04-28,S012,19,6
2026-04-28,S012,20,8
2026-04-28,S012,21,7
2026-04-28,S012,22,5
2026-04-28,S012,23,0
2026-04-28,S013,5,11
2026-04-28,S013,6,21
2026-04-28,S013,7,41
2026-04-28,S013,8,68
2026-04-28,S013,9,41
2026-04-28,S013,10,37
2026-04-28,S013,11,27
2026-04-28,S013,12,34
2026-04-28,S013,13,35
2026-04-28,S013,14,36
2026-04-28,S013,15,49
2026-04-28,S013,16,60
2026-04-28,S013,17,57
2026-04-28,S013,18,34
2026-04-28,S013,19,45
2026-04-28,S013,20,20
2026-04-28,S013,21,19
2026-04-28,S013,22,10
2026-04-28,S013,23,8
2026-04-28,S014,5,1
2026-04-28,S014,6,3
2026-04-28,S014,7,15
2026-04-28,S014,8,12
2026-04-28,S014,9,11
2026-04-28,S014,10,8
2026-04-28,S014,11,6
2026-04-28,S014,12,10
2026-04-28,S014,13,8
2026-04-28,S014,14,8
2026-04-28,S014,15,8
2026-04-28,S014,16,16
2026-04-28,S014,17,9
2026-04-28,S014,18,11
2026-04-28,S014,19,7
2026-04-28,S014,20,7
2026-04-28,S014,21,4
2026-04-28,S014,22,0
2026-04-28,S014,23,0
2026-04-28,S015,5,6
2026-04-28,S015,6,9
2026-04-28,S015,7,17
2026-04-28,S015,8,31
2026-04-28,S015,9,18
2026-04-28,S015,10,14
2026-04-28,S015,11,10
2026-04-28,S015,12,9
2026-04-28,S015,13,22
2026-04-28,S015,14,12
2026-04-28,S015,15,16
2026-04-28,S015,16,17
2026-04-28,S015,17,23
2026-04-28,S015,18,24
2026-04-28,S015,19,17
2026-04-28,S015,20,10
2026-04-28,S015,21,9
2026-04-28,S015,22,5
2026-04-28,S015,23,1
2026-04-28,S016,5,13
2026-04-28,S016,6,35
2026-04-28,S016,7,50
2026-04-28,S016,8,36
2026-04-28,S016,9,42
2026-04-28,S016,10,30
2026-04-28,S016,11,32
2026-04-28,S016,12,24
2026-04-28,S016,13,26
2026-04-28,S016,14,40
2026-04-28,S016,15,40
2026-04-28,S016,16,51
2026-04-28,S016,17,59
2026-04-28,S016,18,49
2026-04-28,S016,19,29
2026-04-28,S016,20,13
2026-04-28,S016,21,11
2026-04-28,S016,22,9
2026-04-28,S016,23,5
2026-04-28,S017,5,3
2026-04-28,S017,6,12
2026-04-28,S017,7,13
2026-04-28,S017,8,28
2026-04-28,S017,9,12
2026-04-28,S017,10,11
2026-04-28,S017,11,11
2026-04-28,S017,12,12
2026-04-28,S017,13,6
2026-04-28,S017,14,4
2026-04-28,S017,15,10
2026-04-28,S017,16,22
2026-04-28,S017,17,21
2026-04-28,S017,18,15
2026-04-28,S017,19,12
2026-04-28,S017,20,5
2026-04-28,S017,21,2
2026-04-28,S017,22,3
2026-04-28,S017,23,1
2026-04-28,S018,5,4
2026-04-28,S018,6,18
2026-04-28,S018,7,20
2026-04-28,S018,8,27
2026-04-28,S018,9,27
2026-04-28,S018,10,21
2026-04-28,S018,11,18
2026-04-28,S018,12,21
2026-04-28,S018,13,18
2026-04-28,S018,14,15
2026-04-28,S018,15,23
2026-04-28,S018,16,28
2026-04-28,S018,17,24
2026-04-28,S018,18,17
2026-04-28,S018,19,15
2026-04-28,S018,20,7
2026-04-28,S018,21,5
2026-04-28,S018,22,5
2026-04-28,S018,23,0
