GEOGRAPHY_CODE,GEOGRAPHY_NAME,C2021_CARS_5_NAME,OBS_VALUE
E01011698,Leeds 001A,Total: All households,632
E01011698,Leeds 001A,No cars or vans in household,91
E01011698,Leeds 001A,1 car or van in household,258
E01011698,Leeds 001A,2 cars or vans in household,234
E01011698,Leeds 001A,3 or more cars or vans in household,49
E01011699,Leeds 001B,Total: All households,577
E01011699,Leeds 001B,No cars or vans in household,40
E01011699,Leeds 001B,1 car or van in household,259
E01011699,Leeds 001B,2 cars or vans in household,219
E01011699,Leeds 001B,3 or more cars or vans in household,59
E01011701,Leeds 001C,Total: All households,596
E01011701,Leeds 001C,No cars or vans in household,63
E01011701,Leeds 001C,1 car or van in household,239
E01011701,Leeds 001C,2 cars or vans in household,250
E01011701,Leeds 001C,3 or more cars or vans in household,44
E01011702,Leeds 001D,Total: All households,664
E01011702,Leeds 001D,No cars or vans in household,52
E01011702,Leeds 001D,1 car or van in household,191
E01011702,Leeds 001D,2 cars or vans in household,313
E01011702,Leeds 001D,3 or more cars or vans in household,108
E01011703,Leeds 001E,Total: All households,564
E01011703,Leeds 001E,No cars or vans in household,34
E01011703,Leeds 001E,1 car or van in household,229
E01011703,Leeds 001E,2 cars or vans in household,237
E01011703,Leeds 001E,3 or more cars or vans in household,64
E01011697,Leeds 002A,Total: All households,687
E01011697,Leeds 002A,No cars or vans in household,78
E01011697,Leeds 002A,1 car or van in household,269
E01011697,Leeds 002A,2 cars or vans in household,254
E01011697,Leeds 002A,3 or more cars or vans in household,86
E01011700,Leeds 002B,Total: All households,600
E01011700,Leeds 002B,No cars or vans in household,103
E01011700,Leeds 002B,1 car or van in household,243
E01011700,Leeds 002B,2 cars or vans in household,193
E01011700,Leeds 002B,3 or more cars or vans in household,61
E01011704,Leeds 002C,Total: All households,1145
E01011704,Leeds 002C,No cars or vans in household,297
E01011704,Leeds 002C,1 car or van in household,540
E01011704,Leeds 002C,2 cars or vans in household,256
E01011704,Leeds 002C,3 or more cars or vans in household,52
E01011705,Leeds 002D,Total: All households,642
E01011705,Leeds 002D,No cars or vans in household,158
E01011705,Leeds 002D,1 car or van in household,290
E01011705,Leeds 002D,2 cars or vans in household,167
E01011705,Leeds 002D,3 or more cars or vans in household,27
E01011581,Leeds 003A,Total: All households,731
E01011581,Leeds 003A,No cars or vans in household,83
E01011581,Leeds 003A,1 car or van in household,337
E01011581,Leeds 003A,2 cars or vans in household,243
E01011581,Leeds 003A,3 or more cars or vans in household,68
E01011582,Leeds 003B,Total: All households,743
E01011582,Leeds 003B,No cars or vans in household,242
E01011582,Leeds 003B,1 car or van in household,290
E01011582,Leeds 003B,2 cars or vans in household,167
E01011582,Leeds 003B,3 or more cars or vans in household,44
E01011583,Leeds 003C,Total: All households,647
E01011583,Leeds 003C,No cars or vans in household,64
E01011583,Leeds 003C,1 car or van in household,283
E01011583,Leeds 003C,2 cars or vans in household,233
E01011583,Leeds 003C,3 or more cars or vans in household,67
E01011584,Leeds 003D,Total: All households,759
E01011584,Leeds 003D,No cars or vans in household,97
E01011584,Leeds 003D,1 car or van in household,344
E01011584,Leeds 003D,2 cars or vans in household,248
E01011584,Leeds 003D,3 or more cars or vans in household,70
E01011569,Leeds 004A,Total: All households,897
E01011569,Leeds 004A,No cars or vans in household,235
E01011569,Leeds 004A,1 car or van in household,406
E01011569,Leeds 004A,2 cars or vans in household,201
E01011569,Leeds 004A,3 or more cars or vans in household,55
E01011571,Leeds 004B,Total: All households,759
E01011571,Leeds 004B,No cars or vans in household,143
E01011571,Leeds 004B,1 car or van in household,340
E01011571,Leeds 004B,2 cars or vans in household,202
E01011571,Leeds 004B,3 or more cars or vans in household,74
E01011572,Leeds 004C,Total: All households,830
E01011572,Leeds 004C,No cars or vans in household,127
E01011572,Leeds 004C,1 car or van in household,433
E01011572,Leeds 004C,2 cars or vans in household,235
E01011572,Leeds 004C,3 or more cars or vans in household,35
E01011573,Leeds 004D,Total: All households,543
E01011573,Leeds 004D,No cars or vans in household,61
E01011573,Leeds 004D,1 car or van in household,231
E01011573,Leeds 004D,2 cars or vans in household,194
E01011573,Leeds 004D,3 or more cars or vans in household,57
E01011574,Leeds 004E,Total: All households,700
E01011574,Leeds 004E,No cars or vans in household,206
E01011574,Leeds 004E,1 car or van in household,306
E01011574,Leeds 004E,2 cars or vans in household,152
E01011574,Leeds 004E,3 or more cars or vans in household,36
E01011707,Leeds 005A,Total: All households,597
E01011707,Leeds 005A,No cars or vans in household,103
E01011707,Leeds 005A,1 car or van in household,239
E01011707,Leeds 005A,2 cars or vans in household,202
E01011707,Leeds 005A,3 or more cars or vans in household,53
E01011709,Leeds 005B,Total: All households,845
E01011709,Leeds 005B,No cars or vans in household,106
E01011709,Leeds 005B,1 car or van in household,283
E01011709,Leeds 005B,2 cars or vans in household,359
E01011709,Leeds 005B,3 or more cars or vans in household,97
E01011710,Leeds 005C,Total: All households,626
E01011710,Leeds 005C,No cars or vans in household,72
E01011710,Leeds 005C,1 car or van in household,243
E01011710,Leeds 005C,2 cars or vans in household,237
E01011710,Leeds 005C,3 or more cars or vans in household,74
E01011711,Leeds 005D,Total: All households,659
E01011711,Leeds 005D,No cars or vans in household,89
E01011711,Leeds 005D,1 car or van in household,269
E01011711,Leeds 005D,2 cars or vans in household,224
E01011711,Leeds 005D,3 or more cars or vans in household,77
E01011712,Leeds 005E,Total: All households,611
E01011712,Leeds 005E,No cars or vans in household,51
E01011712,Leeds 005E,1 car or van in household,226
E01011712,Leeds 005E,2 cars or vans in household,256
E01011712,Leeds 005E,3 or more cars or vans in household,78
E01011561,Leeds 006A,Total: All households,525
E01011561,Leeds 006A,No cars or vans in household,38
E01011561,Leeds 006A,1 car or van in household,195
E01011561,Leeds 006A,2 cars or vans in household,215
E01011561,Leeds 006A,3 or more cars or vans in household,77
E01011696,Leeds 006B,Total: All households,656
E01011696,Leeds 006B,No cars or vans in household,58
E01011696,Leeds 006B,1 car or van in household,215
E01011696,Leeds 006B,2 cars or vans in household,290
E01011696,Leeds 006B,3 or more cars or vans in household,93
E01011706,Leeds 006C,Total: All households,619
E01011706,Leeds 006C,No cars or vans in household,39
E01011706,Leeds 006C,1 car or van in household,180
E01011706,Leeds 006C,2 cars or vans in household,311
E01011706,Leeds 006C,3 or more cars or vans in household,89
E01011708,Leeds 006D,Total: All households,628
E01011708,Leeds 006D,No cars or vans in household,54
E01011708,Leeds 006D,1 car or van in household,197
E01011708,Leeds 006D,2 cars or vans in household,292
E01011708,Leeds 006D,3 or more cars or vans in household,85
E01011713,Leeds 006E,Total: All households,707
E01011713,Leeds 006E,No cars or vans in household,35
E01011713,Leeds 006E,1 car or van in household,212
E01011713,Leeds 006E,2 cars or vans in household,344
E01011713,Leeds 006E,3 or more cars or vans in household,116
E01011570,Leeds 007A,Total: All households,961
E01011570,Leeds 007A,No cars or vans in household,78
E01011570,Leeds 007A,1 car or van in household,360
E01011570,Leeds 007A,2 cars or vans in household,392
E01011570,Leeds 007A,3 or more cars or vans in household,131
E01011576,Leeds 007C,Total: All households,580
E01011576,Leeds 007C,No cars or vans in household,29
E01011576,Leeds 007C,1 car or van in household,165
E01011576,Leeds 007C,2 cars or vans in household,282
E01011576,Leeds 007C,3 or more cars or vans in household,104
E01032503,Leeds 007E,Total: All households,614
E01032503,Leeds 007E,No cars or vans in household,47
E01032503,Leeds 007E,1 car or van in household,225
E01032503,Leeds 007E,2 cars or vans in household,237
E01032503,Leeds 007E,3 or more cars or vans in household,105
E01032504,Leeds 007F,Total: All households,746
E01032504,Leeds 007F,No cars or vans in household,64
E01032504,Leeds 007F,1 car or van in household,268
E01032504,Leeds 007F,2 cars or vans in household,325
E01032504,Leeds 007F,3 or more cars or vans in household,89
E01011266,Leeds 008A,Total: All households,1140
E01011266,Leeds 008A,No cars or vans in household,89
E01011266,Leeds 008A,1 car or van in household,518
E01011266,Leeds 008A,2 cars or vans in household,428
E01011266,Leeds 008A,3 or more cars or vans in household,105
E01011270,Leeds 008B,Total: All households,682
E01011270,Leeds 008B,No cars or vans in household,31
E01011270,Leeds 008B,1 car or van in household,225
E01011270,Leeds 008B,2 cars or vans in household,318
E01011270,Leeds 008B,3 or more cars or vans in household,108
E01011279,Leeds 008C,Total: All households,578
E01011279,Leeds 008C,No cars or vans in household,103
E01011279,Leeds 008C,1 car or van in household,268
E01011279,Leeds 008C,2 cars or vans in household,156
E01011279,Leeds 008C,3 or more cars or vans in household,51
E01011280,Leeds 008D,Total: All households,842
E01011280,Leeds 008D,No cars or vans in household,83
E01011280,Leeds 008D,1 car or van in household,363
E01011280,Leeds 008D,2 cars or vans in household,314
E01011280,Leeds 008D,3 or more cars or vans in household,82
E01011265,Leeds 009A,Total: All households,912
E01011265,Leeds 009A,No cars or vans in household,223
E01011265,Leeds 009A,1 car or van in household,444
E01011265,Leeds 009A,2 cars or vans in household,210
E01011265,Leeds 009A,3 or more cars or vans in household,35
E01011267,Leeds 009B,Total: All households,723
E01011267,Leeds 009B,No cars or vans in household,168
E01011267,Leeds 009B,1 car or van in household,336
E01011267,Leeds 009B,2 cars or vans in household,170
E01011267,Leeds 009B,3 or more cars or vans in household,49
E01011271,Leeds 009C,Total: All households,894
E01011271,Leeds 009C,No cars or vans in household,102
E01011271,Leeds 009C,1 car or van in household,414
E01011271,Leeds 009C,2 cars or vans in household,312
E01011271,Leeds 009C,3 or more cars or vans in household,66
E01011272,Leeds 009D,Total: All households,565
E01011272,Leeds 009D,No cars or vans in household,55
E01011272,Leeds 009D,1 car or van in household,230
E01011272,Leeds 009D,2 cars or vans in household,224
E01011272,Leeds 009D,3 or more cars or vans in household,56
E01011268,Leeds 010A,Total: All households,629
E01011268,Leeds 010A,No cars or vans in household,204
E01011268,Leeds 010A,1 car or van in household,271
E01011268,Leeds 010A,2 cars or vans in household,114
E01011268,Leeds 010A,3 or more cars or vans in household,40
E01011273,Leeds 010B,Total: All households,722
E01011273,Leeds 010B,No cars or vans in household,139
E01011273,Leeds 010B,1 car or van in household,330
E01011273,Leeds 010B,2 cars or vans in household,215
E01011273,Leeds 010B,3 or more cars or vans in household,38
E01011274,Leeds 010C,Total: All households,670
E01011274,Leeds 010C,No cars or vans in household,233
E01011274,Leeds 010C,1 car or van in household,291
E01011274,Leeds 010C,2 cars or vans in household,112
E01011274,Leeds 010C,3 or more cars or vans in household,34
E01011275,Leeds 010D,Total: All households,609
E01011275,Leeds 010D,No cars or vans in household,99
E01011275,Leeds 010D,1 car or van in household,300
E01011275,Leeds 010D,2 cars or vans in household,158
E01011275,Leeds 010D,3 or more cars or vans in household,52
E01011264,Leeds 011A,Total: All households,576
E01011264,Leeds 011A,No cars or vans in household,110
E01011264,Leeds 011A,1 car or van in household,269
E01011264,Leeds 011A,2 cars or vans in household,153
E01011264,Leeds 011A,3 or more cars or vans in household,44
E01011269,Leeds 011B,Total: All households,756
E01011269,Leeds 011B,No cars or vans in household,198
E01011269,Leeds 011B,1 car or van in household,318
E01011269,Leeds 011B,2 cars or vans in household,190
E01011269,Leeds 011B,3 or more cars or vans in household,50
E01011276,Leeds 011C,Total: All households,791
E01011276,Leeds 011C,No cars or vans in household,134
E01011276,Leeds 011C,1 car or van in household,337
E01011276,Leeds 011C,2 cars or vans in household,256
E01011276,Leeds 011C,3 or more cars or vans in household,64
E01011578,Leeds 011D,Total: All households,620
E01011578,Leeds 011D,No cars or vans in household,105
E01011578,Leeds 011D,1 car or van in household,318
E01011578,Leeds 011D,2 cars or vans in household,144
E01011578,Leeds 011D,3 or more cars or vans in household,53
E01011554,Leeds 012A,Total: All households,587
E01011554,Leeds 012A,No cars or vans in household,60
E01011554,Leeds 012A,1 car or van in household,253
E01011554,Leeds 012A,2 cars or vans in household,214
E01011554,Leeds 012A,3 or more cars or vans in household,60
E01011562,Leeds 012B,Total: All households,625
E01011562,Leeds 012B,No cars or vans in household,40
E01011562,Leeds 012B,1 car or van in household,230
E01011562,Leeds 012B,2 cars or vans in household,252
E01011562,Leeds 012B,3 or more cars or vans in household,103
E01011563,Leeds 012C,Total: All households,611
E01011563,Leeds 012C,No cars or vans in household,71
E01011563,Leeds 012C,1 car or van in household,241
E01011563,Leeds 012C,2 cars or vans in household,229
E01011563,Leeds 012C,3 or more cars or vans in household,70
E01011564,Leeds 012D,Total: All households,607
E01011564,Leeds 012D,No cars or vans in household,50
E01011564,Leeds 012D,1 car or van in household,247
E01011564,Leeds 012D,2 cars or vans in household,242
E01011564,Leeds 012D,3 or more cars or vans in household,68
E01011567,Leeds 012E,Total: All households,560
E01011567,Leeds 012E,No cars or vans in household,45
E01011567,Leeds 012E,1 car or van in household,266
E01011567,Leeds 012E,2 cars or vans in household,187
E01011567,Leeds 012E,3 or more cars or vans in household,62
E01011376,Leeds 013A,Total: All households,680
E01011376,Leeds 013A,No cars or vans in household,60
E01011376,Leeds 013A,1 car or van in household,269
E01011376,Leeds 013A,2 cars or vans in household,277
E01011376,Leeds 013A,3 or more cars or vans in household,74
E01011377,Leeds 013B,Total: All households,604
E01011377,Leeds 013B,No cars or vans in household,92
E01011377,Leeds 013B,1 car or van in household,252
E01011377,Leeds 013B,2 cars or vans in household,201
E01011377,Leeds 013B,3 or more cars or vans in household,59
E01011378,Leeds 013C,Total: All households,699
E01011378,Leeds 013C,No cars or vans in household,298
E01011378,Leeds 013C,1 car or van in household,283
E01011378,Leeds 013C,2 cars or vans in household,97
E01011378,Leeds 013C,3 or more cars or vans in household,21
E01011382,Leeds 013D,Total: All households,743
E01011382,Leeds 013D,No cars or vans in household,85
E01011382,Leeds 013D,1 car or van in household,382
E01011382,Leeds 013D,2 cars or vans in household,236
E01011382,Leeds 013D,3 or more cars or vans in household,40
E01011277,Leeds 014A,Total: All households,641
E01011277,Leeds 014A,No cars or vans in household,59
E01011277,Leeds 014A,1 car or van in household,264
E01011277,Leeds 014A,2 cars or vans in household,264
E01011277,Leeds 014A,3 or more cars or vans in household,54
E01011278,Leeds 014B,Total: All households,739
E01011278,Leeds 014B,No cars or vans in household,85
E01011278,Leeds 014B,1 car or van in household,356
E01011278,Leeds 014B,2 cars or vans in household,243
E01011278,Leeds 014B,3 or more cars or vans in household,55
E01011579,Leeds 014C,Total: All households,520
E01011579,Leeds 014C,No cars or vans in household,61
E01011579,Leeds 014C,1 car or van in household,221
E01011579,Leeds 014C,2 cars or vans in household,192
E01011579,Leeds 014C,3 or more cars or vans in household,46
E01011580,Leeds 014D,Total: All households,621
E01011580,Leeds 014D,No cars or vans in household,87
E01011580,Leeds 014D,1 car or van in household,267
E01011580,Leeds 014D,2 cars or vans in household,204
E01011580,Leeds 014D,3 or more cars or vans in household,63
E01011556,Leeds 015A,Total: All households,791
E01011556,Leeds 015A,No cars or vans in household,163
E01011556,Leeds 015A,1 car or van in household,408
E01011556,Leeds 015A,2 cars or vans in household,169
E01011556,Leeds 015A,3 or more cars or vans in household,51
E01011557,Leeds 015B,Total: All households,611
E01011557,Leeds 015B,No cars or vans in household,121
E01011557,Leeds 015B,1 car or van in household,200
E01011557,Leeds 015B,2 cars or vans in household,227
E01011557,Leeds 015B,3 or more cars or vans in household,63
E01011565,Leeds 015C,Total: All households,595
E01011565,Leeds 015C,No cars or vans in household,51
E01011565,Leeds 015C,1 car or van in household,263
E01011565,Leeds 015C,2 cars or vans in household,230
E01011565,Leeds 015C,3 or more cars or vans in household,51
E01011566,Leeds 015D,Total: All households,555
E01011566,Leeds 015D,No cars or vans in household,61
E01011566,Leeds 015D,1 car or van in household,250
E01011566,Leeds 015D,2 cars or vans in household,199
E01011566,Leeds 015D,3 or more cars or vans in household,45
E01011568,Leeds 015E,Total: All households,907
E01011568,Leeds 015E,No cars or vans in household,147
E01011568,Leeds 015E,1 car or van in household,445
E01011568,Leeds 015E,2 cars or vans in household,261
E01011568,Leeds 015E,3 or more cars or vans in household,54
E01011380,Leeds 016A,Total: All households,675
E01011380,Leeds 016A,No cars or vans in household,62
E01011380,Leeds 016A,1 car or van in household,290
E01011380,Leeds 016A,2 cars or vans in household,265
E01011380,Leeds 016A,3 or more cars or vans in household,58
E01011381,Leeds 016B,Total: All households,565
E01011381,Leeds 016B,No cars or vans in household,54
E01011381,Leeds 016B,1 car or van in household,214
E01011381,Leeds 016B,2 cars or vans in household,235
E01011381,Leeds 016B,3 or more cars or vans in household,62
E01011385,Leeds 016C,Total: All households,531
E01011385,Leeds 016C,No cars or vans in household,53
E01011385,Leeds 016C,1 car or van in household,212
E01011385,Leeds 016C,2 cars or vans in household,214
E01011385,Leeds 016C,3 or more cars or vans in household,52
E01011386,Leeds 016D,Total: All households,749
E01011386,Leeds 016D,No cars or vans in household,79
E01011386,Leeds 016D,1 car or van in household,323
E01011386,Leeds 016D,2 cars or vans in household,279
E01011386,Leeds 016D,3 or more cars or vans in household,68
E01011379,Leeds 017A,Total: All households,760
E01011379,Leeds 017A,No cars or vans in household,266
E01011379,Leeds 017A,1 car or van in household,323
E01011379,Leeds 017A,2 cars or vans in household,140
E01011379,Leeds 017A,3 or more cars or vans in household,31
E01011384,Leeds 017B,Total: All households,665
E01011384,Leeds 017B,No cars or vans in household,127
E01011384,Leeds 017B,1 car or van in household,305
E01011384,Leeds 017B,2 cars or vans in household,190
E01011384,Leeds 017B,3 or more cars or vans in household,43
E01032501,Leeds 017E,Total: All households,513
E01032501,Leeds 017E,No cars or vans in household,72
E01032501,Leeds 017E,1 car or van in household,241
E01032501,Leeds 017E,2 cars or vans in household,163
E01032501,Leeds 017E,3 or more cars or vans in household,37
E01032502,Leeds 017F,Total: All households,852
E01032502,Leeds 017F,No cars or vans in household,256
E01032502,Leeds 017F,1 car or van in household,400
E01032502,Leeds 017F,2 cars or vans in household,170
E01032502,Leeds 017F,3 or more cars or vans in household,26
E01011555,Leeds 018A,Total: All households,564
E01011555,Leeds 018A,No cars or vans in household,56
E01011555,Leeds 018A,1 car or van in household,259
E01011555,Leeds 018A,2 cars or vans in household,200
E01011555,Leeds 018A,3 or more cars or vans in household,49
E01011558,Leeds 018B,Total: All households,737
E01011558,Leeds 018B,No cars or vans in household,255
E01011558,Leeds 018B,1 car or van in household,327
E01011558,Leeds 018B,2 cars or vans in household,130
E01011558,Leeds 018B,3 or more cars or vans in household,25
E01011559,Leeds 018C,Total: All households,589
E01011559,Leeds 018C,No cars or vans in household,198
E01011559,Leeds 018C,1 car or van in household,252
E01011559,Leeds 018C,2 cars or vans in household,117
E01011559,Leeds 018C,3 or more cars or vans in household,22
E01011560,Leeds 018D,Total: All households,865
E01011560,Leeds 018D,No cars or vans in household,344
E01011560,Leeds 018D,1 car or van in household,363
E01011560,Leeds 018D,2 cars or vans in household,136
E01011560,Leeds 018D,3 or more cars or vans in household,22
E01011383,Leeds 019A,Total: All households,754
E01011383,Leeds 019A,No cars or vans in household,146
E01011383,Leeds 019A,1 car or van in household,351
E01011383,Leeds 019A,2 cars or vans in household,203
E01011383,Leeds 019A,3 or more cars or vans in household,54
E01011388,Leeds 019B,Total: All households,731
E01011388,Leeds 019B,No cars or vans in household,160
E01011388,Leeds 019B,1 car or van in household,326
E01011388,Leeds 019B,2 cars or vans in household,206
E01011388,Leeds 019B,3 or more cars or vans in household,39
E01011684,Leeds 019C,Total: All households,650
E01011684,Leeds 019C,No cars or vans in household,98
E01011684,Leeds 019C,1 car or van in household,303
E01011684,Leeds 019C,2 cars or vans in household,202
E01011684,Leeds 019C,3 or more cars or vans in household,47
E01011695,Leeds 019D,Total: All households,727
E01011695,Leeds 019D,No cars or vans in household,259
E01011695,Leeds 019D,1 car or van in household,308
E01011695,Leeds 019D,2 cars or vans in household,129
E01011695,Leeds 019D,3 or more cars or vans in household,31
E01011650,Leeds 020A,Total: All households,603
E01011650,Leeds 020A,No cars or vans in household,64
E01011650,Leeds 020A,1 car or van in household,205
E01011650,Leeds 020A,2 cars or vans in household,275
E01011650,Leeds 020A,3 or more cars or vans in household,59
E01011651,Leeds 020B,Total: All households,638
E01011651,Leeds 020B,No cars or vans in household,104
E01011651,Leeds 020B,1 car or van in household,286
E01011651,Leeds 020B,2 cars or vans in household,203
E01011651,Leeds 020B,3 or more cars or vans in household,45
E01011653,Leeds 020C,Total: All households,633
E01011653,Leeds 020C,No cars or vans in household,154
E01011653,Leeds 020C,1 car or van in household,289
E01011653,Leeds 020C,2 cars or vans in household,153
E01011653,Leeds 020C,3 or more cars or vans in household,37
E01011655,Leeds 020D,Total: All households,726
E01011655,Leeds 020D,No cars or vans in household,140
E01011655,Leeds 020D,1 car or van in household,328
E01011655,Leeds 020D,2 cars or vans in household,208
E01011655,Leeds 020D,3 or more cars or vans in household,50
E01011455,Leeds 021A,Total: All households,477
E01011455,Leeds 021A,No cars or vans in household,35
E01011455,Leeds 021A,1 car or van in household,177
E01011455,Leeds 021A,2 cars or vans in household,215
E01011455,Leeds 021A,3 or more cars or vans in household,50
E01011456,Leeds 021B,Total: All households,674
E01011456,Leeds 021B,No cars or vans in household,90
E01011456,Leeds 021B,1 car or van in household,265
E01011456,Leeds 021B,2 cars or vans in household,242
E01011456,Leeds 021B,3 or more cars or vans in household,77
E01011459,Leeds 021C,Total: All households,769
E01011459,Leeds 021C,No cars or vans in household,146
E01011459,Leeds 021C,1 car or van in household,389
E01011459,Leeds 021C,2 cars or vans in household,193
E01011459,Leeds 021C,3 or more cars or vans in household,41
E01011461,Leeds 021D,Total: All households,612
E01011461,Leeds 021D,No cars or vans in household,67
E01011461,Leeds 021D,1 car or van in household,233
E01011461,Leeds 021D,2 cars or vans in household,249
E01011461,Leeds 021D,3 or more cars or vans in household,63
E01011311,Leeds 022A,Total: All households,485
E01011311,Leeds 022A,No cars or vans in household,25
E01011311,Leeds 022A,1 car or van in household,118
E01011311,Leeds 022A,2 cars or vans in household,233
E01011311,Leeds 022A,3 or more cars or vans in household,109
E01011649,Leeds 022B,Total: All households,657
E01011649,Leeds 022B,No cars or vans in household,37
E01011649,Leeds 022B,1 car or van in household,262
E01011649,Leeds 022B,2 cars or vans in household,279
E01011649,Leeds 022B,3 or more cars or vans in household,79
E01011715,Leeds 022C,Total: All households,581
E01011715,Leeds 022C,No cars or vans in household,65
E01011715,Leeds 022C,1 car or van in household,234
E01011715,Leeds 022C,2 cars or vans in household,225
E01011715,Leeds 022C,3 or more cars or vans in household,57
E01011719,Leeds 022D,Total: All households,631
E01011719,Leeds 022D,No cars or vans in household,91
E01011719,Leeds 022D,1 car or van in household,255
E01011719,Leeds 022D,2 cars or vans in household,216
E01011719,Leeds 022D,3 or more cars or vans in household,69
E01011509,Leeds 023A,Total: All households,642
E01011509,Leeds 023A,No cars or vans in household,141
E01011509,Leeds 023A,1 car or van in household,282
E01011509,Leeds 023A,2 cars or vans in household,191
E01011509,Leeds 023A,3 or more cars or vans in household,28
E01011511,Leeds 023B,Total: All households,534
E01011511,Leeds 023B,No cars or vans in household,98
E01011511,Leeds 023B,1 car or van in household,222
E01011511,Leeds 023B,2 cars or vans in household,160
E01011511,Leeds 023B,3 or more cars or vans in household,54
E01011512,Leeds 023C,Total: All households,716
E01011512,Leeds 023C,No cars or vans in household,128
E01011512,Leeds 023C,1 car or van in household,315
E01011512,Leeds 023C,2 cars or vans in household,227
E01011512,Leeds 023C,3 or more cars or vans in household,46
E01011515,Leeds 023D,Total: All households,662
E01011515,Leeds 023D,No cars or vans in household,119
E01011515,Leeds 023D,1 car or van in household,302
E01011515,Leeds 023D,2 cars or vans in household,187
E01011515,Leeds 023D,3 or more cars or vans in household,54
E01011516,Leeds 023E,Total: All households,660
E01011516,Leeds 023E,No cars or vans in household,69
E01011516,Leeds 023E,1 car or van in household,312
E01011516,Leeds 023E,2 cars or vans in household,234
E01011516,Leeds 023E,3 or more cars or vans in household,45
E01011508,Leeds 024A,Total: All households,473
E01011508,Leeds 024A,No cars or vans in household,49
E01011508,Leeds 024A,1 car or van in household,172
E01011508,Leeds 024A,2 cars or vans in household,192
E01011508,Leeds 024A,3 or more cars or vans in household,60
E01011517,Leeds 024B,Total: All households,748
E01011517,Leeds 024B,No cars or vans in household,162
E01011517,Leeds 024B,1 car or van in household,379
E01011517,Leeds 024B,2 cars or vans in household,170
E01011517,Leeds 024B,3 or more cars or vans in household,37
E01011652,Leeds 024C,Total: All households,562
E01011652,Leeds 024C,No cars or vans in household,81
E01011652,Leeds 024C,1 car or van in household,227
E01011652,Leeds 024C,2 cars or vans in household,197
E01011652,Leeds 024C,3 or more cars or vans in household,57
E01011654,Leeds 024D,Total: All households,537
E01011654,Leeds 024D,No cars or vans in household,30
E01011654,Leeds 024D,1 car or van in household,221
E01011654,Leeds 024D,2 cars or vans in household,235
E01011654,Leeds 024D,3 or more cars or vans in household,51
E01011505,Leeds 025A,Total: All households,649
E01011505,Leeds 025A,No cars or vans in household,135
E01011505,Leeds 025A,1 car or van in household,286
E01011505,Leeds 025A,2 cars or vans in household,170
E01011505,Leeds 025A,3 or more cars or vans in household,58
E01011506,Leeds 025B,Total: All households,527
E01011506,Leeds 025B,No cars or vans in household,73
E01011506,Leeds 025B,1 car or van in household,223
E01011506,Leeds 025B,2 cars or vans in household,188
E01011506,Leeds 025B,3 or more cars or vans in household,43
E01011507,Leeds 025C,Total: All households,664
E01011507,Leeds 025C,No cars or vans in household,88
E01011507,Leeds 025C,1 car or van in household,317
E01011507,Leeds 025C,2 cars or vans in household,217
E01011507,Leeds 025C,3 or more cars or vans in household,42
E01011510,Leeds 025D,Total: All households,835
E01011510,Leeds 025D,No cars or vans in household,377
E01011510,Leeds 025D,1 car or van in household,348
E01011510,Leeds 025D,2 cars or vans in household,86
E01011510,Leeds 025D,3 or more cars or vans in household,24
E01011514,Leeds 025E,Total: All households,647
E01011514,Leeds 025E,No cars or vans in household,65
E01011514,Leeds 025E,1 car or van in household,291
E01011514,Leeds 025E,2 cars or vans in household,229
E01011514,Leeds 025E,3 or more cars or vans in household,62
E01011452,Leeds 027A,Total: All households,659
E01011452,Leeds 027A,No cars or vans in household,71
E01011452,Leeds 027A,1 car or van in household,270
E01011452,Leeds 027A,2 cars or vans in household,257
E01011452,Leeds 027A,3 or more cars or vans in household,61
E01011454,Leeds 027B,Total: All households,687
E01011454,Leeds 027B,No cars or vans in household,82
E01011454,Leeds 027B,1 car or van in household,355
E01011454,Leeds 027B,2 cars or vans in household,210
E01011454,Leeds 027B,3 or more cars or vans in household,40
E01011457,Leeds 027C,Total: All households,617
E01011457,Leeds 027C,No cars or vans in household,55
E01011457,Leeds 027C,1 car or van in household,233
E01011457,Leeds 027C,2 cars or vans in household,247
E01011457,Leeds 027C,3 or more cars or vans in household,82
E01011458,Leeds 027D,Total: All households,1020
E01011458,Leeds 027D,No cars or vans in household,60
E01011458,Leeds 027D,1 car or van in household,369
E01011458,Leeds 027D,2 cars or vans in household,504
E01011458,Leeds 027D,3 or more cars or vans in household,87
E01011465,Leeds 027E,Total: All households,836
E01011465,Leeds 027E,No cars or vans in household,240
E01011465,Leeds 027E,1 car or van in household,381
E01011465,Leeds 027E,2 cars or vans in household,188
E01011465,Leeds 027E,3 or more cars or vans in household,27
E01011453,Leeds 028A,Total: All households,707
E01011453,Leeds 028A,No cars or vans in household,106
E01011453,Leeds 028A,1 car or van in household,347
E01011453,Leeds 028A,2 cars or vans in household,211
E01011453,Leeds 028A,3 or more cars or vans in household,43
E01011460,Leeds 028B,Total: All households,656
E01011460,Leeds 028B,No cars or vans in household,141
E01011460,Leeds 028B,1 car or van in household,338
E01011460,Leeds 028B,2 cars or vans in household,147
E01011460,Leeds 028B,3 or more cars or vans in household,30
E01011462,Leeds 028C,Total: All households,726
E01011462,Leeds 028C,No cars or vans in household,169
E01011462,Leeds 028C,1 car or van in household,345
E01011462,Leeds 028C,2 cars or vans in household,173
E01011462,Leeds 028C,3 or more cars or vans in household,39
E01011463,Leeds 028D,Total: All households,757
E01011463,Leeds 028D,No cars or vans in household,232
E01011463,Leeds 028D,1 car or van in household,344
E01011463,Leeds 028D,2 cars or vans in household,144
E01011463,Leeds 028D,3 or more cars or vans in household,37
E01011464,Leeds 028E,Total: All households,898
E01011464,Leeds 028E,No cars or vans in household,161
E01011464,Leeds 028E,1 car or van in household,482
E01011464,Leeds 028E,2 cars or vans in household,223
E01011464,Leeds 028E,3 or more cars or vans in household,32
E01011714,Leeds 029A,Total: All households,772
E01011714,Leeds 029A,No cars or vans in household,115
E01011714,Leeds 029A,1 car or van in household,321
E01011714,Leeds 029A,2 cars or vans in household,268
E01011714,Leeds 029A,3 or more cars or vans in household,68
E01011716,Leeds 029B,Total: All households,623
E01011716,Leeds 029B,No cars or vans in household,76
E01011716,Leeds 029B,1 car or van in household,259
E01011716,Leeds 029B,2 cars or vans in household,223
E01011716,Leeds 029B,3 or more cars or vans in household,65
E01011717,Leeds 029C,Total: All households,725
E01011717,Leeds 029C,No cars or vans in household,185
E01011717,Leeds 029C,1 car or van in household,303
E01011717,Leeds 029C,2 cars or vans in household,190
E01011717,Leeds 029C,3 or more cars or vans in household,47
E01011718,Leeds 029D,Total: All households,824
E01011718,Leeds 029D,No cars or vans in household,214
E01011718,Leeds 029D,1 car or van in household,369
E01011718,Leeds 029D,2 cars or vans in household,205
E01011718,Leeds 029D,3 or more cars or vans in household,36
E01011720,Leeds 029E,Total: All households,694
E01011720,Leeds 029E,No cars or vans in household,280
E01011720,Leeds 029E,1 car or van in household,288
E01011720,Leeds 029E,2 cars or vans in household,104
E01011720,Leeds 029E,3 or more cars or vans in household,22
E01011296,Leeds 030A,Total: All households,775
E01011296,Leeds 030A,No cars or vans in household,92
E01011296,Leeds 030A,1 car or van in household,334
E01011296,Leeds 030A,2 cars or vans in household,284
E01011296,Leeds 030A,3 or more cars or vans in household,65
E01011297,Leeds 030B,Total: All households,708
E01011297,Leeds 030B,No cars or vans in household,54
E01011297,Leeds 030B,1 car or van in household,262
E01011297,Leeds 030B,2 cars or vans in household,291
E01011297,Leeds 030B,3 or more cars or vans in household,101
E01011309,Leeds 030C,Total: All households,662
E01011309,Leeds 030C,No cars or vans in household,71
E01011309,Leeds 030C,1 car or van in household,256
E01011309,Leeds 030C,2 cars or vans in household,246
E01011309,Leeds 030C,3 or more cars or vans in household,89
E01011310,Leeds 030D,Total: All households,730
E01011310,Leeds 030D,No cars or vans in household,107
E01011310,Leeds 030D,1 car or van in household,283
E01011310,Leeds 030D,2 cars or vans in household,261
E01011310,Leeds 030D,3 or more cars or vans in household,79
E01011513,Leeds 031A,Total: All households,964
E01011513,Leeds 031A,No cars or vans in household,119
E01011513,Leeds 031A,1 car or van in household,455
E01011513,Leeds 031A,2 cars or vans in household,335
E01011513,Leeds 031A,3 or more cars or vans in household,55
E01011688,Leeds 031B,Total: All households,612
E01011688,Leeds 031B,No cars or vans in household,98
E01011688,Leeds 031B,1 car or van in household,315
E01011688,Leeds 031B,2 cars or vans in household,168
E01011688,Leeds 031B,3 or more cars or vans in household,31
E01011689,Leeds 031C,Total: All households,803
E01011689,Leeds 031C,No cars or vans in household,214
E01011689,Leeds 031C,1 car or van in household,383
E01011689,Leeds 031C,2 cars or vans in household,175
E01011689,Leeds 031C,3 or more cars or vans in household,31
E01011691,Leeds 031D,Total: All households,690
E01011691,Leeds 031D,No cars or vans in household,258
E01011691,Leeds 031D,1 car or van in household,298
E01011691,Leeds 031D,2 cars or vans in household,106
E01011691,Leeds 031D,3 or more cars or vans in household,28
E01011504,Leeds 032A,Total: All households,751
E01011504,Leeds 032A,No cars or vans in household,312
E01011504,Leeds 032A,1 car or van in household,328
E01011504,Leeds 032A,2 cars or vans in household,96
E01011504,Leeds 032A,3 or more cars or vans in household,15
E01011641,Leeds 032B,Total: All households,617
E01011641,Leeds 032B,No cars or vans in household,73
E01011641,Leeds 032B,1 car or van in household,279
E01011641,Leeds 032B,2 cars or vans in household,220
E01011641,Leeds 032B,3 or more cars or vans in household,45
E01011642,Leeds 032C,Total: All households,494
E01011642,Leeds 032C,No cars or vans in household,52
E01011642,Leeds 032C,1 car or van in household,230
E01011642,Leeds 032C,2 cars or vans in household,175
E01011642,Leeds 032C,3 or more cars or vans in household,37
E01011645,Leeds 032D,Total: All households,617
E01011645,Leeds 032D,No cars or vans in household,121
E01011645,Leeds 032D,1 car or van in household,270
E01011645,Leeds 032D,2 cars or vans in household,178
E01011645,Leeds 032D,3 or more cars or vans in household,48
E01011484,Leeds 033A,Total: All households,669
E01011484,Leeds 033A,No cars or vans in household,276
E01011484,Leeds 033A,1 car or van in household,284
E01011484,Leeds 033A,2 cars or vans in household,90
E01011484,Leeds 033A,3 or more cars or vans in household,19
E01011485,Leeds 033B,Total: All households,763
E01011485,Leeds 033B,No cars or vans in household,289
E01011485,Leeds 033B,1 car or van in household,322
E01011485,Leeds 033B,2 cars or vans in household,127
E01011485,Leeds 033B,3 or more cars or vans in household,25
E01011686,Leeds 033E,Total: All households,802
E01011686,Leeds 033E,No cars or vans in household,338
E01011686,Leeds 033E,1 car or van in household,340
E01011686,Leeds 033E,2 cars or vans in household,103
E01011686,Leeds 033E,3 or more cars or vans in household,21
E01032493,Leeds 033F,Total: All households,641
E01032493,Leeds 033F,No cars or vans in household,103
E01032493,Leeds 033F,1 car or van in household,331
E01032493,Leeds 033F,2 cars or vans in household,154
E01032493,Leeds 033F,3 or more cars or vans in household,53
E01032494,Leeds 033G,Total: All households,721
E01032494,Leeds 033G,No cars or vans in household,246
E01032494,Leeds 033G,1 car or van in household,321
E01032494,Leeds 033G,2 cars or vans in household,124
E01032494,Leeds 033G,3 or more cars or vans in household,30
E01011350,Leeds 034A,Total: All households,681
E01011350,Leeds 034A,No cars or vans in household,110
E01011350,Leeds 034A,1 car or van in household,346
E01011350,Leeds 034A,2 cars or vans in household,192
E01011350,Leeds 034A,3 or more cars or vans in household,33
E01011351,Leeds 034B,Total: All households,907
E01011351,Leeds 034B,No cars or vans in household,200
E01011351,Leeds 034B,1 car or van in household,462
E01011351,Leeds 034B,2 cars or vans in household,205
E01011351,Leeds 034B,3 or more cars or vans in household,40
E01011352,Leeds 034C,Total: All households,963
E01011352,Leeds 034C,No cars or vans in household,298
E01011352,Leeds 034C,1 car or van in household,465
E01011352,Leeds 034C,2 cars or vans in household,167
E01011352,Leeds 034C,3 or more cars or vans in household,33
E01011353,Leeds 034D,Total: All households,847
E01011353,Leeds 034D,No cars or vans in household,118
E01011353,Leeds 034D,1 car or van in household,433
E01011353,Leeds 034D,2 cars or vans in household,261
E01011353,Leeds 034D,3 or more cars or vans in household,35
E01011656,Leeds 035A,Total: All households,638
E01011656,Leeds 035A,No cars or vans in household,236
E01011656,Leeds 035A,1 car or van in household,278
E01011656,Leeds 035A,2 cars or vans in household,94
E01011656,Leeds 035A,3 or more cars or vans in household,30
E01011657,Leeds 035B,Total: All households,606
E01011657,Leeds 035B,No cars or vans in household,259
E01011657,Leeds 035B,1 car or van in household,247
E01011657,Leeds 035B,2 cars or vans in household,81
E01011657,Leeds 035B,3 or more cars or vans in household,19
E01011659,Leeds 035C,Total: All households,662
E01011659,Leeds 035C,No cars or vans in household,288
E01011659,Leeds 035C,1 car or van in household,249
E01011659,Leeds 035C,2 cars or vans in household,98
E01011659,Leeds 035C,3 or more cars or vans in household,27
E01011661,Leeds 035D,Total: All households,877
E01011661,Leeds 035D,No cars or vans in household,518
E01011661,Leeds 035D,1 car or van in household,261
E01011661,Leeds 035D,2 cars or vans in household,78
E01011661,Leeds 035D,3 or more cars or vans in household,20
E01011643,Leeds 037A,Total: All households,632
E01011643,Leeds 037A,No cars or vans in household,124
E01011643,Leeds 037A,1 car or van in household,265
E01011643,Leeds 037A,2 cars or vans in household,199
E01011643,Leeds 037A,3 or more cars or vans in household,44
E01011644,Leeds 037B,Total: All households,557
E01011644,Leeds 037B,No cars or vans in household,134
E01011644,Leeds 037B,1 car or van in household,232
E01011644,Leeds 037B,2 cars or vans in household,161
E01011644,Leeds 037B,3 or more cars or vans in household,30
E01011646,Leeds 037C,Total: All households,653
E01011646,Leeds 037C,No cars or vans in household,104
E01011646,Leeds 037C,1 car or van in household,307
E01011646,Leeds 037C,2 cars or vans in household,192
E01011646,Leeds 037C,3 or more cars or vans in household,50
E01011647,Leeds 037D,Total: All households,542
E01011647,Leeds 037D,No cars or vans in household,110
E01011647,Leeds 037D,1 car or van in household,230
E01011647,Leeds 037D,2 cars or vans in household,129
E01011647,Leeds 037D,3 or more cars or vans in household,73
E01011648,Leeds 037E,Total: All households,578
E01011648,Leeds 037E,No cars or vans in household,89
E01011648,Leeds 037E,1 car or van in household,236
E01011648,Leeds 037E,2 cars or vans in household,180
E01011648,Leeds 037E,3 or more cars or vans in household,73
E01011354,Leeds 038A,Total: All households,654
E01011354,Leeds 038A,No cars or vans in household,300
E01011354,Leeds 038A,1 car or van in household,264
E01011354,Leeds 038A,2 cars or vans in household,76
E01011354,Leeds 038A,3 or more cars or vans in household,14
E01011355,Leeds 038B,Total: All households,609
E01011355,Leeds 038B,No cars or vans in household,191
E01011355,Leeds 038B,1 car or van in household,282
E01011355,Leeds 038B,2 cars or vans in household,115
E01011355,Leeds 038B,3 or more cars or vans in household,21
E01011357,Leeds 038C,Total: All households,909
E01011357,Leeds 038C,No cars or vans in household,479
E01011357,Leeds 038C,1 car or van in household,343
E01011357,Leeds 038C,2 cars or vans in household,72
E01011357,Leeds 038C,3 or more cars or vans in household,15
E01011450,Leeds 038D,Total: All households,519
E01011450,Leeds 038D,No cars or vans in household,139
E01011450,Leeds 038D,1 car or van in household,240
E01011450,Leeds 038D,2 cars or vans in household,126
E01011450,Leeds 038D,3 or more cars or vans in household,14
E01011588,Leeds 039A,Total: All households,707
E01011588,Leeds 039A,No cars or vans in household,66
E01011588,Leeds 039A,1 car or van in household,289
E01011588,Leeds 039A,2 cars or vans in household,290
E01011588,Leeds 039A,3 or more cars or vans in household,62
E01011589,Leeds 039B,Total: All households,702
E01011589,Leeds 039B,No cars or vans in household,98
E01011589,Leeds 039B,1 car or van in household,321
E01011589,Leeds 039B,2 cars or vans in household,228
E01011589,Leeds 039B,3 or more cars or vans in household,55
E01011590,Leeds 039C,Total: All households,662
E01011590,Leeds 039C,No cars or vans in household,57
E01011590,Leeds 039C,1 car or van in household,266
E01011590,Leeds 039C,2 cars or vans in household,260
E01011590,Leeds 039C,3 or more cars or vans in household,79
E01011592,Leeds 039D,Total: All households,793
E01011592,Leeds 039D,No cars or vans in household,201
E01011592,Leeds 039D,1 car or van in household,357
E01011592,Leeds 039D,2 cars or vans in household,196
E01011592,Leeds 039D,3 or more cars or vans in household,39
E01011593,Leeds 039E,Total: All households,853
E01011593,Leeds 039E,No cars or vans in household,91
E01011593,Leeds 039E,1 car or van in household,394
E01011593,Leeds 039E,2 cars or vans in household,311
E01011593,Leeds 039E,3 or more cars or vans in household,57
E01011421,Leeds 040A,Total: All households,598
E01011421,Leeds 040A,No cars or vans in household,181
E01011421,Leeds 040A,1 car or van in household,263
E01011421,Leeds 040A,2 cars or vans in household,127
E01011421,Leeds 040A,3 or more cars or vans in household,27
E01011425,Leeds 040B,Total: All households,607
E01011425,Leeds 040B,No cars or vans in household,109
E01011425,Leeds 040B,1 car or van in household,277
E01011425,Leeds 040B,2 cars or vans in household,165
E01011425,Leeds 040B,3 or more cars or vans in household,56
E01011658,Leeds 040C,Total: All households,750
E01011658,Leeds 040C,No cars or vans in household,346
E01011658,Leeds 040C,1 car or van in household,290
E01011658,Leeds 040C,2 cars or vans in household,97
E01011658,Leeds 040C,3 or more cars or vans in household,17
E01011660,Leeds 040D,Total: All households,755
E01011660,Leeds 040D,No cars or vans in household,244
E01011660,Leeds 040D,1 car or van in household,326
E01011660,Leeds 040D,2 cars or vans in household,151
E01011660,Leeds 040D,3 or more cars or vans in household,34
E01011662,Leeds 040E,Total: All households,518
E01011662,Leeds 040E,No cars or vans in household,258
E01011662,Leeds 040E,1 car or van in household,186
E01011662,Leeds 040E,2 cars or vans in household,58
E01011662,Leeds 040E,3 or more cars or vans in household,16
E01011721,Leeds 041A,Total: All households,618
E01011721,Leeds 041A,No cars or vans in household,251
E01011721,Leeds 041A,1 car or van in household,247
E01011721,Leeds 041A,2 cars or vans in household,93
E01011721,Leeds 041A,3 or more cars or vans in household,27
E01011722,Leeds 041B,Total: All households,910
E01011722,Leeds 041B,No cars or vans in household,278
E01011722,Leeds 041B,1 car or van in household,395
E01011722,Leeds 041B,2 cars or vans in household,193
E01011722,Leeds 041B,3 or more cars or vans in household,44
E01011723,Leeds 041C,Total: All households,711
E01011723,Leeds 041C,No cars or vans in household,271
E01011723,Leeds 041C,1 car or van in household,313
E01011723,Leeds 041C,2 cars or vans in household,113
E01011723,Leeds 041C,3 or more cars or vans in household,14
E01011724,Leeds 041D,Total: All households,843
E01011724,Leeds 041D,No cars or vans in household,311
E01011724,Leeds 041D,1 car or van in household,349
E01011724,Leeds 041D,2 cars or vans in household,148
E01011724,Leeds 041D,3 or more cars or vans in household,35
E01011356,Leeds 042A,Total: All households,936
E01011356,Leeds 042A,No cars or vans in household,277
E01011356,Leeds 042A,1 car or van in household,448
E01011356,Leeds 042A,2 cars or vans in household,167
E01011356,Leeds 042A,3 or more cars or vans in household,44
E01011358,Leeds 042B,Total: All households,715
E01011358,Leeds 042B,No cars or vans in household,294
E01011358,Leeds 042B,1 car or van in household,316
E01011358,Leeds 042B,2 cars or vans in household,86
E01011358,Leeds 042B,3 or more cars or vans in household,19
E01011359,Leeds 042C,Total: All households,832
E01011359,Leeds 042C,No cars or vans in household,340
E01011359,Leeds 042C,1 car or van in household,357
E01011359,Leeds 042C,2 cars or vans in household,107
E01011359,Leeds 042C,3 or more cars or vans in household,28
E01011360,Leeds 042D,Total: All households,752
E01011360,Leeds 042D,No cars or vans in household,347
E01011360,Leeds 042D,1 car or van in household,273
E01011360,Leeds 042D,2 cars or vans in household,90
E01011360,Leeds 042D,3 or more cars or vans in household,42
E01011361,Leeds 042E,Total: All households,1142
E01011361,Leeds 042E,No cars or vans in household,555
E01011361,Leeds 042E,1 car or van in household,456
E01011361,Leeds 042E,2 cars or vans in household,95
E01011361,Leeds 042E,3 or more cars or vans in household,36
E01011435,Leeds 044A,Total: All households,606
E01011435,Leeds 044A,No cars or vans in household,216
E01011435,Leeds 044A,1 car or van in household,185
E01011435,Leeds 044A,2 cars or vans in household,122
E01011435,Leeds 044A,3 or more cars or vans in household,83
E01011440,Leeds 044D,Total: All households,663
E01011440,Leeds 044D,No cars or vans in household,235
E01011440,Leeds 044D,1 car or van in household,259
E01011440,Leeds 044D,2 cars or vans in household,115
E01011440,Leeds 044D,3 or more cars or vans in household,54
E01011441,Leeds 044E,Total: All households,688
E01011441,Leeds 044E,No cars or vans in household,248
E01011441,Leeds 044E,1 car or van in household,267
E01011441,Leeds 044E,2 cars or vans in household,104
E01011441,Leeds 044E,3 or more cars or vans in household,69
E01035040,Leeds 044G,Total: All households,536
E01035040,Leeds 044G,No cars or vans in household,166
E01035040,Leeds 044G,1 car or van in household,176
E01035040,Leeds 044G,2 cars or vans in household,112
E01035040,Leeds 044G,3 or more cars or vans in household,82
E01035041,Leeds 044H,Total: All households,446
E01035041,Leeds 044H,No cars or vans in household,158
E01035041,Leeds 044H,1 car or van in household,150
E01035041,Leeds 044H,2 cars or vans in household,85
E01035041,Leeds 044H,3 or more cars or vans in household,53
E01011477,Leeds 045A,Total: All households,916
E01011477,Leeds 045A,No cars or vans in household,375
E01011477,Leeds 045A,1 car or van in household,391
E01011477,Leeds 045A,2 cars or vans in household,123
E01011477,Leeds 045A,3 or more cars or vans in household,27
E01011480,Leeds 045B,Total: All households,650
E01011480,Leeds 045B,No cars or vans in household,159
E01011480,Leeds 045B,1 car or van in household,316
E01011480,Leeds 045B,2 cars or vans in household,133
E01011480,Leeds 045B,3 or more cars or vans in household,42
E01011488,Leeds 045C,Total: All households,702
E01011488,Leeds 045C,No cars or vans in household,249
E01011488,Leeds 045C,1 car or van in household,318
E01011488,Leeds 045C,2 cars or vans in household,113
E01011488,Leeds 045C,3 or more cars or vans in household,22
E01011489,Leeds 045D,Total: All households,863
E01011489,Leeds 045D,No cars or vans in household,349
E01011489,Leeds 045D,1 car or van in household,364
E01011489,Leeds 045D,2 cars or vans in household,120
E01011489,Leeds 045D,3 or more cars or vans in household,30
E01011324,Leeds 046A,Total: All households,552
E01011324,Leeds 046A,No cars or vans in household,299
E01011324,Leeds 046A,1 car or van in household,182
E01011324,Leeds 046A,2 cars or vans in household,55
E01011324,Leeds 046A,3 or more cars or vans in household,16
E01011325,Leeds 046B,Total: All households,749
E01011325,Leeds 046B,No cars or vans in household,184
E01011325,Leeds 046B,1 car or van in household,365
E01011325,Leeds 046B,2 cars or vans in household,168
E01011325,Leeds 046B,3 or more cars or vans in household,32
E01011326,Leeds 046C,Total: All households,631
E01011326,Leeds 046C,No cars or vans in household,219
E01011326,Leeds 046C,1 car or van in household,287
E01011326,Leeds 046C,2 cars or vans in household,104
E01011326,Leeds 046C,3 or more cars or vans in household,21
E01011332,Leeds 046D,Total: All households,691
E01011332,Leeds 046D,No cars or vans in household,281
E01011332,Leeds 046D,1 car or van in household,280
E01011332,Leeds 046D,2 cars or vans in household,107
E01011332,Leeds 046D,3 or more cars or vans in household,23
E01011423,Leeds 047A,Total: All households,604
E01011423,Leeds 047A,No cars or vans in household,164
E01011423,Leeds 047A,1 car or van in household,267
E01011423,Leeds 047A,2 cars or vans in household,134
E01011423,Leeds 047A,3 or more cars or vans in household,39
E01011424,Leeds 047B,Total: All households,575
E01011424,Leeds 047B,No cars or vans in household,145
E01011424,Leeds 047B,1 car or van in household,266
E01011424,Leeds 047B,2 cars or vans in household,119
E01011424,Leeds 047B,3 or more cars or vans in household,45
E01011427,Leeds 047C,Total: All households,581
E01011427,Leeds 047C,No cars or vans in household,240
E01011427,Leeds 047C,1 car or van in household,220
E01011427,Leeds 047C,2 cars or vans in household,93
E01011427,Leeds 047C,3 or more cars or vans in household,28
E01011431,Leeds 047D,Total: All households,833
E01011431,Leeds 047D,No cars or vans in household,383
E01011431,Leeds 047D,1 car or van in household,318
E01011431,Leeds 047D,2 cars or vans in household,109
E01011431,Leeds 047D,3 or more cars or vans in household,23
E01011422,Leeds 048A,Total: All households,548
E01011422,Leeds 048A,No cars or vans in household,254
E01011422,Leeds 048A,1 car or van in household,184
E01011422,Leeds 048A,2 cars or vans in household,71
E01011422,Leeds 048A,3 or more cars or vans in household,39
E01011426,Leeds 048B,Total: All households,498
E01011426,Leeds 048B,No cars or vans in household,208
E01011426,Leeds 048B,1 car or van in household,203
E01011426,Leeds 048B,2 cars or vans in household,68
E01011426,Leeds 048B,3 or more cars or vans in household,19
E01011428,Leeds 048C,Total: All households,648
E01011428,Leeds 048C,No cars or vans in household,310
E01011428,Leeds 048C,1 car or van in household,233
E01011428,Leeds 048C,2 cars or vans in household,85
E01011428,Leeds 048C,3 or more cars or vans in household,20
E01011429,Leeds 048D,Total: All households,738
E01011429,Leeds 048D,No cars or vans in household,396
E01011429,Leeds 048D,1 car or van in household,250
E01011429,Leeds 048D,2 cars or vans in household,69
E01011429,Leeds 048D,3 or more cars or vans in household,23
E01011663,Leeds 050A,Total: All households,589
E01011663,Leeds 050A,No cars or vans in household,225
E01011663,Leeds 050A,1 car or van in household,241
E01011663,Leeds 050A,2 cars or vans in household,102
E01011663,Leeds 050A,3 or more cars or vans in household,21
E01011664,Leeds 050B,Total: All households,581
E01011664,Leeds 050B,No cars or vans in household,209
E01011664,Leeds 050B,1 car or van in household,259
E01011664,Leeds 050B,2 cars or vans in household,91
E01011664,Leeds 050B,3 or more cars or vans in household,22
E01011665,Leeds 050C,Total: All households,646
E01011665,Leeds 050C,No cars or vans in household,234
E01011665,Leeds 050C,1 car or van in household,267
E01011665,Leeds 050C,2 cars or vans in household,115
E01011665,Leeds 050C,3 or more cars or vans in household,30
E01011667,Leeds 050D,Total: All households,543
E01011667,Leeds 050D,No cars or vans in household,250
E01011667,Leeds 050D,1 car or van in household,224
E01011667,Leeds 050D,2 cars or vans in household,58
E01011667,Leeds 050D,3 or more cars or vans in household,11
E01011323,Leeds 051A,Total: All households,613
E01011323,Leeds 051A,No cars or vans in household,221
E01011323,Leeds 051A,1 car or van in household,247
E01011323,Leeds 051A,2 cars or vans in household,114
E01011323,Leeds 051A,3 or more cars or vans in household,31
E01011329,Leeds 051B,Total: All households,695
E01011329,Leeds 051B,No cars or vans in household,136
E01011329,Leeds 051B,1 car or van in household,312
E01011329,Leeds 051B,2 cars or vans in household,189
E01011329,Leeds 051B,3 or more cars or vans in household,58
E01011330,Leeds 051C,Total: All households,582
E01011330,Leeds 051C,No cars or vans in household,115
E01011330,Leeds 051C,1 car or van in household,266
E01011330,Leeds 051C,2 cars or vans in household,165
E01011330,Leeds 051C,3 or more cars or vans in household,36
E01011333,Leeds 051D,Total: All households,635
E01011333,Leeds 051D,No cars or vans in household,194
E01011333,Leeds 051D,1 car or van in household,269
E01011333,Leeds 051D,2 cars or vans in household,143
E01011333,Leeds 051D,3 or more cars or vans in household,29
E01011327,Leeds 052A,Total: All households,655
E01011327,Leeds 052A,No cars or vans in household,204
E01011327,Leeds 052A,1 car or van in household,317
E01011327,Leeds 052A,2 cars or vans in household,110
E01011327,Leeds 052A,3 or more cars or vans in household,24
E01011328,Leeds 052B,Total: All households,708
E01011328,Leeds 052B,No cars or vans in household,207
E01011328,Leeds 052B,1 car or van in household,316
E01011328,Leeds 052B,2 cars or vans in household,139
E01011328,Leeds 052B,3 or more cars or vans in household,46
E01011335,Leeds 052C,Total: All households,820
E01011335,Leeds 052C,No cars or vans in household,218
E01011335,Leeds 052C,1 car or van in household,387
E01011335,Leeds 052C,2 cars or vans in household,182
E01011335,Leeds 052C,3 or more cars or vans in household,33
E01011591,Leeds 052D,Total: All households,832
E01011591,Leeds 052D,No cars or vans in household,126
E01011591,Leeds 052D,1 car or van in household,422
E01011591,Leeds 052D,2 cars or vans in household,237
E01011591,Leeds 052D,3 or more cars or vans in household,47
E01011430,Leeds 053A,Total: All households,485
E01011430,Leeds 053A,No cars or vans in household,222
E01011430,Leeds 053A,1 car or van in household,171
E01011430,Leeds 053A,2 cars or vans in household,70
E01011430,Leeds 053A,3 or more cars or vans in household,22
E01011432,Leeds 053B,Total: All households,566
E01011432,Leeds 053B,No cars or vans in household,331
E01011432,Leeds 053B,1 car or van in household,175
E01011432,Leeds 053B,2 cars or vans in household,49
E01011432,Leeds 053B,3 or more cars or vans in household,11
E01011433,Leeds 053C,Total: All households,690
E01011433,Leeds 053C,No cars or vans in household,435
E01011433,Leeds 053C,1 car or van in household,198
E01011433,Leeds 053C,2 cars or vans in household,48
E01011433,Leeds 053C,3 or more cars or vans in household,9
E01011434,Leeds 053D,Total: All households,659
E01011434,Leeds 053D,No cars or vans in household,381
E01011434,Leeds 053D,1 car or van in household,225
E01011434,Leeds 053D,2 cars or vans in household,46
E01011434,Leeds 053D,3 or more cars or vans in household,7
E01011445,Leeds 054A,Total: All households,472
E01011445,Leeds 054A,No cars or vans in household,155
E01011445,Leeds 054A,1 car or van in household,141
E01011445,Leeds 054A,2 cars or vans in household,110
E01011445,Leeds 054A,3 or more cars or vans in household,66
E01011446,Leeds 054B,Total: All households,512
E01011446,Leeds 054B,No cars or vans in household,205
E01011446,Leeds 054B,1 car or van in household,145
E01011446,Leeds 054B,2 cars or vans in household,95
E01011446,Leeds 054B,3 or more cars or vans in household,67
E01011447,Leeds 054C,Total: All households,433
E01011447,Leeds 054C,No cars or vans in household,178
E01011447,Leeds 054C,1 car or van in household,142
E01011447,Leeds 054C,2 cars or vans in household,69
E01011447,Leeds 054C,3 or more cars or vans in household,44
E01011448,Leeds 054D,Total: All households,480
E01011448,Leeds 054D,No cars or vans in household,209
E01011448,Leeds 054D,1 car or van in household,136
E01011448,Leeds 054D,2 cars or vans in household,76
E01011448,Leeds 054D,3 or more cars or vans in household,59
E01011449,Leeds 054E,Total: All households,615
E01011449,Leeds 054E,No cars or vans in household,336
E01011449,Leeds 054E,1 car or van in household,203
E01011449,Leeds 054E,2 cars or vans in household,57
E01011449,Leeds 054E,3 or more cars or vans in household,19
E01011670,Leeds 055A,Total: All households,779
E01011670,Leeds 055A,No cars or vans in household,451
E01011670,Leeds 055A,1 car or van in household,265
E01011670,Leeds 055A,2 cars or vans in household,56
E01011670,Leeds 055A,3 or more cars or vans in household,7
E01011671,Leeds 055B,Total: All households,641
E01011671,Leeds 055B,No cars or vans in household,295
E01011671,Leeds 055B,1 car or van in household,266
E01011671,Leeds 055B,2 cars or vans in household,70
E01011671,Leeds 055B,3 or more cars or vans in household,10
E01033002,Leeds 055F,Total: All households,1013
E01033002,Leeds 055F,No cars or vans in household,646
E01033002,Leeds 055F,1 car or van in household,304
E01033002,Leeds 055F,2 cars or vans in household,58
E01033002,Leeds 055F,3 or more cars or vans in household,5
E01033003,Leeds 055G,Total: All households,1182
E01033003,Leeds 055G,No cars or vans in household,782
E01033003,Leeds 055G,1 car or van in household,358
E01033003,Leeds 055G,2 cars or vans in household,39
E01033003,Leeds 055G,3 or more cars or vans in household,3
E01035042,Leeds 055I,Total: All households,463
E01035042,Leeds 055I,No cars or vans in household,290
E01035042,Leeds 055I,1 car or van in household,136
E01035042,Leeds 055I,2 cars or vans in household,29
E01035042,Leeds 055I,3 or more cars or vans in household,8
E01035043,Leeds 055J,Total: All households,435
E01035043,Leeds 055J,No cars or vans in household,257
E01035043,Leeds 055J,1 car or van in household,110
E01035043,Leeds 055J,2 cars or vans in household,41
E01035043,Leeds 055J,3 or more cars or vans in household,27
E01011478,Leeds 056A,Total: All households,805
E01011478,Leeds 056A,No cars or vans in household,350
E01011478,Leeds 056A,1 car or van in household,301
E01011478,Leeds 056A,2 cars or vans in household,107
E01011478,Leeds 056A,3 or more cars or vans in household,47
E01011479,Leeds 056B,Total: All households,618
E01011479,Leeds 056B,No cars or vans in household,240
E01011479,Leeds 056B,1 car or van in household,239
E01011479,Leeds 056B,2 cars or vans in household,112
E01011479,Leeds 056B,3 or more cars or vans in household,27
E01011481,Leeds 056C,Total: All households,710
E01011481,Leeds 056C,No cars or vans in household,362
E01011481,Leeds 056C,1 car or van in household,235
E01011481,Leeds 056C,2 cars or vans in household,93
E01011481,Leeds 056C,3 or more cars or vans in household,20
E01011482,Leeds 056D,Total: All households,873
E01011482,Leeds 056D,No cars or vans in household,348
E01011482,Leeds 056D,1 car or van in household,388
E01011482,Leeds 056D,2 cars or vans in household,116
E01011482,Leeds 056D,3 or more cars or vans in household,21
E01011483,Leeds 056E,Total: All households,699
E01011483,Leeds 056E,No cars or vans in household,397
E01011483,Leeds 056E,1 car or van in household,208
E01011483,Leeds 056E,2 cars or vans in household,70
E01011483,Leeds 056E,3 or more cars or vans in household,24
E01011406,Leeds 057A,Total: All households,589
E01011406,Leeds 057A,No cars or vans in household,85
E01011406,Leeds 057A,1 car or van in household,299
E01011406,Leeds 057A,2 cars or vans in household,163
E01011406,Leeds 057A,3 or more cars or vans in household,42
E01011407,Leeds 057B,Total: All households,661
E01011407,Leeds 057B,No cars or vans in household,166
E01011407,Leeds 057B,1 car or van in household,288
E01011407,Leeds 057B,2 cars or vans in household,179
E01011407,Leeds 057B,3 or more cars or vans in household,28
E01011408,Leeds 057C,Total: All households,766
E01011408,Leeds 057C,No cars or vans in household,225
E01011408,Leeds 057C,1 car or van in household,339
E01011408,Leeds 057C,2 cars or vans in household,167
E01011408,Leeds 057C,3 or more cars or vans in household,35
E01011409,Leeds 057D,Total: All households,663
E01011409,Leeds 057D,No cars or vans in household,163
E01011409,Leeds 057D,1 car or van in household,302
E01011409,Leeds 057D,2 cars or vans in household,155
E01011409,Leeds 057D,3 or more cars or vans in household,43
E01011410,Leeds 057E,Total: All households,778
E01011410,Leeds 057E,No cars or vans in household,118
E01011410,Leeds 057E,1 car or van in household,378
E01011410,Leeds 057E,2 cars or vans in household,230
E01011410,Leeds 057E,3 or more cars or vans in household,52
E01011412,Leeds 057F,Total: All households,795
E01011412,Leeds 057F,No cars or vans in household,146
E01011412,Leeds 057F,1 car or van in household,339
E01011412,Leeds 057F,2 cars or vans in household,251
E01011412,Leeds 057F,3 or more cars or vans in household,59
E01011331,Leeds 058A,Total: All households,633
E01011331,Leeds 058A,No cars or vans in household,214
E01011331,Leeds 058A,1 car or van in household,262
E01011331,Leeds 058A,2 cars or vans in household,115
E01011331,Leeds 058A,3 or more cars or vans in household,42
E01011334,Leeds 058B,Total: All households,689
E01011334,Leeds 058B,No cars or vans in household,261
E01011334,Leeds 058B,1 car or van in household,319
E01011334,Leeds 058B,2 cars or vans in household,81
E01011334,Leeds 058B,3 or more cars or vans in household,28
E01011336,Leeds 058C,Total: All households,830
E01011336,Leeds 058C,No cars or vans in household,404
E01011336,Leeds 058C,1 car or van in household,317
E01011336,Leeds 058C,2 cars or vans in household,89
E01011336,Leeds 058C,3 or more cars or vans in household,20
E01011337,Leeds 058D,Total: All households,569
E01011337,Leeds 058D,No cars or vans in household,211
E01011337,Leeds 058D,1 car or van in household,240
E01011337,Leeds 058D,2 cars or vans in household,91
E01011337,Leeds 058D,3 or more cars or vans in household,27
E01011281,Leeds 059A,Total: All households,904
E01011281,Leeds 059A,No cars or vans in household,283
E01011281,Leeds 059A,1 car or van in household,413
E01011281,Leeds 059A,2 cars or vans in household,170
E01011281,Leeds 059A,3 or more cars or vans in household,38
E01011282,Leeds 059B,Total: All households,614
E01011282,Leeds 059B,No cars or vans in household,276
E01011282,Leeds 059B,1 car or van in household,239
E01011282,Leeds 059B,2 cars or vans in household,80
E01011282,Leeds 059B,3 or more cars or vans in household,19
E01011283,Leeds 059C,Total: All households,634
E01011283,Leeds 059C,No cars or vans in household,257
E01011283,Leeds 059C,1 car or van in household,242
E01011283,Leeds 059C,2 cars or vans in household,112
E01011283,Leeds 059C,3 or more cars or vans in household,23
E01011286,Leeds 059D,Total: All households,586
E01011286,Leeds 059D,No cars or vans in household,122
E01011286,Leeds 059D,1 car or van in household,281
E01011286,Leeds 059D,2 cars or vans in household,141
E01011286,Leeds 059D,3 or more cars or vans in household,42
E01011295,Leeds 059E,Total: All households,746
E01011295,Leeds 059E,No cars or vans in household,274
E01011295,Leeds 059E,1 car or van in household,324
E01011295,Leeds 059E,2 cars or vans in household,128
E01011295,Leeds 059E,3 or more cars or vans in household,20
E01011339,Leeds 060A,Total: All households,861
E01011339,Leeds 060A,No cars or vans in household,338
E01011339,Leeds 060A,1 car or van in household,373
E01011339,Leeds 060A,2 cars or vans in household,130
E01011339,Leeds 060A,3 or more cars or vans in household,20
E01011340,Leeds 060B,Total: All households,674
E01011340,Leeds 060B,No cars or vans in household,276
E01011340,Leeds 060B,1 car or van in household,302
E01011340,Leeds 060B,2 cars or vans in household,76
E01011340,Leeds 060B,3 or more cars or vans in household,20
E01011342,Leeds 060C,Total: All households,661
E01011342,Leeds 060C,No cars or vans in household,282
E01011342,Leeds 060C,1 car or van in household,290
E01011342,Leeds 060C,2 cars or vans in household,80
E01011342,Leeds 060C,3 or more cars or vans in household,9
E01011346,Leeds 060D,Total: All households,792
E01011346,Leeds 060D,No cars or vans in household,325
E01011346,Leeds 060D,1 car or van in household,330
E01011346,Leeds 060D,2 cars or vans in household,108
E01011346,Leeds 060D,3 or more cars or vans in household,29
E01011341,Leeds 061A,Total: All households,874
E01011341,Leeds 061A,No cars or vans in household,215
E01011341,Leeds 061A,1 car or van in household,413
E01011341,Leeds 061A,2 cars or vans in household,186
E01011341,Leeds 061A,3 or more cars or vans in household,60
E01011343,Leeds 061B,Total: All households,931
E01011343,Leeds 061B,No cars or vans in household,235
E01011343,Leeds 061B,1 car or van in household,463
E01011343,Leeds 061B,2 cars or vans in household,185
E01011343,Leeds 061B,3 or more cars or vans in household,48
E01011345,Leeds 061C,Total: All households,671
E01011345,Leeds 061C,No cars or vans in household,280
E01011345,Leeds 061C,1 car or van in household,273
E01011345,Leeds 061C,2 cars or vans in household,93
E01011345,Leeds 061C,3 or more cars or vans in household,25
E01011666,Leeds 061D,Total: All households,596
E01011666,Leeds 061D,No cars or vans in household,102
E01011666,Leeds 061D,1 car or van in household,265
E01011666,Leeds 061D,2 cars or vans in household,185
E01011666,Leeds 061D,3 or more cars or vans in household,44
E01011585,Leeds 062A,Total: All households,668
E01011585,Leeds 062A,No cars or vans in household,187
E01011585,Leeds 062A,1 car or van in household,318
E01011585,Leeds 062A,2 cars or vans in household,137
E01011585,Leeds 062A,3 or more cars or vans in household,26
E01011587,Leeds 062B,Total: All households,793
E01011587,Leeds 062B,No cars or vans in household,166
E01011587,Leeds 062B,1 car or van in household,387
E01011587,Leeds 062B,2 cars or vans in household,210
E01011587,Leeds 062B,3 or more cars or vans in household,30
E01011594,Leeds 062C,Total: All households,632
E01011594,Leeds 062C,No cars or vans in household,165
E01011594,Leeds 062C,1 car or van in household,276
E01011594,Leeds 062C,2 cars or vans in household,154
E01011594,Leeds 062C,3 or more cars or vans in household,37
E01011596,Leeds 062D,Total: All households,780
E01011596,Leeds 062D,No cars or vans in household,143
E01011596,Leeds 062D,1 car or van in household,353
E01011596,Leeds 062D,2 cars or vans in household,237
E01011596,Leeds 062D,3 or more cars or vans in household,47
E01011598,Leeds 062E,Total: All households,754
E01011598,Leeds 062E,No cars or vans in household,152
E01011598,Leeds 062E,1 car or van in household,375
E01011598,Leeds 062E,2 cars or vans in household,194
E01011598,Leeds 062E,3 or more cars or vans in household,33
E01011678,Leeds 063B,Total: All households,858
E01011678,Leeds 063B,No cars or vans in household,501
E01011678,Leeds 063B,1 car or van in household,244
E01011678,Leeds 063B,2 cars or vans in household,80
E01011678,Leeds 063B,3 or more cars or vans in household,33
E01011681,Leeds 063D,Total: All households,642
E01011681,Leeds 063D,No cars or vans in household,388
E01011681,Leeds 063D,1 car or van in household,182
E01011681,Leeds 063D,2 cars or vans in household,44
E01011681,Leeds 063D,3 or more cars or vans in household,28
E01035044,Leeds 063F,Total: All households,649
E01035044,Leeds 063F,No cars or vans in household,418
E01035044,Leeds 063F,1 car or van in household,165
E01035044,Leeds 063F,2 cars or vans in household,46
E01035044,Leeds 063F,3 or more cars or vans in household,20
E01035045,Leeds 063G,Total: All households,622
E01035045,Leeds 063G,No cars or vans in household,380
E01035045,Leeds 063G,1 car or van in household,189
E01035045,Leeds 063G,2 cars or vans in household,32
E01035045,Leeds 063G,3 or more cars or vans in household,21
E01011338,Leeds 064A,Total: All households,807
E01011338,Leeds 064A,No cars or vans in household,431
E01011338,Leeds 064A,1 car or van in household,293
E01011338,Leeds 064A,2 cars or vans in household,68
E01011338,Leeds 064A,3 or more cars or vans in household,15
E01011673,Leeds 064B,Total: All households,786
E01011673,Leeds 064B,No cars or vans in household,503
E01011673,Leeds 064B,1 car or van in household,252
E01011673,Leeds 064B,2 cars or vans in household,25
E01011673,Leeds 064B,3 or more cars or vans in household,6
E01011677,Leeds 064D,Total: All households,783
E01011677,Leeds 064D,No cars or vans in household,476
E01011677,Leeds 064D,1 car or van in household,268
E01011677,Leeds 064D,2 cars or vans in household,34
E01011677,Leeds 064D,3 or more cars or vans in household,5
E01033031,Leeds 064E,Total: All households,868
E01033031,Leeds 064E,No cars or vans in household,540
E01033031,Leeds 064E,1 car or van in household,297
E01033031,Leeds 064E,2 cars or vans in household,26
E01033031,Leeds 064E,3 or more cars or vans in household,5
E01033035,Leeds 064F,Total: All households,771
E01033035,Leeds 064F,No cars or vans in household,414
E01033035,Leeds 064F,1 car or van in household,322
E01033035,Leeds 064F,2 cars or vans in household,30
E01033035,Leeds 064F,3 or more cars or vans in household,5
E01011344,Leeds 065A,Total: All households,836
E01011344,Leeds 065A,No cars or vans in household,538
E01011344,Leeds 065A,1 car or van in household,242
E01011344,Leeds 065A,2 cars or vans in household,46
E01011344,Leeds 065A,3 or more cars or vans in household,10
E01011347,Leeds 065B,Total: All households,784
E01011347,Leeds 065B,No cars or vans in household,474
E01011347,Leeds 065B,1 car or van in household,266
E01011347,Leeds 065B,2 cars or vans in household,34
E01011347,Leeds 065B,3 or more cars or vans in household,10
E01011348,Leeds 065C,Total: All households,680
E01011348,Leeds 065C,No cars or vans in household,332
E01011348,Leeds 065C,1 car or van in household,261
E01011348,Leeds 065C,2 cars or vans in household,70
E01011348,Leeds 065C,3 or more cars or vans in household,17
E01011349,Leeds 065D,Total: All households,925
E01011349,Leeds 065D,No cars or vans in household,543
E01011349,Leeds 065D,1 car or van in household,311
E01011349,Leeds 065D,2 cars or vans in household,65
E01011349,Leeds 065D,3 or more cars or vans in household,6
E01011586,Leeds 066A,Total: All households,699
E01011586,Leeds 066A,No cars or vans in household,113
E01011586,Leeds 066A,1 car or van in household,303
E01011586,Leeds 066A,2 cars or vans in household,218
E01011586,Leeds 066A,3 or more cars or vans in household,65
E01011595,Leeds 066B,Total: All households,805
E01011595,Leeds 066B,No cars or vans in household,109
E01011595,Leeds 066B,1 car or van in household,339
E01011595,Leeds 066B,2 cars or vans in household,244
E01011595,Leeds 066B,3 or more cars or vans in household,113
E01011597,Leeds 066C,Total: All households,561
E01011597,Leeds 066C,No cars or vans in household,87
E01011597,Leeds 066C,1 car or van in household,250
E01011597,Leeds 066C,2 cars or vans in household,165
E01011597,Leeds 066C,3 or more cars or vans in household,59
E01011599,Leeds 066D,Total: All households,705
E01011599,Leeds 066D,No cars or vans in household,119
E01011599,Leeds 066D,1 car or van in household,339
E01011599,Leeds 066D,2 cars or vans in household,201
E01011599,Leeds 066D,3 or more cars or vans in household,46
E01011287,Leeds 067B,Total: All households,654
E01011287,Leeds 067B,No cars or vans in household,160
E01011287,Leeds 067B,1 car or van in household,305
E01011287,Leeds 067B,2 cars or vans in household,158
E01011287,Leeds 067B,3 or more cars or vans in household,31
E01032499,Leeds 067G,Total: All households,701
E01032499,Leeds 067G,No cars or vans in household,98
E01032499,Leeds 067G,1 car or van in household,329
E01032499,Leeds 067G,2 cars or vans in household,215
E01032499,Leeds 067G,3 or more cars or vans in household,59
E01032500,Leeds 067H,Total: All households,639
E01032500,Leeds 067H,No cars or vans in household,341
E01032500,Leeds 067H,1 car or van in household,229
E01032500,Leeds 067H,2 cars or vans in household,58
E01032500,Leeds 067H,3 or more cars or vans in household,11
E01032606,Leeds 067I,Total: All households,924
E01032606,Leeds 067I,No cars or vans in household,292
E01032606,Leeds 067I,1 car or van in household,406
E01032606,Leeds 067I,2 cars or vans in household,182
E01032606,Leeds 067I,3 or more cars or vans in household,44
E01032607,Leeds 067J,Total: All households,649
E01032607,Leeds 067J,No cars or vans in household,283
E01032607,Leeds 067J,1 car or van in household,262
E01032607,Leeds 067J,2 cars or vans in household,82
E01032607,Leeds 067J,3 or more cars or vans in household,22
E01032608,Leeds 067K,Total: All households,519
E01032608,Leeds 067K,No cars or vans in household,209
E01032608,Leeds 067K,1 car or van in household,211
E01032608,Leeds 067K,2 cars or vans in household,78
E01032608,Leeds 067K,3 or more cars or vans in household,21
E01011608,Leeds 068A,Total: All households,593
E01011608,Leeds 068A,No cars or vans in household,179
E01011608,Leeds 068A,1 car or van in household,258
E01011608,Leeds 068A,2 cars or vans in household,135
E01011608,Leeds 068A,3 or more cars or vans in household,21
E01011609,Leeds 068B,Total: All households,660
E01011609,Leeds 068B,No cars or vans in household,238
E01011609,Leeds 068B,1 car or van in household,268
E01011609,Leeds 068B,2 cars or vans in household,126
E01011609,Leeds 068B,3 or more cars or vans in household,28
E01011610,Leeds 068C,Total: All households,694
E01011610,Leeds 068C,No cars or vans in household,146
E01011610,Leeds 068C,1 car or van in household,311
E01011610,Leeds 068C,2 cars or vans in household,193
E01011610,Leeds 068C,3 or more cars or vans in household,44
E01011611,Leeds 068D,Total: All households,624
E01011611,Leeds 068D,No cars or vans in household,229
E01011611,Leeds 068D,1 car or van in household,249
E01011611,Leeds 068D,2 cars or vans in household,117
E01011611,Leeds 068D,3 or more cars or vans in household,29
E01011614,Leeds 068E,Total: All households,853
E01011614,Leeds 068E,No cars or vans in household,158
E01011614,Leeds 068E,1 car or van in household,411
E01011614,Leeds 068E,2 cars or vans in household,221
E01011614,Leeds 068E,3 or more cars or vans in household,63
E01011413,Leeds 069A,Total: All households,593
E01011413,Leeds 069A,No cars or vans in household,76
E01011413,Leeds 069A,1 car or van in household,264
E01011413,Leeds 069A,2 cars or vans in household,195
E01011413,Leeds 069A,3 or more cars or vans in household,58
E01011415,Leeds 069B,Total: All households,730
E01011415,Leeds 069B,No cars or vans in household,180
E01011415,Leeds 069B,1 car or van in household,331
E01011415,Leeds 069B,2 cars or vans in household,183
E01011415,Leeds 069B,3 or more cars or vans in household,36
E01011416,Leeds 069C,Total: All households,615
E01011416,Leeds 069C,No cars or vans in household,121
E01011416,Leeds 069C,1 car or van in household,244
E01011416,Leeds 069C,2 cars or vans in household,191
E01011416,Leeds 069C,3 or more cars or vans in household,59
E01011417,Leeds 069D,Total: All households,740
E01011417,Leeds 069D,No cars or vans in household,196
E01011417,Leeds 069D,1 car or van in household,318
E01011417,Leeds 069D,2 cars or vans in household,173
E01011417,Leeds 069D,3 or more cars or vans in household,53
E01011420,Leeds 069E,Total: All households,629
E01011420,Leeds 069E,No cars or vans in household,93
E01011420,Leeds 069E,1 car or van in household,313
E01011420,Leeds 069E,2 cars or vans in household,174
E01011420,Leeds 069E,3 or more cars or vans in household,49
E01011615,Leeds 070A,Total: All households,651
E01011615,Leeds 070A,No cars or vans in household,219
E01011615,Leeds 070A,1 car or van in household,306
E01011615,Leeds 070A,2 cars or vans in household,103
E01011615,Leeds 070A,3 or more cars or vans in household,23
E01011617,Leeds 070B,Total: All households,685
E01011617,Leeds 070B,No cars or vans in household,266
E01011617,Leeds 070B,1 car or van in household,308
E01011617,Leeds 070B,2 cars or vans in household,95
E01011617,Leeds 070B,3 or more cars or vans in household,16
E01011618,Leeds 070C,Total: All households,711
E01011618,Leeds 070C,No cars or vans in household,351
E01011618,Leeds 070C,1 car or van in household,273
E01011618,Leeds 070C,2 cars or vans in household,76
E01011618,Leeds 070C,3 or more cars or vans in household,11
E01011621,Leeds 070D,Total: All households,595
E01011621,Leeds 070D,No cars or vans in household,204
E01011621,Leeds 070D,1 car or van in household,282
E01011621,Leeds 070D,2 cars or vans in household,96
E01011621,Leeds 070D,3 or more cars or vans in household,13
E01011284,Leeds 071A,Total: All households,1091
E01011284,Leeds 071A,No cars or vans in household,533
E01011284,Leeds 071A,1 car or van in household,445
E01011284,Leeds 071A,2 cars or vans in household,90
E01011284,Leeds 071A,3 or more cars or vans in household,23
E01011292,Leeds 071B,Total: All households,957
E01011292,Leeds 071B,No cars or vans in household,586
E01011292,Leeds 071B,1 car or van in household,281
E01011292,Leeds 071B,2 cars or vans in household,72
E01011292,Leeds 071B,3 or more cars or vans in household,18
E01011293,Leeds 071C,Total: All households,850
E01011293,Leeds 071C,No cars or vans in household,425
E01011293,Leeds 071C,1 car or van in household,334
E01011293,Leeds 071C,2 cars or vans in household,73
E01011293,Leeds 071C,3 or more cars or vans in household,18
E01011294,Leeds 071D,Total: All households,491
E01011294,Leeds 071D,No cars or vans in household,257
E01011294,Leeds 071D,1 car or van in household,171
E01011294,Leeds 071D,2 cars or vans in household,51
E01011294,Leeds 071D,3 or more cars or vans in household,12
E01011363,Leeds 071E,Total: All households,863
E01011363,Leeds 071E,No cars or vans in household,418
E01011363,Leeds 071E,1 car or van in household,348
E01011363,Leeds 071E,2 cars or vans in household,74
E01011363,Leeds 071E,3 or more cars or vans in household,23
E01011616,Leeds 072A,Total: All households,700
E01011616,Leeds 072A,No cars or vans in household,266
E01011616,Leeds 072A,1 car or van in household,301
E01011616,Leeds 072A,2 cars or vans in household,102
E01011616,Leeds 072A,3 or more cars or vans in household,31
E01011620,Leeds 072B,Total: All households,498
E01011620,Leeds 072B,No cars or vans in household,162
E01011620,Leeds 072B,1 car or van in household,195
E01011620,Leeds 072B,2 cars or vans in household,117
E01011620,Leeds 072B,3 or more cars or vans in household,24
E01011622,Leeds 072C,Total: All households,703
E01011622,Leeds 072C,No cars or vans in household,332
E01011622,Leeds 072C,1 car or van in household,276
E01011622,Leeds 072C,2 cars or vans in household,82
E01011622,Leeds 072C,3 or more cars or vans in household,13
E01011624,Leeds 072D,Total: All households,726
E01011624,Leeds 072D,No cars or vans in household,338
E01011624,Leeds 072D,1 car or van in household,274
E01011624,Leeds 072D,2 cars or vans in household,97
E01011624,Leeds 072D,3 or more cars or vans in household,17
E01011411,Leeds 073A,Total: All households,734
E01011411,Leeds 073A,No cars or vans in household,91
E01011411,Leeds 073A,1 car or van in household,305
E01011411,Leeds 073A,2 cars or vans in household,263
E01011411,Leeds 073A,3 or more cars or vans in household,75
E01011414,Leeds 073B,Total: All households,642
E01011414,Leeds 073B,No cars or vans in household,100
E01011414,Leeds 073B,1 car or van in household,303
E01011414,Leeds 073B,2 cars or vans in household,189
E01011414,Leeds 073B,3 or more cars or vans in household,50
E01011418,Leeds 073C,Total: All households,624
E01011418,Leeds 073C,No cars or vans in household,81
E01011418,Leeds 073C,1 car or van in household,302
E01011418,Leeds 073C,2 cars or vans in household,190
E01011418,Leeds 073C,3 or more cars or vans in household,51
E01011419,Leeds 073D,Total: All households,496
E01011419,Leeds 073D,No cars or vans in household,43
E01011419,Leeds 073D,1 car or van in household,243
E01011419,Leeds 073D,2 cars or vans in household,162
E01011419,Leeds 073D,3 or more cars or vans in household,48
E01011396,Leeds 074A,Total: All households,895
E01011396,Leeds 074A,No cars or vans in household,250
E01011396,Leeds 074A,1 car or van in household,403
E01011396,Leeds 074A,2 cars or vans in household,194
E01011396,Leeds 074A,3 or more cars or vans in household,48
E01011399,Leeds 074B,Total: All households,622
E01011399,Leeds 074B,No cars or vans in household,119
E01011399,Leeds 074B,1 car or van in household,261
E01011399,Leeds 074B,2 cars or vans in household,180
E01011399,Leeds 074B,3 or more cars or vans in household,62
E01011400,Leeds 074C,Total: All households,605
E01011400,Leeds 074C,No cars or vans in household,127
E01011400,Leeds 074C,1 car or van in household,271
E01011400,Leeds 074C,2 cars or vans in household,169
E01011400,Leeds 074C,3 or more cars or vans in household,38
E01011403,Leeds 074D,Total: All households,671
E01011403,Leeds 074D,No cars or vans in household,143
E01011403,Leeds 074D,1 car or van in household,321
E01011403,Leeds 074D,2 cars or vans in household,163
E01011403,Leeds 074D,3 or more cars or vans in household,44
E01011623,Leeds 075B,Total: All households,701
E01011623,Leeds 075B,No cars or vans in household,402
E01011623,Leeds 075B,1 car or van in household,231
E01011623,Leeds 075B,2 cars or vans in household,59
E01011623,Leeds 075B,3 or more cars or vans in household,9
E01011625,Leeds 075C,Total: All households,731
E01011625,Leeds 075C,No cars or vans in household,362
E01011625,Leeds 075C,1 car or van in household,294
E01011625,Leeds 075C,2 cars or vans in household,62
E01011625,Leeds 075C,3 or more cars or vans in household,13
E01011626,Leeds 075D,Total: All households,1172
E01011626,Leeds 075D,No cars or vans in household,614
E01011626,Leeds 075D,1 car or van in household,458
E01011626,Leeds 075D,2 cars or vans in household,80
E01011626,Leeds 075D,3 or more cars or vans in household,20
E01033021,Leeds 075E,Total: All households,1079
E01033021,Leeds 075E,No cars or vans in household,577
E01033021,Leeds 075E,1 car or van in household,438
E01033021,Leeds 075E,2 cars or vans in household,56
E01033021,Leeds 075E,3 or more cars or vans in household,8
E01033033,Leeds 075F,Total: All households,654
E01033033,Leeds 075F,No cars or vans in household,405
E01033033,Leeds 075F,1 car or van in household,220
E01033033,Leeds 075F,2 cars or vans in household,23
E01033033,Leeds 075F,3 or more cars or vans in household,6
E01033034,Leeds 075G,Total: All households,919
E01033034,Leeds 075G,No cars or vans in household,426
E01033034,Leeds 075G,1 car or van in household,416
E01033034,Leeds 075G,2 cars or vans in household,73
E01033034,Leeds 075G,3 or more cars or vans in household,4
E01011602,Leeds 076A,Total: All households,907
E01011602,Leeds 076A,No cars or vans in household,240
E01011602,Leeds 076A,1 car or van in household,394
E01011602,Leeds 076A,2 cars or vans in household,226
E01011602,Leeds 076A,3 or more cars or vans in household,47
E01011603,Leeds 076B,Total: All households,706
E01011603,Leeds 076B,No cars or vans in household,99
E01011603,Leeds 076B,1 car or van in household,342
E01011603,Leeds 076B,2 cars or vans in household,211
E01011603,Leeds 076B,3 or more cars or vans in household,54
E01011605,Leeds 076C,Total: All households,716
E01011605,Leeds 076C,No cars or vans in household,111
E01011605,Leeds 076C,1 car or van in household,290
E01011605,Leeds 076C,2 cars or vans in household,249
E01011605,Leeds 076C,3 or more cars or vans in household,66
E01011606,Leeds 076D,Total: All households,762
E01011606,Leeds 076D,No cars or vans in household,122
E01011606,Leeds 076D,1 car or van in household,367
E01011606,Leeds 076D,2 cars or vans in household,215
E01011606,Leeds 076D,3 or more cars or vans in household,58
E01011613,Leeds 076E,Total: All households,695
E01011613,Leeds 076E,No cars or vans in household,136
E01011613,Leeds 076E,1 car or van in household,306
E01011613,Leeds 076E,2 cars or vans in household,209
E01011613,Leeds 076E,3 or more cars or vans in household,44
E01011397,Leeds 077A,Total: All households,607
E01011397,Leeds 077A,No cars or vans in household,85
E01011397,Leeds 077A,1 car or van in household,243
E01011397,Leeds 077A,2 cars or vans in household,223
E01011397,Leeds 077A,3 or more cars or vans in household,56
E01011398,Leeds 077B,Total: All households,495
E01011398,Leeds 077B,No cars or vans in household,41
E01011398,Leeds 077B,1 car or van in household,222
E01011398,Leeds 077B,2 cars or vans in household,178
E01011398,Leeds 077B,3 or more cars or vans in household,54
E01011401,Leeds 077C,Total: All households,712
E01011401,Leeds 077C,No cars or vans in household,75
E01011401,Leeds 077C,1 car or van in household,323
E01011401,Leeds 077C,2 cars or vans in household,247
E01011401,Leeds 077C,3 or more cars or vans in household,67
E01011404,Leeds 077D,Total: All households,543
E01011404,Leeds 077D,No cars or vans in household,67
E01011404,Leeds 077D,1 car or van in household,223
E01011404,Leeds 077D,2 cars or vans in household,195
E01011404,Leeds 077D,3 or more cars or vans in household,58
E01011405,Leeds 077E,Total: All households,660
E01011405,Leeds 077E,No cars or vans in household,102
E01011405,Leeds 077E,1 car or van in household,276
E01011405,Leeds 077E,2 cars or vans in household,230
E01011405,Leeds 077E,3 or more cars or vans in household,52
E01011725,Leeds 078A,Total: All households,677
E01011725,Leeds 078A,No cars or vans in household,334
E01011725,Leeds 078A,1 car or van in household,254
E01011725,Leeds 078A,2 cars or vans in household,69
E01011725,Leeds 078A,3 or more cars or vans in household,20
E01011729,Leeds 078B,Total: All households,798
E01011729,Leeds 078B,No cars or vans in household,388
E01011729,Leeds 078B,1 car or van in household,307
E01011729,Leeds 078B,2 cars or vans in household,80
E01011729,Leeds 078B,3 or more cars or vans in household,23
E01011730,Leeds 078C,Total: All households,676
E01011730,Leeds 078C,No cars or vans in household,281
E01011730,Leeds 078C,1 car or van in household,267
E01011730,Leeds 078C,2 cars or vans in household,106
E01011730,Leeds 078C,3 or more cars or vans in household,22
E01011735,Leeds 078D,Total: All households,706
E01011735,Leeds 078D,No cars or vans in household,296
E01011735,Leeds 078D,1 car or van in household,274
E01011735,Leeds 078D,2 cars or vans in household,112
E01011735,Leeds 078D,3 or more cars or vans in household,24
E01011600,Leeds 079A,Total: All households,689
E01011600,Leeds 079A,No cars or vans in household,128
E01011600,Leeds 079A,1 car or van in household,318
E01011600,Leeds 079A,2 cars or vans in household,195
E01011600,Leeds 079A,3 or more cars or vans in household,48
E01011601,Leeds 079B,Total: All households,667
E01011601,Leeds 079B,No cars or vans in household,132
E01011601,Leeds 079B,1 car or van in household,286
E01011601,Leeds 079B,2 cars or vans in household,198
E01011601,Leeds 079B,3 or more cars or vans in household,51
E01011604,Leeds 079C,Total: All households,622
E01011604,Leeds 079C,No cars or vans in household,114
E01011604,Leeds 079C,1 car or van in household,297
E01011604,Leeds 079C,2 cars or vans in household,179
E01011604,Leeds 079C,3 or more cars or vans in household,32
E01011607,Leeds 079D,Total: All households,712
E01011607,Leeds 079D,No cars or vans in household,130
E01011607,Leeds 079D,1 car or van in household,325
E01011607,Leeds 079D,2 cars or vans in household,218
E01011607,Leeds 079D,3 or more cars or vans in household,39
E01011612,Leeds 079E,Total: All households,741
E01011612,Leeds 079E,No cars or vans in household,301
E01011612,Leeds 079E,1 car or van in household,305
E01011612,Leeds 079E,2 cars or vans in household,117
E01011612,Leeds 079E,3 or more cars or vans in household,18
E01011726,Leeds 080A,Total: All households,660
E01011726,Leeds 080A,No cars or vans in household,240
E01011726,Leeds 080A,1 car or van in household,268
E01011726,Leeds 080A,2 cars or vans in household,122
E01011726,Leeds 080A,3 or more cars or vans in household,30
E01011727,Leeds 080B,Total: All households,678
E01011727,Leeds 080B,No cars or vans in household,119
E01011727,Leeds 080B,1 car or van in household,292
E01011727,Leeds 080B,2 cars or vans in household,203
E01011727,Leeds 080B,3 or more cars or vans in household,64
E01011728,Leeds 080C,Total: All households,616
E01011728,Leeds 080C,No cars or vans in household,90
E01011728,Leeds 080C,1 car or van in household,271
E01011728,Leeds 080C,2 cars or vans in household,179
E01011728,Leeds 080C,3 or more cars or vans in household,76
E01011739,Leeds 080D,Total: All households,739
E01011739,Leeds 080D,No cars or vans in household,297
E01011739,Leeds 080D,1 car or van in household,306
E01011739,Leeds 080D,2 cars or vans in household,104
E01011739,Leeds 080D,3 or more cars or vans in household,32
E01011362,Leeds 081A,Total: All households,1031
E01011362,Leeds 081A,No cars or vans in household,528
E01011362,Leeds 081A,1 car or van in household,404
E01011362,Leeds 081A,2 cars or vans in household,87
E01011362,Leeds 081A,3 or more cars or vans in household,12
E01011731,Leeds 081B,Total: All households,598
E01011731,Leeds 081B,No cars or vans in household,107
E01011731,Leeds 081B,1 car or van in household,261
E01011731,Leeds 081B,2 cars or vans in household,178
E01011731,Leeds 081B,3 or more cars or vans in household,52
E01011732,Leeds 081C,Total: All households,803
E01011732,Leeds 081C,No cars or vans in household,152
E01011732,Leeds 081C,1 car or van in household,398
E01011732,Leeds 081C,2 cars or vans in household,201
E01011732,Leeds 081C,3 or more cars or vans in household,52
E01011733,Leeds 081D,Total: All households,726
E01011733,Leeds 081D,No cars or vans in household,183
E01011733,Leeds 081D,1 car or van in household,332
E01011733,Leeds 081D,2 cars or vans in household,169
E01011733,Leeds 081D,3 or more cars or vans in household,42
E01011366,Leeds 082A,Total: All households,786
E01011366,Leeds 082A,No cars or vans in household,424
E01011366,Leeds 082A,1 car or van in household,300
E01011366,Leeds 082A,2 cars or vans in household,54
E01011366,Leeds 082A,3 or more cars or vans in household,8
E01011368,Leeds 082C,Total: All households,720
E01011368,Leeds 082C,No cars or vans in household,439
E01011368,Leeds 082C,1 car or van in household,216
E01011368,Leeds 082C,2 cars or vans in household,51
E01011368,Leeds 082C,3 or more cars or vans in household,14
E01011370,Leeds 082D,Total: All households,685
E01011370,Leeds 082D,No cars or vans in household,298
E01011370,Leeds 082D,1 car or van in household,282
E01011370,Leeds 082D,2 cars or vans in household,77
E01011370,Leeds 082D,3 or more cars or vans in household,28
E01033013,Leeds 082E,Total: All households,719
E01033013,Leeds 082E,No cars or vans in household,429
E01033013,Leeds 082E,1 car or van in household,232
E01033013,Leeds 082E,2 cars or vans in household,50
E01033013,Leeds 082E,3 or more cars or vans in household,8
E01035046,Leeds 082G,Total: All households,763
E01035046,Leeds 082G,No cars or vans in household,460
E01035046,Leeds 082G,1 car or van in household,258
E01035046,Leeds 082G,2 cars or vans in household,44
E01035046,Leeds 082G,3 or more cars or vans in household,1
E01035047,Leeds 082H,Total: All households,634
E01035047,Leeds 082H,No cars or vans in household,318
E01035047,Leeds 082H,1 car or van in household,252
E01035047,Leeds 082H,2 cars or vans in household,54
E01035047,Leeds 082H,3 or more cars or vans in household,10
E01011734,Leeds 083A,Total: All households,1190
E01011734,Leeds 083A,No cars or vans in household,181
E01011734,Leeds 083A,1 car or van in household,566
E01011734,Leeds 083A,2 cars or vans in household,360
E01011734,Leeds 083A,3 or more cars or vans in household,83
E01011736,Leeds 083B,Total: All households,645
E01011736,Leeds 083B,No cars or vans in household,125
E01011736,Leeds 083B,1 car or van in household,321
E01011736,Leeds 083B,2 cars or vans in household,164
E01011736,Leeds 083B,3 or more cars or vans in household,35
E01011737,Leeds 083C,Total: All households,765
E01011737,Leeds 083C,No cars or vans in household,307
E01011737,Leeds 083C,1 car or van in household,339
E01011737,Leeds 083C,2 cars or vans in household,95
E01011737,Leeds 083C,3 or more cars or vans in household,24
E01011738,Leeds 083D,Total: All households,655
E01011738,Leeds 083D,No cars or vans in household,105
E01011738,Leeds 083D,1 car or van in household,273
E01011738,Leeds 083D,2 cars or vans in household,217
E01011738,Leeds 083D,3 or more cars or vans in household,60
E01011364,Leeds 085A,Total: All households,877
E01011364,Leeds 085A,No cars or vans in household,432
E01011364,Leeds 085A,1 car or van in household,338
E01011364,Leeds 085A,2 cars or vans in household,95
E01011364,Leeds 085A,3 or more cars or vans in household,12
E01011371,Leeds 085B,Total: All households,754
E01011371,Leeds 085B,No cars or vans in household,445
E01011371,Leeds 085B,1 car or van in household,250
E01011371,Leeds 085B,2 cars or vans in household,51
E01011371,Leeds 085B,3 or more cars or vans in household,8
E01011373,Leeds 085C,Total: All households,590
E01011373,Leeds 085C,No cars or vans in household,280
E01011373,Leeds 085C,1 car or van in household,240
E01011373,Leeds 085C,2 cars or vans in household,56
E01011373,Leeds 085C,3 or more cars or vans in household,14
E01011374,Leeds 085D,Total: All households,597
E01011374,Leeds 085D,No cars or vans in household,321
E01011374,Leeds 085D,1 car or van in household,231
E01011374,Leeds 085D,2 cars or vans in household,41
E01011374,Leeds 085D,3 or more cars or vans in household,4
E01011312,Leeds 086A,Total: All households,752
E01011312,Leeds 086A,No cars or vans in household,481
E01011312,Leeds 086A,1 car or van in household,207
E01011312,Leeds 086A,2 cars or vans in household,45
E01011312,Leeds 086A,3 or more cars or vans in household,19
E01011316,Leeds 086B,Total: All households,693
E01011316,Leeds 086B,No cars or vans in household,377
E01011316,Leeds 086B,1 car or van in household,229
E01011316,Leeds 086B,2 cars or vans in household,59
E01011316,Leeds 086B,3 or more cars or vans in household,28
E01011372,Leeds 086C,Total: All households,583
E01011372,Leeds 086C,No cars or vans in household,312
E01011372,Leeds 086C,1 car or van in household,203
E01011372,Leeds 086C,2 cars or vans in household,53
E01011372,Leeds 086C,3 or more cars or vans in household,15
E01011375,Leeds 086D,Total: All households,691
E01011375,Leeds 086D,No cars or vans in household,373
E01011375,Leeds 086D,1 car or van in household,223
E01011375,Leeds 086D,2 cars or vans in household,57
E01011375,Leeds 086D,3 or more cars or vans in household,38
E01011390,Leeds 087A,Total: All households,602
E01011390,Leeds 087A,No cars or vans in household,121
E01011390,Leeds 087A,1 car or van in household,286
E01011390,Leeds 087A,2 cars or vans in household,149
E01011390,Leeds 087A,3 or more cars or vans in household,46
E01011391,Leeds 087B,Total: All households,719
E01011391,Leeds 087B,No cars or vans in household,142
E01011391,Leeds 087B,1 car or van in household,319
E01011391,Leeds 087B,2 cars or vans in household,198
E01011391,Leeds 087B,3 or more cars or vans in household,60
E01011392,Leeds 087C,Total: All households,814
E01011392,Leeds 087C,No cars or vans in household,128
E01011392,Leeds 087C,1 car or van in household,337
E01011392,Leeds 087C,2 cars or vans in household,280
E01011392,Leeds 087C,3 or more cars or vans in household,69
E01011402,Leeds 087D,Total: All households,886
E01011402,Leeds 087D,No cars or vans in household,127
E01011402,Leeds 087D,1 car or van in household,406
E01011402,Leeds 087D,2 cars or vans in household,255
E01011402,Leeds 087D,3 or more cars or vans in household,98
E01011298,Leeds 088A,Total: All households,702
E01011298,Leeds 088A,No cars or vans in household,133
E01011298,Leeds 088A,1 car or van in household,354
E01011298,Leeds 088A,2 cars or vans in household,165
E01011298,Leeds 088A,3 or more cars or vans in household,50
E01011299,Leeds 088B,Total: All households,1165
E01011299,Leeds 088B,No cars or vans in household,144
E01011299,Leeds 088B,1 car or van in household,462
E01011299,Leeds 088B,2 cars or vans in household,434
E01011299,Leeds 088B,3 or more cars or vans in household,125
E01011302,Leeds 088C,Total: All households,779
E01011302,Leeds 088C,No cars or vans in household,80
E01011302,Leeds 088C,1 car or van in household,356
E01011302,Leeds 088C,2 cars or vans in household,261
E01011302,Leeds 088C,3 or more cars or vans in household,82
E01011303,Leeds 088D,Total: All households,495
E01011303,Leeds 088D,No cars or vans in household,101
E01011303,Leeds 088D,1 car or van in household,202
E01011303,Leeds 088D,2 cars or vans in household,140
E01011303,Leeds 088D,3 or more cars or vans in household,52
E01011300,Leeds 089A,Total: All households,619
E01011300,Leeds 089A,No cars or vans in household,123
E01011300,Leeds 089A,1 car or van in household,261
E01011300,Leeds 089A,2 cars or vans in household,184
E01011300,Leeds 089A,3 or more cars or vans in household,51
E01011301,Leeds 089B,Total: All households,554
E01011301,Leeds 089B,No cars or vans in household,65
E01011301,Leeds 089B,1 car or van in household,245
E01011301,Leeds 089B,2 cars or vans in household,202
E01011301,Leeds 089B,3 or more cars or vans in household,42
E01011304,Leeds 089C,Total: All households,701
E01011304,Leeds 089C,No cars or vans in household,186
E01011304,Leeds 089C,1 car or van in household,311
E01011304,Leeds 089C,2 cars or vans in household,163
E01011304,Leeds 089C,3 or more cars or vans in household,41
E01011305,Leeds 089D,Total: All households,653
E01011305,Leeds 089D,No cars or vans in household,76
E01011305,Leeds 089D,1 car or van in household,295
E01011305,Leeds 089D,2 cars or vans in household,222
E01011305,Leeds 089D,3 or more cars or vans in household,60
E01011306,Leeds 089E,Total: All households,544
E01011306,Leeds 089E,No cars or vans in household,55
E01011306,Leeds 089E,1 car or van in household,221
E01011306,Leeds 089E,2 cars or vans in household,208
E01011306,Leeds 089E,3 or more cars or vans in household,60
E01011315,Leeds 090A,Total: All households,659
E01011315,Leeds 090A,No cars or vans in household,196
E01011315,Leeds 090A,1 car or van in household,320
E01011315,Leeds 090A,2 cars or vans in household,121
E01011315,Leeds 090A,3 or more cars or vans in household,22
E01011317,Leeds 090B,Total: All households,883
E01011317,Leeds 090B,No cars or vans in household,450
E01011317,Leeds 090B,1 car or van in household,336
E01011317,Leeds 090B,2 cars or vans in household,77
E01011317,Leeds 090B,3 or more cars or vans in household,20
E01011318,Leeds 090C,Total: All households,643
E01011318,Leeds 090C,No cars or vans in household,295
E01011318,Leeds 090C,1 car or van in household,274
E01011318,Leeds 090C,2 cars or vans in household,57
E01011318,Leeds 090C,3 or more cars or vans in household,17
E01011321,Leeds 090D,Total: All households,665
E01011321,Leeds 090D,No cars or vans in household,260
E01011321,Leeds 090D,1 car or van in household,271
E01011321,Leeds 090D,2 cars or vans in household,108
E01011321,Leeds 090D,3 or more cars or vans in household,26
E01011369,Leeds 090E,Total: All households,741
E01011369,Leeds 090E,No cars or vans in household,273
E01011369,Leeds 090E,1 car or van in household,334
E01011369,Leeds 090E,2 cars or vans in household,114
E01011369,Leeds 090E,3 or more cars or vans in household,20
E01011313,Leeds 091A,Total: All households,649
E01011313,Leeds 091A,No cars or vans in household,255
E01011313,Leeds 091A,1 car or van in household,288
E01011313,Leeds 091A,2 cars or vans in household,87
E01011313,Leeds 091A,3 or more cars or vans in household,19
E01011314,Leeds 091B,Total: All households,674
E01011314,Leeds 091B,No cars or vans in household,284
E01011314,Leeds 091B,1 car or van in household,278
E01011314,Leeds 091B,2 cars or vans in household,87
E01011314,Leeds 091B,3 or more cars or vans in household,25
E01011319,Leeds 091C,Total: All households,617
E01011319,Leeds 091C,No cars or vans in household,199
E01011319,Leeds 091C,1 car or van in household,271
E01011319,Leeds 091C,2 cars or vans in household,118
E01011319,Leeds 091C,3 or more cars or vans in household,29
E01011320,Leeds 091D,Total: All households,689
E01011320,Leeds 091D,No cars or vans in household,165
E01011320,Leeds 091D,1 car or van in household,335
E01011320,Leeds 091D,2 cars or vans in household,149
E01011320,Leeds 091D,3 or more cars or vans in household,40
E01011322,Leeds 091E,Total: All households,688
E01011322,Leeds 091E,No cars or vans in household,188
E01011322,Leeds 091E,1 car or van in household,320
E01011322,Leeds 091E,2 cars or vans in household,142
E01011322,Leeds 091E,3 or more cars or vans in household,38
E01011471,Leeds 092A,Total: All households,662
E01011471,Leeds 092A,No cars or vans in household,332
E01011471,Leeds 092A,1 car or van in household,229
E01011471,Leeds 092A,2 cars or vans in household,79
E01011471,Leeds 092A,3 or more cars or vans in household,22
E01011472,Leeds 092B,Total: All households,715
E01011472,Leeds 092B,No cars or vans in household,333
E01011472,Leeds 092B,1 car or van in household,273
E01011472,Leeds 092B,2 cars or vans in household,88
E01011472,Leeds 092B,3 or more cars or vans in household,21
E01011473,Leeds 092C,Total: All households,614
E01011473,Leeds 092C,No cars or vans in household,295
E01011473,Leeds 092C,1 car or van in household,225
E01011473,Leeds 092C,2 cars or vans in household,81
E01011473,Leeds 092C,3 or more cars or vans in household,13
E01011474,Leeds 092D,Total: All households,657
E01011474,Leeds 092D,No cars or vans in household,278
E01011474,Leeds 092D,1 car or van in household,259
E01011474,Leeds 092D,2 cars or vans in household,101
E01011474,Leeds 092D,3 or more cars or vans in household,19
E01011518,Leeds 093A,Total: All households,1001
E01011518,Leeds 093A,No cars or vans in household,205
E01011518,Leeds 093A,1 car or van in household,475
E01011518,Leeds 093A,2 cars or vans in household,275
E01011518,Leeds 093A,3 or more cars or vans in household,46
E01011524,Leeds 093B,Total: All households,555
E01011524,Leeds 093B,No cars or vans in household,89
E01011524,Leeds 093B,1 car or van in household,274
E01011524,Leeds 093B,2 cars or vans in household,155
E01011524,Leeds 093B,3 or more cars or vans in household,37
E01011526,Leeds 093C,Total: All households,490
E01011526,Leeds 093C,No cars or vans in household,34
E01011526,Leeds 093C,1 car or van in household,171
E01011526,Leeds 093C,2 cars or vans in household,218
E01011526,Leeds 093C,3 or more cars or vans in household,67
E01011531,Leeds 093D,Total: All households,769
E01011531,Leeds 093D,No cars or vans in household,137
E01011531,Leeds 093D,1 car or van in household,396
E01011531,Leeds 093D,2 cars or vans in household,191
E01011531,Leeds 093D,3 or more cars or vans in household,45
E01011466,Leeds 094A,Total: All households,638
E01011466,Leeds 094A,No cars or vans in household,236
E01011466,Leeds 094A,1 car or van in household,255
E01011466,Leeds 094A,2 cars or vans in household,108
E01011466,Leeds 094A,3 or more cars or vans in household,39
E01011469,Leeds 094B,Total: All households,632
E01011469,Leeds 094B,No cars or vans in household,126
E01011469,Leeds 094B,1 car or van in household,300
E01011469,Leeds 094B,2 cars or vans in household,167
E01011469,Leeds 094B,3 or more cars or vans in household,39
E01011475,Leeds 094C,Total: All households,698
E01011475,Leeds 094C,No cars or vans in household,344
E01011475,Leeds 094C,1 car or van in household,252
E01011475,Leeds 094C,2 cars or vans in household,93
E01011475,Leeds 094C,3 or more cars or vans in household,9
E01011476,Leeds 094D,Total: All households,493
E01011476,Leeds 094D,No cars or vans in household,188
E01011476,Leeds 094D,1 car or van in household,201
E01011476,Leeds 094D,2 cars or vans in household,86
E01011476,Leeds 094D,3 or more cars or vans in household,18
E01011519,Leeds 095A,Total: All households,679
E01011519,Leeds 095A,No cars or vans in household,175
E01011519,Leeds 095A,1 car or van in household,283
E01011519,Leeds 095A,2 cars or vans in household,188
E01011519,Leeds 095A,3 or more cars or vans in household,33
E01011522,Leeds 095B,Total: All households,592
E01011522,Leeds 095B,No cars or vans in household,73
E01011522,Leeds 095B,1 car or van in household,270
E01011522,Leeds 095B,2 cars or vans in household,191
E01011522,Leeds 095B,3 or more cars or vans in household,58
E01011525,Leeds 095C,Total: All households,697
E01011525,Leeds 095C,No cars or vans in household,163
E01011525,Leeds 095C,1 car or van in household,361
E01011525,Leeds 095C,2 cars or vans in household,147
E01011525,Leeds 095C,3 or more cars or vans in household,26
E01011528,Leeds 095D,Total: All households,620
E01011528,Leeds 095D,No cars or vans in household,58
E01011528,Leeds 095D,1 car or van in household,256
E01011528,Leeds 095D,2 cars or vans in household,233
E01011528,Leeds 095D,3 or more cars or vans in household,73
E01011532,Leeds 095E,Total: All households,704
E01011532,Leeds 095E,No cars or vans in household,203
E01011532,Leeds 095E,1 car or van in household,315
E01011532,Leeds 095E,2 cars or vans in household,154
E01011532,Leeds 095E,3 or more cars or vans in household,32
E01011520,Leeds 096A,Total: All households,671
E01011520,Leeds 096A,No cars or vans in household,80
E01011520,Leeds 096A,1 car or van in household,309
E01011520,Leeds 096A,2 cars or vans in household,209
E01011520,Leeds 096A,3 or more cars or vans in household,73
E01011521,Leeds 096B,Total: All households,997
E01011521,Leeds 096B,No cars or vans in household,146
E01011521,Leeds 096B,1 car or van in household,421
E01011521,Leeds 096B,2 cars or vans in household,335
E01011521,Leeds 096B,3 or more cars or vans in household,95
E01011523,Leeds 096C,Total: All households,815
E01011523,Leeds 096C,No cars or vans in household,171
E01011523,Leeds 096C,1 car or van in household,353
E01011523,Leeds 096C,2 cars or vans in household,232
E01011523,Leeds 096C,3 or more cars or vans in household,59
E01011527,Leeds 096D,Total: All households,776
E01011527,Leeds 096D,No cars or vans in household,94
E01011527,Leeds 096D,1 car or van in household,347
E01011527,Leeds 096D,2 cars or vans in household,261
E01011527,Leeds 096D,3 or more cars or vans in household,74
E01011529,Leeds 096E,Total: All households,584
E01011529,Leeds 096E,No cars or vans in household,114
E01011529,Leeds 096E,1 car or van in household,252
E01011529,Leeds 096E,2 cars or vans in household,165
E01011529,Leeds 096E,3 or more cars or vans in household,53
E01011635,Leeds 097B,Total: All households,769
E01011635,Leeds 097B,No cars or vans in household,125
E01011635,Leeds 097B,1 car or van in household,332
E01011635,Leeds 097B,2 cars or vans in household,237
E01011635,Leeds 097B,3 or more cars or vans in household,75
E01011637,Leeds 097C,Total: All households,726
E01011637,Leeds 097C,No cars or vans in household,104
E01011637,Leeds 097C,1 car or van in household,338
E01011637,Leeds 097C,2 cars or vans in household,233
E01011637,Leeds 097C,3 or more cars or vans in household,51
E01011638,Leeds 097D,Total: All households,624
E01011638,Leeds 097D,No cars or vans in household,105
E01011638,Leeds 097D,1 car or van in household,275
E01011638,Leeds 097D,2 cars or vans in household,182
E01011638,Leeds 097D,3 or more cars or vans in household,62
E01032487,Leeds 097F,Total: All households,457
E01032487,Leeds 097F,No cars or vans in household,115
E01032487,Leeds 097F,1 car or van in household,212
E01032487,Leeds 097F,2 cars or vans in household,105
E01032487,Leeds 097F,3 or more cars or vans in household,25
E01032488,Leeds 097G,Total: All households,758
E01032488,Leeds 097G,No cars or vans in household,85
E01032488,Leeds 097G,1 car or van in household,300
E01032488,Leeds 097G,2 cars or vans in household,285
E01032488,Leeds 097G,3 or more cars or vans in household,88
E01011627,Leeds 098A,Total: All households,586
E01011627,Leeds 098A,No cars or vans in household,155
E01011627,Leeds 098A,1 car or van in household,228
E01011627,Leeds 098A,2 cars or vans in household,173
E01011627,Leeds 098A,3 or more cars or vans in household,30
E01011628,Leeds 098B,Total: All households,584
E01011628,Leeds 098B,No cars or vans in household,99
E01011628,Leeds 098B,1 car or van in household,282
E01011628,Leeds 098B,2 cars or vans in household,158
E01011628,Leeds 098B,3 or more cars or vans in household,45
E01011629,Leeds 098C,Total: All households,623
E01011629,Leeds 098C,No cars or vans in household,158
E01011629,Leeds 098C,1 car or van in household,258
E01011629,Leeds 098C,2 cars or vans in household,178
E01011629,Leeds 098C,3 or more cars or vans in household,29
E01011632,Leeds 098D,Total: All households,598
E01011632,Leeds 098D,No cars or vans in household,201
E01011632,Leeds 098D,1 car or van in household,269
E01011632,Leeds 098D,2 cars or vans in household,110
E01011632,Leeds 098D,3 or more cars or vans in household,18
E01011633,Leeds 098E,Total: All households,643
E01011633,Leeds 098E,No cars or vans in household,126
E01011633,Leeds 098E,1 car or van in household,258
E01011633,Leeds 098E,2 cars or vans in household,202
E01011633,Leeds 098E,3 or more cars or vans in household,57
E01011502,Leeds 099C,Total: All households,585
E01011502,Leeds 099C,No cars or vans in household,168
E01011502,Leeds 099C,1 car or van in household,250
E01011502,Leeds 099C,2 cars or vans in household,135
E01011502,Leeds 099C,3 or more cars or vans in household,32
E01032497,Leeds 099E,Total: All households,634
E01032497,Leeds 099E,No cars or vans in household,270
E01032497,Leeds 099E,1 car or van in household,246
E01032497,Leeds 099E,2 cars or vans in household,100
E01032497,Leeds 099E,3 or more cars or vans in household,18
E01032498,Leeds 099F,Total: All households,718
E01032498,Leeds 099F,No cars or vans in household,186
E01032498,Leeds 099F,1 car or van in household,316
E01032498,Leeds 099F,2 cars or vans in household,155
E01032498,Leeds 099F,3 or more cars or vans in household,61
E01035048,Leeds 099G,Total: All households,782
E01035048,Leeds 099G,No cars or vans in household,175
E01035048,Leeds 099G,1 car or van in household,352
E01035048,Leeds 099G,2 cars or vans in household,210
E01035048,Leeds 099G,3 or more cars or vans in household,45
E01035049,Leeds 099H,Total: All households,696
E01035049,Leeds 099H,No cars or vans in household,112
E01035049,Leeds 099H,1 car or van in household,358
E01035049,Leeds 099H,2 cars or vans in household,186
E01035049,Leeds 099H,3 or more cars or vans in household,40
E01011496,Leeds 100A,Total: All households,608
E01011496,Leeds 100A,No cars or vans in household,49
E01011496,Leeds 100A,1 car or van in household,247
E01011496,Leeds 100A,2 cars or vans in household,248
E01011496,Leeds 100A,3 or more cars or vans in household,64
E01011630,Leeds 100B,Total: All households,892
E01011630,Leeds 100B,No cars or vans in household,116
E01011630,Leeds 100B,1 car or van in household,420
E01011630,Leeds 100B,2 cars or vans in household,296
E01011630,Leeds 100B,3 or more cars or vans in household,60
E01011634,Leeds 100C,Total: All households,678
E01011634,Leeds 100C,No cars or vans in household,139
E01011634,Leeds 100C,1 car or van in household,279
E01011634,Leeds 100C,2 cars or vans in household,190
E01011634,Leeds 100C,3 or more cars or vans in household,70
E01011636,Leeds 100D,Total: All households,840
E01011636,Leeds 100D,No cars or vans in household,148
E01011636,Leeds 100D,1 car or van in household,324
E01011636,Leeds 100D,2 cars or vans in household,290
E01011636,Leeds 100D,3 or more cars or vans in household,78
E01011639,Leeds 100E,Total: All households,640
E01011639,Leeds 100E,No cars or vans in household,164
E01011639,Leeds 100E,1 car or van in household,278
E01011639,Leeds 100E,2 cars or vans in household,165
E01011639,Leeds 100E,3 or more cars or vans in household,33
E01011491,Leeds 101A,Total: All households,608
E01011491,Leeds 101A,No cars or vans in household,277
E01011491,Leeds 101A,1 car or van in household,240
E01011491,Leeds 101A,2 cars or vans in household,78
E01011491,Leeds 101A,3 or more cars or vans in household,13
E01011492,Leeds 101B,Total: All households,662
E01011492,Leeds 101B,No cars or vans in household,262
E01011492,Leeds 101B,1 car or van in household,290
E01011492,Leeds 101B,2 cars or vans in household,91
E01011492,Leeds 101B,3 or more cars or vans in household,19
E01011493,Leeds 101C,Total: All households,667
E01011493,Leeds 101C,No cars or vans in household,287
E01011493,Leeds 101C,1 car or van in household,274
E01011493,Leeds 101C,2 cars or vans in household,82
E01011493,Leeds 101C,3 or more cars or vans in household,24
E01011494,Leeds 101D,Total: All households,626
E01011494,Leeds 101D,No cars or vans in household,218
E01011494,Leeds 101D,1 car or van in household,272
E01011494,Leeds 101D,2 cars or vans in household,116
E01011494,Leeds 101D,3 or more cars or vans in household,20
E01011497,Leeds 101E,Total: All households,681
E01011497,Leeds 101E,No cars or vans in household,294
E01011497,Leeds 101E,1 car or van in household,253
E01011497,Leeds 101E,2 cars or vans in household,107
E01011497,Leeds 101E,3 or more cars or vans in household,27
E01011540,Leeds 102B,Total: All households,873
E01011540,Leeds 102B,No cars or vans in household,224
E01011540,Leeds 102B,1 car or van in household,413
E01011540,Leeds 102B,2 cars or vans in household,195
E01011540,Leeds 102B,3 or more cars or vans in household,41
E01032489,Leeds 102F,Total: All households,986
E01032489,Leeds 102F,No cars or vans in household,266
E01032489,Leeds 102F,1 car or van in household,467
E01032489,Leeds 102F,2 cars or vans in household,205
E01032489,Leeds 102F,3 or more cars or vans in household,48
E01032490,Leeds 102G,Total: All households,575
E01032490,Leeds 102G,No cars or vans in household,74
E01032490,Leeds 102G,1 car or van in household,247
E01032490,Leeds 102G,2 cars or vans in household,216
E01032490,Leeds 102G,3 or more cars or vans in household,38
E01032491,Leeds 102H,Total: All households,491
E01032491,Leeds 102H,No cars or vans in household,36
E01032491,Leeds 102H,1 car or van in household,214
E01032491,Leeds 102H,2 cars or vans in household,197
E01032491,Leeds 102H,3 or more cars or vans in household,44
E01032492,Leeds 102I,Total: All households,1065
E01032492,Leeds 102I,No cars or vans in household,395
E01032492,Leeds 102I,1 car or van in household,505
E01032492,Leeds 102I,2 cars or vans in household,149
E01032492,Leeds 102I,3 or more cars or vans in household,16
E01011307,Leeds 103A,Total: All households,652
E01011307,Leeds 103A,No cars or vans in household,148
E01011307,Leeds 103A,1 car or van in household,277
E01011307,Leeds 103A,2 cars or vans in household,167
E01011307,Leeds 103A,3 or more cars or vans in household,60
E01011308,Leeds 103B,Total: All households,658
E01011308,Leeds 103B,No cars or vans in household,129
E01011308,Leeds 103B,1 car or van in household,290
E01011308,Leeds 103B,2 cars or vans in household,182
E01011308,Leeds 103B,3 or more cars or vans in household,57
E01011393,Leeds 103C,Total: All households,905
E01011393,Leeds 103C,No cars or vans in household,100
E01011393,Leeds 103C,1 car or van in household,368
E01011393,Leeds 103C,2 cars or vans in household,345
E01011393,Leeds 103C,3 or more cars or vans in household,92
E01011394,Leeds 103D,Total: All households,492
E01011394,Leeds 103D,No cars or vans in household,66
E01011394,Leeds 103D,1 car or van in household,201
E01011394,Leeds 103D,2 cars or vans in household,166
E01011394,Leeds 103D,3 or more cars or vans in household,59
E01011395,Leeds 103E,Total: All households,465
E01011395,Leeds 103E,No cars or vans in household,30
E01011395,Leeds 103E,1 car or van in household,189
E01011395,Leeds 103E,2 cars or vans in household,190
E01011395,Leeds 103E,3 or more cars or vans in household,56
E01011533,Leeds 104A,Total: All households,750
E01011533,Leeds 104A,No cars or vans in household,251
E01011533,Leeds 104A,1 car or van in household,330
E01011533,Leeds 104A,2 cars or vans in household,142
E01011533,Leeds 104A,3 or more cars or vans in household,27
E01011541,Leeds 104B,Total: All households,1182
E01011541,Leeds 104B,No cars or vans in household,534
E01011541,Leeds 104B,1 car or van in household,482
E01011541,Leeds 104B,2 cars or vans in household,139
E01011541,Leeds 104B,3 or more cars or vans in household,27
E01011545,Leeds 104C,Total: All households,665
E01011545,Leeds 104C,No cars or vans in household,171
E01011545,Leeds 104C,1 car or van in household,307
E01011545,Leeds 104C,2 cars or vans in household,143
E01011545,Leeds 104C,3 or more cars or vans in household,44
E01011547,Leeds 104D,Total: All households,938
E01011547,Leeds 104D,No cars or vans in household,283
E01011547,Leeds 104D,1 car or van in household,407
E01011547,Leeds 104D,2 cars or vans in household,200
E01011547,Leeds 104D,3 or more cars or vans in household,48
E01011500,Leeds 105D,Total: All households,686
E01011500,Leeds 105D,No cars or vans in household,112
E01011500,Leeds 105D,1 car or van in household,291
E01011500,Leeds 105D,2 cars or vans in household,217
E01011500,Leeds 105D,3 or more cars or vans in household,66
E01032496,Leeds 105F,Total: All households,953
E01032496,Leeds 105F,No cars or vans in household,119
E01032496,Leeds 105F,1 car or van in household,429
E01032496,Leeds 105F,2 cars or vans in household,339
E01032496,Leeds 105F,3 or more cars or vans in household,66
E01035050,Leeds 105G,Total: All households,612
E01035050,Leeds 105G,No cars or vans in household,108
E01035050,Leeds 105G,1 car or van in household,274
E01035050,Leeds 105G,2 cars or vans in household,193
E01035050,Leeds 105G,3 or more cars or vans in household,37
E01035051,Leeds 105H,Total: All households,607
E01035051,Leeds 105H,No cars or vans in household,48
E01035051,Leeds 105H,1 car or van in household,251
E01035051,Leeds 105H,2 cars or vans in household,247
E01035051,Leeds 105H,3 or more cars or vans in household,61
E01035052,Leeds 105I,Total: All households,590
E01035052,Leeds 105I,No cars or vans in household,88
E01035052,Leeds 105I,1 car or van in household,287
E01035052,Leeds 105I,2 cars or vans in household,182
E01035052,Leeds 105I,3 or more cars or vans in household,33
E01035053,Leeds 105J,Total: All households,655
E01035053,Leeds 105J,No cars or vans in household,66
E01035053,Leeds 105J,1 car or van in household,269
E01035053,Leeds 105J,2 cars or vans in household,251
E01035053,Leeds 105J,3 or more cars or vans in household,69
E01011530,Leeds 106A,Total: All households,635
E01011530,Leeds 106A,No cars or vans in household,104
E01011530,Leeds 106A,1 car or van in household,311
E01011530,Leeds 106A,2 cars or vans in household,184
E01011530,Leeds 106A,3 or more cars or vans in household,36
E01011534,Leeds 106B,Total: All households,1020
E01011534,Leeds 106B,No cars or vans in household,168
E01011534,Leeds 106B,1 car or van in household,482
E01011534,Leeds 106B,2 cars or vans in household,315
E01011534,Leeds 106B,3 or more cars or vans in household,55
E01011546,Leeds 106C,Total: All households,783
E01011546,Leeds 106C,No cars or vans in household,190
E01011546,Leeds 106C,1 car or van in household,365
E01011546,Leeds 106C,2 cars or vans in household,185
E01011546,Leeds 106C,3 or more cars or vans in household,43
E01011548,Leeds 106D,Total: All households,642
E01011548,Leeds 106D,No cars or vans in household,105
E01011548,Leeds 106D,1 car or van in household,274
E01011548,Leeds 106D,2 cars or vans in household,187
E01011548,Leeds 106D,3 or more cars or vans in household,76
E01011550,Leeds 106E,Total: All households,561
E01011550,Leeds 106E,No cars or vans in household,49
E01011550,Leeds 106E,1 car or van in household,241
E01011550,Leeds 106E,2 cars or vans in household,194
E01011550,Leeds 106E,3 or more cars or vans in household,77
E01011537,Leeds 107A,Total: All households,965
E01011537,Leeds 107A,No cars or vans in household,188
E01011537,Leeds 107A,1 car or van in household,398
E01011537,Leeds 107A,2 cars or vans in household,298
E01011537,Leeds 107A,3 or more cars or vans in household,81
E01011538,Leeds 107B,Total: All households,691
E01011538,Leeds 107B,No cars or vans in household,140
E01011538,Leeds 107B,1 car or van in household,299
E01011538,Leeds 107B,2 cars or vans in household,200
E01011538,Leeds 107B,3 or more cars or vans in household,52
E01011551,Leeds 107C,Total: All households,731
E01011551,Leeds 107C,No cars or vans in household,84
E01011551,Leeds 107C,1 car or van in household,313
E01011551,Leeds 107C,2 cars or vans in household,257
E01011551,Leeds 107C,3 or more cars or vans in household,77
E01011552,Leeds 107D,Total: All households,599
E01011552,Leeds 107D,No cars or vans in household,159
E01011552,Leeds 107D,1 car or van in household,231
E01011552,Leeds 107D,2 cars or vans in household,154
E01011552,Leeds 107D,3 or more cars or vans in household,55
E01011535,Leeds 108A,Total: All households,688
E01011535,Leeds 108A,No cars or vans in household,54
E01011535,Leeds 108A,1 car or van in household,257
E01011535,Leeds 108A,2 cars or vans in household,265
E01011535,Leeds 108A,3 or more cars or vans in household,112
E01011536,Leeds 108B,Total: All households,704
E01011536,Leeds 108B,No cars or vans in household,82
E01011536,Leeds 108B,1 car or van in household,277
E01011536,Leeds 108B,2 cars or vans in household,251
E01011536,Leeds 108B,3 or more cars or vans in household,94
E01011549,Leeds 108C,Total: All households,518
E01011549,Leeds 108C,No cars or vans in household,12
E01011549,Leeds 108C,1 car or van in household,148
E01011549,Leeds 108C,2 cars or vans in household,260
E01011549,Leeds 108C,3 or more cars or vans in household,98
E01011553,Leeds 108D,Total: All households,610
E01011553,Leeds 108D,No cars or vans in household,70
E01011553,Leeds 108D,1 car or van in household,260
E01011553,Leeds 108D,2 cars or vans in household,226
E01011553,Leeds 108D,3 or more cars or vans in household,54
E01011685,Leeds 109A,Total: All households,850
E01011685,Leeds 109A,No cars or vans in household,138
E01011685,Leeds 109A,1 car or van in household,394
E01011685,Leeds 109A,2 cars or vans in household,260
E01011685,Leeds 109A,3 or more cars or vans in household,58
E01011687,Leeds 109B,Total: All households,588
E01011687,Leeds 109B,No cars or vans in household,91
E01011687,Leeds 109B,1 car or van in household,245
E01011687,Leeds 109B,2 cars or vans in household,191
E01011687,Leeds 109B,3 or more cars or vans in household,61
E01011690,Leeds 109C,Total: All households,663
E01011690,Leeds 109C,No cars or vans in household,179
E01011690,Leeds 109C,1 car or van in household,301
E01011690,Leeds 109C,2 cars or vans in household,157
E01011690,Leeds 109C,3 or more cars or vans in household,26
E01011692,Leeds 109D,Total: All households,720
E01011692,Leeds 109D,No cars or vans in household,189
E01011692,Leeds 109D,1 car or van in household,343
E01011692,Leeds 109D,2 cars or vans in household,148
E01011692,Leeds 109D,3 or more cars or vans in household,40
E01011693,Leeds 109E,Total: All households,762
E01011693,Leeds 109E,No cars or vans in household,243
E01011693,Leeds 109E,1 car or van in household,363
E01011693,Leeds 109E,2 cars or vans in household,129
E01011693,Leeds 109E,3 or more cars or vans in household,27
E01011694,Leeds 109F,Total: All households,731
E01011694,Leeds 109F,No cars or vans in household,174
E01011694,Leeds 109F,1 car or van in household,316
E01011694,Leeds 109F,2 cars or vans in household,172
E01011694,Leeds 109F,3 or more cars or vans in household,69
E01032876,Leeds 109G,Total: All households,624
E01032876,Leeds 109G,No cars or vans in household,60
E01032876,Leeds 109G,1 car or van in household,239
E01032876,Leeds 109G,2 cars or vans in household,247
E01032876,Leeds 109G,3 or more cars or vans in household,78
E01011442,Leeds 110A,Total: All households,627
E01011442,Leeds 110A,No cars or vans in household,261
E01011442,Leeds 110A,1 car or van in household,207
E01011442,Leeds 110A,2 cars or vans in household,92
E01011442,Leeds 110A,3 or more cars or vans in household,67
E01011443,Leeds 110B,Total: All households,720
E01011443,Leeds 110B,No cars or vans in household,334
E01011443,Leeds 110B,1 car or van in household,242
E01011443,Leeds 110B,2 cars or vans in household,87
E01011443,Leeds 110B,3 or more cars or vans in household,57
E01011444,Leeds 110C,Total: All households,626
E01011444,Leeds 110C,No cars or vans in household,283
E01011444,Leeds 110C,1 car or van in household,170
E01011444,Leeds 110C,2 cars or vans in household,93
E01011444,Leeds 110C,3 or more cars or vans in household,80
E01011451,Leeds 110D,Total: All households,524
E01011451,Leeds 110D,No cars or vans in household,202
E01011451,Leeds 110D,1 car or van in household,235
E01011451,Leeds 110D,2 cars or vans in household,70
E01011451,Leeds 110D,3 or more cars or vans in household,17
E01011668,Leeds 110E,Total: All households,601
E01011668,Leeds 110E,No cars or vans in household,274
E01011668,Leeds 110E,1 car or van in household,198
E01011668,Leeds 110E,2 cars or vans in household,82
E01011668,Leeds 110E,3 or more cars or vans in household,47
E01011669,Leeds 110F,Total: All households,524
E01011669,Leeds 110F,No cars or vans in household,236
E01011669,Leeds 110F,1 car or van in household,184
E01011669,Leeds 110F,2 cars or vans in household,81
E01011669,Leeds 110F,3 or more cars or vans in household,23
E01032946,Leeds 110G,Total: All households,831
E01032946,Leeds 110G,No cars or vans in household,342
E01032946,Leeds 110G,1 car or van in household,321
E01032946,Leeds 110G,2 cars or vans in household,127
E01032946,Leeds 110G,3 or more cars or vans in household,41
E01033008,Leeds 111A,Total: All households,592
E01033008,Leeds 111A,No cars or vans in household,461
E01033008,Leeds 111A,1 car or van in household,118
E01033008,Leeds 111A,2 cars or vans in household,12
E01033008,Leeds 111A,3 or more cars or vans in household,1
E01033010,Leeds 111B,Total: All households,766
E01033010,Leeds 111B,No cars or vans in household,629
E01033010,Leeds 111B,1 car or van in household,113
E01033010,Leeds 111B,2 cars or vans in household,23
E01033010,Leeds 111B,3 or more cars or vans in household,1
E01033011,Leeds 111C,Total: All households,746
E01033011,Leeds 111C,No cars or vans in household,488
E01033011,Leeds 111C,1 car or van in household,227
E01033011,Leeds 111C,2 cars or vans in household,28
E01033011,Leeds 111C,3 or more cars or vans in household,3
E01033015,Leeds 111D,Total: All households,935
E01033015,Leeds 111D,No cars or vans in household,523
E01033015,Leeds 111D,1 car or van in household,364
E01033015,Leeds 111D,2 cars or vans in household,44
E01033015,Leeds 111D,3 or more cars or vans in household,4
E01033016,Leeds 111E,Total: All households,702
E01033016,Leeds 111E,No cars or vans in household,404
E01033016,Leeds 111E,1 car or van in household,250
E01033016,Leeds 111E,2 cars or vans in household,42
E01033016,Leeds 111E,3 or more cars or vans in household,6
E01011467,Leeds 112A,Total: All households,814
E01011467,Leeds 112A,No cars or vans in household,374
E01011467,Leeds 112A,1 car or van in household,326
E01011467,Leeds 112A,2 cars or vans in household,104
E01011467,Leeds 112A,3 or more cars or vans in household,10
E01011468,Leeds 112B,Total: All households,917
E01011468,Leeds 112B,No cars or vans in household,410
E01011468,Leeds 112B,1 car or van in household,348
E01011468,Leeds 112B,2 cars or vans in household,137
E01011468,Leeds 112B,3 or more cars or vans in household,22
E01011470,Leeds 112C,Total: All households,599
E01011470,Leeds 112C,No cars or vans in household,213
E01011470,Leeds 112C,1 car or van in household,260
E01011470,Leeds 112C,2 cars or vans in household,109
E01011470,Leeds 112C,3 or more cars or vans in household,17
E01035054,Leeds 112F,Total: All households,1378
E01035054,Leeds 112F,No cars or vans in household,734
E01035054,Leeds 112F,1 car or van in household,534
E01035054,Leeds 112F,2 cars or vans in household,98
E01035054,Leeds 112F,3 or more cars or vans in household,12
