ATCOCode,CommonName,LocalityName,StopType,Longitude,Latitude
450010001,Helston Road,Middleton,BCT,-1.561961704797171,53.75187778668515
450010005,Bodmin Road,Middleton,BCT,-1.559260131869481,53.75208360442012
450010006,Bodmin Road,Middleton,BCT,-1.560037249551253,53.75318300603728
450010021,Broom Place,Belle Isle,BCT,-1.519169324501888,53.75550685279175
450010022,Lea Park Drive,Belle Isle,BCT,-1.518950357235902,53.76007193496815
450010023,Middlecroft Close,Belle Isle,BCT,-1.517756006421877,53.76237708226768
450010024,Middlecroft Close,Belle Isle,BCT,-1.518038651448271,53.762863575879514
450010025,Hunslet Cemetery,Hunslet Carr,BCT,-1.524339973594401,53.76769736107169
450010026,Woodhouse Hill Road,Hunslet Carr,BCT,-1.523814042706307,53.769933309432936
450010027,Leasowe Road,Hunslet Carr,BCT,-1.522288747453059,53.771985517549965
450010028,Playfair Road,Hunslet Carr,BCT,-1.530495969193225,53.77344702434696
450010029,Moor Road,Hunslet Carr,BCT,-1.530865066817878,53.771641863438056
450010030,Moor Road,Hunslet Carr,BCT,-1.53104222221292,53.77208297225233
450010031,Belle Isle Circus,Belle Isle,BCT,-1.52864356291269,53.76543137276963
450010032,Middleton Road,Belle Isle,BCT,-1.526574570445382,53.75785524317805
450010033,Lanshaw View,Middleton,BCT,-1.530119979682269,53.752754949992685
450010034,Lanshaw View,Middleton,BCT,-1.530347453977077,53.75275584094642
450010036,Dunlin Drive,Middleton,BCT,-1.531397165537433,53.75109714559001
450010037,Newhall Gate,Belle Isle,BCT,-1.532118037088618,53.75719389915729
450010038,Elmton Close,Belle Isle,BCT,-1.532316994528748,53.75976527293967
450010039,Belle Isle Circus,Belle Isle,BCT,-1.529140538980859,53.76575689599207
450010040,West Grange Drive,Hunslet Carr,BCT,-1.530603959960592,53.76920507044813
450010041,Ring Rd Middleton,Belle Isle,BCT,-1.526326317934964,53.75295574240092
450010042,Middleton Road,Belle Isle,BCT,-1.526794074471654,53.75721795370237
450010043,Petersfield Avenue,Belle Isle,BCT,-1.527267875355254,53.7609498857658
450010045,North Lingwell Road,Middleton,BCT,-1.542449068804816,53.75140946017124
450010051,Waincliffe Drive,Beeston,BCT,-1.56498442046693,53.76315985723136
450010052,Tommy Wass Junction,Beeston,BCT,-1.561357028803279,53.76480045570816
450010053,Barkly Road,Beeston,BCT,-1.556085884675503,53.76692022953795
450010054,Cross Flatts Grove,Beeston,BCT,-1.55332493606123,53.76833908611259
450010055,Cross Flatts Park,Beeston,BCT,-1.549974906104475,53.77091513301635
450010056,Hunslet Fire Stn,Beeston,BCT,-1.547939431303859,53.77255229850336
450010057,Oakley Terrace,Beeston,BCT,-1.54611476229189,53.77432504812795
450010058,Dewsbury Road Hub,Beeston Hill,BCT,-1.544882214859676,53.7788593552548
450010059,Hunslet Hall Road,Beeston Hill,BCT,-1.544267633304252,53.78236236831383
450010062,Parkfield Street,Crown Point,BCT,-1.542571445663325,53.7848276308097
450010065,Hunslet Hall Road,Beeston Hill,BCT,-1.544486999792568,53.78032291049013
450010066,Oakley Terrace,Beeston,BCT,-1.545949509941589,53.77417162552612
450010067,Cross Flatts Park,Beeston,BCT,-1.550865593930904,53.76991180601644
450010068,Cross Flatts Grove,Beeston,BCT,-1.554517753388453,53.76744471336436
450010069,Tommy Wass Junction,Beeston,BCT,-1.561719393788658,53.763507495948886
450010070,Waincliffe Drive,Beeston,BCT,-1.563813260014931,53.763461199328944
450010072,Tommy Wass PH,Beeston,BCT,-1.562891373194075,53.764590342338686
450010073,Cardinal Road,Beeston,BCT,-1.566792014024424,53.76587181149736
450010074,Beeston ASDA,Beeston,BCT,-1.564088825484561,53.76761469489252
450010075,Moorhouse Avenue,Beeston,BCT,-1.564541632912345,53.76930609795627
450010076,Co-op,Beeston,BCT,-1.565295076953056,53.77274227448056
450010077,Co-op,Beeston,BCT,-1.565052135581102,53.772759370098974
450010078,Beeston Terminus,Beeston,BCT,-1.571719060276651,53.772163178510745
450010079,Beeston Co-Op,Beeston,BCT,-1.564937663544208,53.773558893285895
450010080,Cross Flatts Drive,Beeston,BCT,-1.562032350402692,53.77571444701896
450010081,Cross Flatts Park Top,Beeston Hill,BCT,-1.560399891457646,53.7765623430093
450010082,Cross Flatts Park Top,Beeston Hill,BCT,-1.559896155729515,53.77684811435568
450010084,Beeston Hill,Beeston Hill,BCT,-1.556551599211048,53.777437999459075
450010085,Malvern Road,Beeston Hill,BCT,-1.552310503953903,53.779561408646614
450010086,Lady Pit Lane,Beeston Hill,BCT,-1.551141030751387,53.78107602204186
450010087,Northcote Green,Beeston Hill,BCT,-1.550111417689434,53.78227656614022
450010088,Northcote Green,Beeston Hill,BCT,-1.550173465183734,53.78215096591236
450010089,Northcote Crescent,Beeston Hill,BCT,-1.546552601143241,53.78157108806705
450010092,Beeston Hill Health Centre,Beeston Hill,BCT,-1.556422251828301,53.778192518875734
450010093,Cemetery Road Junction,Beeston Hill,BCT,-1.559271372125183,53.78144770926602
450010095,Top Moor Side,Holbeck,BCT,-1.559408003048175,53.78434236563499
450010097,Pleasant Street,Holbeck,BCT,-1.561222512452429,53.78644323126196
450010098,Pleasant Street,Holbeck,BCT,-1.562382367689724,53.787292343794356
450010100,Domestic Road,Wortley,BCT,-1.569620464942784,53.78747132032272
450010101,Domestic Road,Wortley,BCT,-1.569224652437335,53.7875867446031
450010102,Gelderd Business Pk,Wortley,BCT,-1.580618810278311,53.78043667004609
450010103,Wheatsheaf Junction,Wortley,BCT,-1.58350805976528,53.77830757708722
450010104,Heath Mount,Beeston,BCT,-1.573603215919577,53.77638529259429
450010105,Leeds Utd Stadium,Beeston,BCT,-1.570954222966079,53.77723870289349
450010106,Leeds Utd Stadium,Beeston,BCT,-1.570285472044849,53.7773441662988
450010107,Cemetery Road Junction,Beeston Hill,BCT,-1.560050388907951,53.78096521306023
450010112,Drysalters,Cottingley,BCT,-1.579094843852743,53.770454584986645
450010113,Drysalters,Cottingley,BCT,-1.577965364935224,53.769614726454854
450010116,Moor Road Station,Hunslet Carr,BCT,-1.537973193416964,53.77511188458357
450010118,City South Retail Park,Hunslet Carr,BCT,-1.536636914898341,53.77658077544263
450010120,Hunslet Green Retail Centre,Hunslet,BCT,-1.531677839200079,53.77768502913746
450010240,Oakwood Clock,Oakwood,BCT,-1.503866531313531,53.827555783439834
450010242,Oakwood Ln Dib Lane,Fearnville,BCT,-1.491475885941278,53.81822828888377
450010243,Fearnville Leis Ctr,Gipton,BCT,-1.491412598884553,53.815927084263315
450010278,Wortley Ringways,Wortley,BCT,-1.594447896468251,53.781580751289795
450010279,Royds Lane,Wortley,BCT,-1.591305177980981,53.78171389672052
450010280,Dixon Lane,Wortley,BCT,-1.585806602584106,53.78220736061179
450010281,Sheepscar St North,Sheepscar,BCT,-1.538294562096659,53.81220680145658
450010282,Scott Hall Grove,Chapeltown,BCT,-1.543976555104903,53.82181873403564
450010283,Scott Hall Stainbeck Lane,Chapel Allerton,BCT,-1.547070860781805,53.82787937333568
450010286,Scott Hall Sports Centre,Chapel Allerton,BCT,-1.545669985412238,53.82395531231153
450010287,Scott Hall Grove,Chapeltown,BCT,-1.543835943409458,53.82217771994013
450010288,Sholebroke Mount,Chapeltown,BCT,-1.540140700391588,53.81837068030471
450010290,Sheepscar St North,Sheepscar,BCT,-1.536262440601093,53.8105631465432
450010292,Lincoln Green Ctr,Mabgate,BCT,-1.527723933055663,53.802782165130566
450010293,Lincoln Green Centre,Mabgate,BCT,-1.528752650012557,53.80311876664426
450010294,Lincoln Green Road,Burmantofts,BCT,-1.523929509403598,53.80265032774727
450010296,Bexley Wing,St Jamess Hospital,BCT,-1.522208392501046,53.804459071771795
450010297,St James's Hospital,St Jamess Hospital,BCT,-1.520508256129594,53.80574656846568
450010298,St James Hospital,St Jamess Hospital,BCT,-1.519747607236556,53.807199588934225
450010299,St James's Hospital,St Jamess Hospital,BCT,-1.518729829582776,53.80723146384653
450010300,Lovell Park,Mabgate,BCT,-1.537185717653034,53.80256736339888
450010301,North St Benson Street,Sheepscar,BCT,-1.535708904824217,53.80568050688014
450010302,Sheepscar Junction,Sheepscar,BCT,-1.535395789162954,53.806533158122285
450010303,Sheepscar Junction,Sheepscar,BCT,-1.534919506618581,53.80703464306144
450010304,Roscoe Street,Sheepscar,BCT,-1.533705275152162,53.80835117184361
450010305,Roscoe Street,Sheepscar,BCT,-1.533673509478044,53.8084768808246
450010306,Enfield Centre,Sheepscar,BCT,-1.530672019965852,53.80936398359167
450010307,Enfield Centre,Sheepscar,BCT,-1.530216157380579,53.80938916411775
450010308,Fforde Grene Jct,Harehills,BCT,-1.515673611017742,53.818121648691914
450010309,Roundhay Road Tesco,Oakwood,BCT,-1.510415163728764,53.82228873186333
450010310,Oakwood Clock,Oakwood,BCT,-1.505420231356173,53.827211662735365
450010311,Oakwood Clock,Oakwood,BCT,-1.506294823165808,53.82647824612863
450010312,Ravenscar Avenue,Oakwood,BCT,-1.508166348618564,53.82363672871793
450010313,Roundhay Road Tesco,Oakwood,BCT,-1.511412755412352,53.821411971056946
450010314,Copgrove Road,Harehills,BCT,-1.513497075160711,53.819820570098685
450010315,Lascelles Terrace,Harehills,BCT,-1.519298191986368,53.81463089116568
450010316,Elford Place,Harehills,BCT,-1.521034323027616,53.81288516707717
450010324,Millshaw,Cottingley,BCT,-1.578219671126972,53.76694616314633
450010325,Cottingley Station,Cottingley,BCT,-1.586722996456652,53.76770379170013
450010326,Old Road,Cottingley,BCT,-1.581148435288751,53.76533857092334
450010327,Clarkson Terrace,Churwell,BCT,-1.585145004500586,53.76310543907142
450010328,Daffil Road,Churwell,BCT,-1.593009715129635,53.75924054101407
450010330,Laneside Farm,Churwell,BCT,-1.596439249315569,53.75590856076032
450010331,Church Street,Morley,BCT,-1.599866874130326,53.752720284432186
450010332,Asquith Drive,Morley,BCT,-1.610175283380134,53.75153184825949
450010333,Church St New Bank Street,Morley,BCT,-1.600262970074157,53.750932975131654
450010354,Horsfall Street,Morley,BCT,-1.613765362517578,53.753628697363474
450010370,Lower Wortley School,Wortley,BCT,-1.598782257737661,53.78220650986602
450010371,Branch Road,Farnley,BCT,-1.604680799566809,53.7827384064968
450010372,Whincover Drive,Farnley,BCT,-1.608608363660479,53.78633750899133
450010375,Tong Road,Farnley,BCT,-1.616598493750919,53.79226843864631
450010376,Stonebridge Lane,Farnley,BCT,-1.613788909437401,53.7907584292602
450010378,Whincover Drive,Farnley,BCT,-1.607600290122123,53.78539047291365
450010379,Branch Road,Farnley,BCT,-1.604511668652537,53.782971538265
450010380,Ring Road Lower Wortley,Farnley,BCT,-1.608811683035509,53.785691033382314
450010381,Whincover Hill,Farnley,BCT,-1.609540595251762,53.7856484672288
450010384,Whincover Gardens,Farnley,BCT,-1.612661388228536,53.7846249572402
450010385,Old Farnley,Farnley,BCT,-1.618443616755841,53.78632424471343
450010396,Henconner Lane,Gamble Hill,BCT,-1.619953130389038,53.79564062885643
450010397,Farrow Bank,Armley,BCT,-1.614441565008903,53.79407710900783
450010398,The Heights East,Armley,BCT,-1.613080074983046,53.793560409864035
450010399,Heights Dr Greenthorpe Road,Gamble Hill,BCT,-1.618096451298566,53.797818823027896
450010401,Queenswood Road,Beckett Park,BCT,-1.594167413987896,53.820102450612325
450010402,Queenswood Road,Beckett Park,BCT,-1.593365767856826,53.819749206103005
450010403,Woodbridge Place,Beckett Park,BCT,-1.598913811333501,53.82253617167533
450010405,Ghyll Road,West Park,BCT,-1.601822862070813,53.828145367057274
450010415,Hawkswood Avenue,Hawksworth,BCT,-1.616168861214743,53.829369514563275
450010416,Hawkswood Avenue,Hawksworth,BCT,-1.616681479915618,53.82980257481323
450010417,Vesper Road Surgery,Hawksworth,BCT,-1.611847059363162,53.82682999952672
450010418,Lea Farm Drive,Hawksworth,BCT,-1.607102180043144,53.825727019511085
450010419,Eden Drive,Headingley,BCT,-1.589440179241147,53.81731807363115
450010421,Hyde Park Picture House,Hyde Park,BCT,-1.569095126968432,53.812087645890976
450010427,Hyde Park Road,Hyde Park,BCT,-1.565019061301698,53.809727071434
450010437,Northside Retail Park,Meanwood,BCT,-1.56532111784426,53.82898046351944
450010438,Northside Retail Park,Meanwood,BCT,-1.565426257077135,53.82909768799525
450010439,Green Road,Meanwood,BCT,-1.567027592069591,53.82851026712308
450010440,Green Road,Meanwood,BCT,-1.566964969842294,53.828689800973464
450010441,Green View,Meanwood,BCT,-1.56851963808499,53.829684077284064
450010444,Wharfedale Avenue,Meanwood,BCT,-1.549871171560978,53.81749977679183
450010445,Shaw Lane,Headingley,BCT,-1.579136989262061,53.82389755454046
450010446,Grove Lane Junction,Meanwood,BCT,-1.564627628102246,53.824061519741065
450010447,Meanwood Health Centre,Meanwood,BCT,-1.565153103301097,53.82613066265623
450010448,Woodhouse Cricket Club,Meanwood,BCT,-1.558957320406379,53.82154215665908
450010449,Ridge Grove,Meanwood,BCT,-1.556372287661906,53.82035520247627
450010450,Sugarwell Court,Meanwood,BCT,-1.551971719355872,53.818505304696075
450010451,Wharfedale Avenue,Meanwood,BCT,-1.548538843971169,53.81709930047683
450010452,Buslingthorpe Green,Little London,BCT,-1.543703923123998,53.81335099119178
450010453,Meanwood Rd Cambridge Road,Little London,BCT,-1.541557787486511,53.81099693955497
450010454,Craven Road,Woodhouse,BCT,-1.549060687466131,53.81234660290335
450010455,Charing Cross,Woodhouse,BCT,-1.551029844678924,53.8128303500304
450010456,Charing Cross,Woodhouse,BCT,-1.551073293081541,53.81302824889522
450010549,Haigh Side Drive,Rothwell,BCT,-1.490592919428068,53.75571245883899
450010550,Haigh Side Drive,Rothwell,BCT,-1.490152563591449,53.7557555283366
450010551,Haigh Avenue,Rothwell,BCT,-1.493468070160064,53.756254935261744
450010552,Haigh Avenue,Rothwell,BCT,-1.494256601115601,53.75626725097997
450010553,Low Shops Lane,Rothwell,BCT,-1.497374177142763,53.75683761984513
450010554,St George's Park,Rothwell,BCT,-1.500658563750404,53.75741759012072
450010555,Jaw Bones,Rothwell,BCT,-1.503169747569519,53.75797629362666
450010570,Wood Lane End,Rothwell,BCT,-1.504674112191543,53.75773983652971
450010571,Byron Street,Mabgate,BCT,-1.533494842256622,53.801312723090184
450010573,Cross Stamford St,Mabgate,BCT,-1.530910845782371,53.80565286032823
450010574,Grant Avenue,Harehills,BCT,-1.526942688981525,53.80879208380825
450010575,Cross Stamford St,Mabgate,BCT,-1.530515860140327,53.8056692918397
450010601,City West Business Park,Wortley,BCT,-1.585075085495858,53.77789955588092
450010602,Ringways Ring Road,Wortley,BCT,-1.594166062302166,53.780905694778866
450010603,Pavillion Business Park,Wortley,BCT,-1.590485478759655,53.78017414541728
450010604,City West Business Park,Wortley,BCT,-1.583489272754794,53.777139064472365
450010618,Fawcett Avenue,Wortley,BCT,-1.595958703688387,53.78386881166618
450010619,Western Grove,Wortley,BCT,-1.594231042990478,53.78518422410078
450010620,Dixon Lane Kellett Crescent,Wortley,BCT,-1.586269627015589,53.78296395415122
450010621,Crown Point D,Crown Point,BCT,-1.539156598767445,53.79036918322931
450010622,Brookfield Street,Crown Point,BCT,-1.534319707719059,53.787150760036994
450010624,Stafford Street,Hunslet,BCT,-1.528574422726509,53.78244554151625
450010625,Church Street,Hunslet,BCT,-1.523736302140167,53.77948733344201
450010626,Haigh Park Road,Stourton,BCT,-1.506635410207572,53.77028632828514
450010627,Intermezzo Drive,Stourton,BCT,-1.503443388517983,53.76821488283879
450010641,Intermezzo Drive,Stourton,BCT,-1.505990219329219,53.76967248237938
450010642,Queen Street,Stourton,BCT,-1.516248387067804,53.7721320854654
450010643,Severn Road,Hunslet,BCT,-1.519837977542152,53.77800673785227
450010644,Balmoral Chase,Hunslet,BCT,-1.522443322824518,53.778421600522485
450010645,Church Street,Hunslet,BCT,-1.525925277188489,53.780502667490175
450010646,Stafford Street,Hunslet,BCT,-1.529707474266127,53.782908379747944
450010647,Brookfield Street,Crown Point,BCT,-1.533659872903467,53.78642915239199
450010648,Crown Point F,Crown Point,BCT,-1.541507117413728,53.79057592492801
450010655,Headrow F,Leeds City Centre,BCT,-1.540657312787799,53.79889560613179
450010657,Headrow D,Leeds City Centre,BCT,-1.542522501262406,53.79910046805686
450010658,Headrow C,Leeds City Centre,BCT,-1.543037897686558,53.79917433607464
450010659,Headrow B,Leeds City Centre,BCT,-1.544296617446924,53.79930495512898
450010662,Civic O,Leeds City Centre,BCT,-1.550321863202232,53.79950744494409
450010663,Civic N,Leeds City Centre,BCT,-1.551610213245407,53.79971000248447
450010665,Civic K,Leeds City Centre,BCT,-1.54740569009527,53.79961332654136
450010666,Headrow G,Leeds City Centre,BCT,-1.541004528251391,53.799076695504674
450010667,Headrow H,Leeds City Centre,BCT,-1.540640560541418,53.79903935065444
450010668,Victoria A,Leeds City Centre,BCT,-1.538759709700541,53.79887933944562
450010669,Victoria B,Leeds City Centre,BCT,-1.538517099855727,53.79885144257661
450010671,Victoria D,Leeds City Centre,BCT,-1.537136563969148,53.79875624516475
450010676,Victoria N,Leeds City Centre,BCT,-1.539541478144148,53.79958340887585
450010678,Victoria P,Leeds City Centre,BCT,-1.539735266938143,53.79852356349617
450010679,Victoria Q,Leeds City Centre,BCT,-1.539828715893818,53.79830820888381
450010682,Corn Exchange D,Leeds City Centre,BCT,-1.540205056633957,53.79721311027609
450010683,Corn Exchange B,Leeds City Centre,BCT,-1.540590079297978,53.79671125448759
450010684,Corn Exchange A,Leeds City Centre,BCT,-1.540790962527463,53.79638845380385
450010685,Trinity M,Leeds City Centre,BCT,-1.543027702844854,53.795920626148984
450010686,Trinity N,Leeds City Centre,BCT,-1.543559509677285,53.795877709952464
450010687,Trinity R,Leeds City Centre,BCT,-1.543330142855792,53.79602963403351
450010688,Trinity O,Leeds City Centre,BCT,-1.544045968732666,53.795816643013545
450010689,Trinity P,Leeds City Centre,BCT,-1.544395899320901,53.79574606777224
450010695,Wellington D,Leeds City Centre,BCT,-1.558106900848063,53.79695679814071
450010696,Wellington E,Leeds City Centre,BCT,-1.55841033119683,53.79697589117433
450010697,Wellington F,Leeds City Centre,BCT,-1.557983942037867,53.79710015388881
450010700,City Square G,Leeds City Centre,BCT,-1.547004120768676,53.797427717931285
450010702,City Square H,Leeds City Centre,BCT,-1.547006927901608,53.79716707535042
450010703,Mansion Gate,Chapel Allerton,BCT,-1.531340882797323,53.824286706081914
450010704,City Square I,Leeds City Centre,BCT,-1.547009638194951,53.796915420433855
450010705,Fforde Grene Junction,Harehills,BCT,-1.516417951486559,53.81811566195922
450010706,Fforde Grene Junction D,Harehills,BCT,-1.515560183678035,53.81742012520768
450010707,Harehills Morrisons,Harehills,BCT,-1.51317057139846,53.8126018618448
450010709,Compton Road,Harehills,BCT,-1.509790396986857,53.80943330287036
450010710,Compton Road,Harehills,BCT,-1.509847889958435,53.80971216683439
450010711,Harehills ASDA,Harehills,BCT,-1.505184830577126,53.80591805401636
450010712,Five Lane Ends,Wortley,BCT,-1.588673668237711,53.78854480608403
450010713,Highfield Gardens,Wortley,BCT,-1.585209458292816,53.78890139100261
450010714,Highfield Gardens,Wortley,BCT,-1.585742373034297,53.78873245918991
450010715,Copley Hill,New Wortley,BCT,-1.575495247990426,53.79039538561231
450010716,Copley Hill,New Wortley,BCT,-1.574932640295302,53.79049226243735
450010717,Clyde Gardens,New Wortley,BCT,-1.572938124788423,53.79108737936651
450010718,Clyde Approach,New Wortley,BCT,-1.570898199075266,53.79166432470126
450010719,Clyde Approach,New Wortley,BCT,-1.569527485011794,53.79210881732315
450010720,Torre Lane,Burmantofts,BCT,-1.508765645148077,53.79965910817337
450010721,Nowell Mount,Harehills,BCT,-1.507583334937876,53.80338430294829
450010722,Nowell Mount,Harehills,BCT,-1.507383847946482,53.803563245149576
450010723,Clifton Grove,Harehills,BCT,-1.5062020581819,53.8059312320315
450010724,Shakespeare Gardens,Burmantofts,BCT,-1.518434783601061,53.80382381338354
450010725,Ashley Road,Harehills,BCT,-1.517072345125222,53.808752771597085
450010726,Harehills Nice View,Harehills,BCT,-1.517048833141241,53.81608690906457
450010727,Harehills Place,Harehills,BCT,-1.51717910024215,53.814002211249736
450010728,Conway View,Harehills,BCT,-1.517161723640978,53.81154840944521
450010729,Ashley Road,Harehills,BCT,-1.516873699088394,53.80885982849908
450010730,Stanley Road,Harehills,BCT,-1.516301833157697,53.808408123223565
450010731,Stanley Road,Harehills,BCT,-1.516469695107844,53.80833689537861
450010732,Compton Centre,Harehills,BCT,-1.509816585782125,53.80848966589275
450010733,Shaftesbury Jct E,Harehills,BCT,-1.499083040145421,53.80188406946437
450010734,Shaftesbury Jct D,Harehills,BCT,-1.499447743600484,53.80185862713966
450010735,Shaftesbury Med Ctr,Osmondthorpe,BCT,-1.498010115599432,53.79891352770388
450010737,Pontefract Street,Richmond Hill,BCT,-1.519147767435241,53.79458695854663
450010738,Long Close Lane,Richmond Hill,BCT,-1.52276327696981,53.79302848297314
450010739,East Park Parade,Richmond Hill,BCT,-1.512113773307358,53.79242839446408
450010740,Ivy Street,East End Park,BCT,-1.508267383868679,53.79682583031575
450010741,Ivy Street,East End Park,BCT,-1.508931351441072,53.7971700955179
450010742,Neville Parade,Osmondthorpe,BCT,-1.495588811024814,53.79192863652525
450010743,Meadowfield School,Halton Moor,BCT,-1.491132191341952,53.79392314597363
450010744,Halton Moor Avenue,Halton Moor,BCT,-1.492001684421707,53.79231796604214
450010762,Tunstall Road,Beeston Hill,BCT,-1.543561908658138,53.776068037309344
450010764,Old Run Rd West Grange Drive,Hunslet Carr,BCT,-1.535049229007287,53.76920440583113
450010766,Hunslet Centre,Hunslet,BCT,-1.527992240901717,53.77887498765537
450010767,Hunslet Health Centre,Hunslet,BCT,-1.525706566421239,53.77971085250971
450010768,Hunslet Centre,Hunslet,BCT,-1.528560638803461,53.77825704531936
450010796,Woodpecker Junction,Quarry Hill,BCT,-1.525768429276312,53.7984601923713
450010800,Pontefract Lane,Richmond Hill,BCT,-1.522660216134901,53.79809733466447
450010802,Berking Avenue,Richmond Hill,BCT,-1.518257747529373,53.79807075324995
450010807,Lupton Avenue,East End Park,BCT,-1.509304349646542,53.799032148593966
450010810,Dawlish Terrace,East End Park,BCT,-1.505541710845381,53.800104257776624
450010812,Shaftesbury Junction B,Harehills,BCT,-1.499970364158399,53.801321522835615
450010815,Gipton Approach A,Osmondthorpe,BCT,-1.492026175727983,53.8016027387042
450010824,Gipton Approach C,Osmondthorpe,BCT,-1.493713487950317,53.80143909646174
450010826,Shaftesbury Junction A,Harehills,BCT,-1.499396107712857,53.80109442723011
450010828,Dawlish Terrace,East End Park,BCT,-1.50423595520082,53.80010785829764
450010830,Torre Road,East End Park,BCT,-1.507344555418139,53.7991409632469
450010832,Raincliffe Road,East End Park,BCT,-1.51334505084518,53.79752962301771
450010834,Berking Avenue,Richmond Hill,BCT,-1.518791354330487,53.797875157173415
450010835,Pontefract Lane,Richmond Hill,BCT,-1.522192455151565,53.79784380767296
450010857,Grove Lane Junction,Meanwood,BCT,-1.563024186514255,53.82486461296228
450010858,Stainbeck Avenue,Meanwood,BCT,-1.560535036752007,53.82755192373525
450010862,Miles Hill,Meanwood,BCT,-1.555077466390718,53.82500619376806
450010863,Miles Hill,Meanwood,BCT,-1.555533864444304,53.8249449685538
450010864,Stainbeck Avenue,Meanwood,BCT,-1.559935169490787,53.8268037229428
450010905,Cultural A,Leeds City Centre,BCT,-1.537236798741193,53.796545572977955
450010908,Cultural G,Leeds City Centre,BCT,-1.535037178683119,53.796393261413826
450010914,Merrion C,Leeds City Centre,BCT,-1.545257971604182,53.80166346750838
450010915,Merrion B,Leeds City Centre,BCT,-1.545798139443423,53.80225872340562
450010917,Merrion D,Leeds City Centre,BCT,-1.543150223303638,53.80141278510266
450010918,Headrow M,Leeds City Centre,BCT,-1.544664387733566,53.80039390370328
450010920,Headrow N,Leeds City Centre,BCT,-1.544696698110649,53.800214265555475
450010921,Headrow L,Leeds City Centre,BCT,-1.544966572397392,53.80052987045639
450010922,Headrow K,Leeds City Centre,BCT,-1.544999270541194,53.80031428155636
450010923,Willow Road,Burley,BCT,-1.576764628380941,53.80453804006122
450010924,Kirkstall Road ASDA,Burley,BCT,-1.586074939640685,53.807383759741775
450010925,Kirkstall Lights,Kirkstall,BCT,-1.601369186422463,53.81511128326532
450010926,Commercial Road,Kirkstall,BCT,-1.599336593719919,53.81324400053865
450010929,Woodside View,Burley,BCT,-1.590627795619648,53.80922394077989
450010930,Haddon Road,Burley,BCT,-1.584348051400911,53.806955355101174
450010931,Cardigan Fields,Burley,BCT,-1.580063193810408,53.805700093254934
450010932,ITV Yorkshire,Burley,BCT,-1.571530109350607,53.80264995768339
450010933,Washington Street,Burley,BCT,-1.568098791771423,53.80115463375782
450010947,Leeds City College,Woodhouse,BCT,-1.558560714233542,53.8000054121106
450010950,Woodsley Road,Hyde Park,BCT,-1.571335794604308,53.805327694253215
450010951,Burley Medical Ctr,Burley,BCT,-1.580073366933417,53.80772243212938
450010952,St Michael's Lane,Burley,BCT,-1.585527117118053,53.810581600489016
450010953,Eden Road,Kirkstall,BCT,-1.594142151898611,53.81485337692969
450010954,Church View,Kirkstall,BCT,-1.597662343295076,53.81679764671912
450010955,Kirkstall Health Centre,Kirkstall,BCT,-1.599222957514209,53.817198339108224
450010956,Norman Mount,Kirkstall,BCT,-1.601768330452833,53.81947178395395
450010957,Headingley Station,Kirkstall,BCT,-1.594682770464846,53.81706625060693
450010958,Langdale Avenue,Headingley,BCT,-1.58624699477386,53.817675617253514
450010960,Headingley Stadium,Headingley,BCT,-1.582910191258323,53.81872465268744
450010962,Headingley Station,Kirkstall,BCT,-1.594501551442047,53.81695778263045
450010963,Kirkstall Lane,Kirkstall,BCT,-1.599611569863539,53.8162648847041
450010964,Kirkstall Leisure Centre,Kirkstall,BCT,-1.601450768135089,53.81611820949366
450010965,Burley Hill Drive,Burley,BCT,-1.590869877829553,53.81399739608592
450010966,Talbot View,Burley,BCT,-1.587696968282023,53.812314770732506
450010967,St Michael's Lane,Burley,BCT,-1.585253770396703,53.81058065625528
450010968,Cardigan Road,Hyde Park,BCT,-1.573910154337417,53.806019950931855
450010969,Woodsley Road,Hyde Park,BCT,-1.56945886812,53.80474574235955
450010970,Leeds City College,Woodhouse,BCT,-1.558119018203407,53.80013860701968
450010979,Wellington Bridge,Leeds City Centre,BCT,-1.560918098812888,53.796706464021334
450010980,Canal Street,New Wortley,BCT,-1.569917495687853,53.79553465806767
450010981,Armley Prison,New Wortley,BCT,-1.575711128467048,53.79758657727255
450010983,Albion Way,New Wortley,BCT,-1.571784136351684,53.79708727517229
450010984,Armley Road Bottom,New Wortley,BCT,-1.565578391468363,53.795276351454845
450010985,The Roundhouse,New Wortley,BCT,-1.564913058565458,53.79502227596717
450010986,Ledgard Way,Armley,BCT,-1.587009145976933,53.79884836125155
450010988,Branch Road,Armley,BCT,-1.5856000823601,53.79855588717177
450010989,Pickering Street,Armley,BCT,-1.581527663709785,53.79891925281092
450010990,Armley Ridge Road,Armley,BCT,-1.60265061190184,53.801660489331184
450010991,Armley Grange Drive,Armley,BCT,-1.607559589923805,53.80277317886284
450010992,Cockshott Lane,Bramley,BCT,-1.613365237230885,53.803825642661046
450010994,Greenhill Mount,Bramley,BCT,-1.615742730170725,53.804525354358766
450010995,Cockshott Lane,Bramley,BCT,-1.613514512103484,53.80410475167081
450010996,Armley Grange Drive,Armley,BCT,-1.607420592451401,53.80302438859954
450010997,Armley Ridge Road,Armley,BCT,-1.601344896596593,53.801656159294
450010998,Moorfield Road,Armley,BCT,-1.596769364170463,53.80063421570664
450010999,Armley Park Gates,Armley,BCT,-1.591741736330301,53.79928699117595
450011002,Gipton Approach York Road,Gipton,BCT,-1.492499758303781,53.80262039273798
450011012,Coldcotes Drive,Gipton,BCT,-1.490104664602231,53.80980966749259
450011013,Coldcotes Circus,Gipton,BCT,-1.493939946141446,53.80911584609605
450011014,Harehills Park,Gipton,BCT,-1.500623175114653,53.81027633518939
450011015,Foundry Drive,Harehills,BCT,-1.507234125860605,53.81245180207882
450011016,North Farm Road,Gipton,BCT,-1.498172444609215,53.81202776812218
450011017,Gipton Lidl,Gipton,BCT,-1.49506491027795,53.81407299451734
450011018,Gipton Lidl,Gipton,BCT,-1.494794569051275,53.81382019180417
450011021,Hetton Road,Oakwood,BCT,-1.502065222069284,53.8193063111532
450011022,Hollin Park Mount,Oakwood,BCT,-1.491868101826588,53.82222063454258
450011023,Oakwood McDonalds,Oakwood,BCT,-1.496046207676374,53.820899034201624
450011024,Hetton Road,Oakwood,BCT,-1.50170260655546,53.819143021784
450011025,Arlington Road,Oakwood,BCT,-1.505316012551738,53.81799851380203
450011029,Mexborough Street,Chapeltown,BCT,-1.538500838888919,53.815551137861554
450011030,Buslingthorpe Lane,Sheepscar,BCT,-1.538447698573593,53.81347470135795
450011031,Sholebroke Mount,Chapeltown,BCT,-1.541316979781268,53.81914815008468
450011032,Scott Hall Sports Centre,Chapel Allerton,BCT,-1.546745876293524,53.82561317156856
450011034,Scott Hall Stainbeck Lane,Chapel Allerton,BCT,-1.547299904513229,53.827772381382935
450011061,Ridge Road,Meanwood,BCT,-1.546682326716267,53.81601374175396
450011085,Church St New Bank Street,Morley,BCT,-1.599558014460654,53.750112707341174
450011103,Grove Lane Junction,Meanwood,BCT,-1.563859507739799,53.82488562680383
450011104,Meanwood Health Ctr,Meanwood,BCT,-1.566405558877334,53.82695310011464
450011105,Woodhouse Ckt Club,Meanwood,BCT,-1.560800994081379,53.82245670449271
450011106,Grove Lane Junction,Meanwood,BCT,-1.56259225352361,53.824036144385566
450011107,Sugarwell Court,Meanwood,BCT,-1.553091958034717,53.818860013147074
450011108,Ridge Grove,Meanwood,BCT,-1.556736643802374,53.82037452454026
450011109,Buslingthorpe Green,Little London,BCT,-1.544095954304542,53.81361313347072
450011110,Ridge Road,Meanwood,BCT,-1.545656453220828,53.81537171385537
450011111,Meanwood Rd Sackville Street,Sheepscar,BCT,-1.539521560150243,53.80972183299313
450011112,Meanwood Rd Cambridge Road,Little London,BCT,-1.542733300948042,53.811828321918625
450011114,Meanwood Road Sheepscar Court,Sheepscar,BCT,-1.537484863134719,53.80850061772735
450011123,Stonegate Crescent,Meanwood,BCT,-1.558756622376216,53.82908234625494
450011124,Stonegate Crescent,Meanwood,BCT,-1.558279793996116,53.82963784793991
450011131,Servia Gardens,Little London,BCT,-1.543586696960147,53.81015979829175
450011133,Servia Gardens,Little London,BCT,-1.544556536673188,53.81035223102606
450011134,Carlton Hill,Little London,BCT,-1.541899218858914,53.80893099784467
450011135,Wensley Drive,Chapel Allerton,BCT,-1.542689274922855,53.82843799294433
450011136,Carlton Hill,Little London,BCT,-1.540816384715656,53.807965140963326
450011137,Lovell Park Hill,Little London,BCT,-1.539260776143193,53.804417895097785
450011138,Chapel Allerton Co-op,Chapel Allerton,BCT,-1.539038292335728,53.828864440478576
450011139,Merrion E,Leeds City Centre,BCT,-1.540968232380739,53.80240213062646
450011140,Wensley Drive,Chapel Allerton,BCT,-1.542125200796351,53.82861560264
450011145,Glen Road,Headingley,BCT,-1.585640098369747,53.829933138069016
450011147,Weetwood Lane,Headingley,BCT,-1.583061909457441,53.827928880103784
450011148,Weetwood Lane,Headingley,BCT,-1.583531531288505,53.82806532994152
450011149,St Chads Drive,Headingley,BCT,-1.581083243714029,53.825243572363206
450011151,Grafton Street,Little London,BCT,-1.539830241533825,53.80371901345162
450011154,Lovell Park Hill,Little London,BCT,-1.539418246571566,53.8052903386721
450011155,Craven Road,Woodhouse,BCT,-1.548150850382846,53.81221734880329
450011157,Melville Road,Woodhouse,BCT,-1.551107720047077,53.814070987365454
450011158,Melville Place,Woodhouse,BCT,-1.548307206023861,53.814626725613536
450011159,Melville Road,Woodhouse,BCT,-1.550531858785233,53.81395198806595
450011162,Melville Place,Woodhouse,BCT,-1.547278050209028,53.81429029158505
450011164,St Chads Drive,Headingley,BCT,-1.581685882072694,53.82574900107142
450011166,St Anne's Road,Headingley,BCT,-1.580712162340911,53.82437044207511
450011171,Miles Hill Road,Meanwood,BCT,-1.551478236130796,53.82489393136392
450011172,Stainbeck Avenue,Meanwood,BCT,-1.561090681115625,53.82671807345854
450011173,Potternewton View,Chapel Allerton,BCT,-1.547802103552945,53.82487115125392
450011174,Miles Hill Road,Meanwood,BCT,-1.549562913420462,53.82500360349111
450011179,Stainbeck Police Station,Chapel Allerton,BCT,-1.546168798499723,53.82840625806805
450011180,Stainbeck Police Station,Chapel Allerton,BCT,-1.545863981065768,53.8284949852353
450011184,Miles Hill Crescent,Meanwood,BCT,-1.549080897118773,53.82886663180682
450011185,Bridgewater Court,Meanwood,BCT,-1.568320923769532,53.823886110250314
450011186,Bridgewater Court,Meanwood,BCT,-1.568716896847451,53.82378866564167
450011187,Grove Road,Headingley,BCT,-1.573361138438294,53.8242097212713
450011188,Grove Road,Headingley,BCT,-1.573436545186986,53.82426391719373
450011189,Moor Road,Headingley,BCT,-1.57525819534187,53.82589720247826
450011190,Shaw Lane,Headingley,BCT,-1.579211682928772,53.824023648235894
450011191,Moor Road,Headingley,BCT,-1.574161678641353,53.82616295738907
450011192,Monk Bridge Rd Highbury Lane,Meanwood,BCT,-1.56962521145348,53.82706355403665
450011194,Monk Bridge Road Monk Bridge Terrace,Meanwood,BCT,-1.569139072013461,53.82706181018376
450011202,Oatland Rd Oatland Place,Little London,BCT,-1.541686918124078,53.81029636697234
450011268,Ghyll Road,West Park,BCT,-1.601990062637293,53.82813693351862
450011269,Beckett Park,West Park,BCT,-1.603674221959014,53.82998503966773
450011273,Woodbridge Crescent,Beckett Park,BCT,-1.601931350339964,53.82471231938952
450011274,Woodbridge Crescent,Beckett Park,BCT,-1.601643231232389,53.82465743578295
450011275,Lea Farm Drive,Hawksworth,BCT,-1.608877739122754,53.82593055285512
450011279,Broadway,Hawksworth,BCT,-1.615561910947193,53.82762390637106
450011280,Vesper Road Surgery,Hawksworth,BCT,-1.611999807815021,53.8267406135555
450011283,Broadway,Hawksworth,BCT,-1.616047156294266,53.82772432692033
450011284,Woodbridge Place,Beckett Park,BCT,-1.598491918345587,53.82217524193138
450011289,Eden Drive,Headingley,BCT,-1.588911135412662,53.81705561108475
450011290,Headingley Stadium,Headingley,BCT,-1.58272837099266,53.81867908079943
450011291,Headingley Library,Headingley,BCT,-1.578709109885054,53.82111876432406
450011292,Headingley Library,Headingley,BCT,-1.578482075319875,53.82103707535897
450011293,Eden Drive,Headingley,BCT,-1.589970281803694,53.81747268149945
450011296,Eden Drive,Headingley,BCT,-1.590083349991429,53.816780992020995
450011298,Langdale Avenue,Headingley,BCT,-1.585958856048047,53.817629683732974
450011327,Millshaw Road,White Rose Centre,BCT,-1.570888443701608,53.75540642520051
450011328,Cotton Mill Beck,Morley,BCT,-1.570291115873341,53.75300446495372
450011335,Cotton Mill Beck,Morley,BCT,-1.569303907864207,53.751661697290885
450011336,Millshaw Road,White Rose Centre,BCT,-1.570175550414687,53.7554128608345
450011337,Ring Road Millshaw,Beeston,BCT,-1.575828308258421,53.76638945899911
450011338,Ring Road Millshaw,Beeston,BCT,-1.574931447142727,53.76506503706569
450011339,Cottingley Fold,Cottingley,BCT,-1.585058839589526,53.77185053488101
450011340,Cottingley Fold,Cottingley,BCT,-1.584726829781518,53.77166962482176
450011341,Dulverton Gardens,Cottingley,BCT,-1.587905319309637,53.77090761105708
450011342,Dulverton Gardens,Cottingley,BCT,-1.587857605010694,53.77113214879092
450011343,Dulverton Place,Cottingley,BCT,-1.587860468703006,53.76928960495516
450011344,Dulverton Place,Cottingley,BCT,-1.588086187720472,53.76947912958829
450011345,Cottingley Station,Cottingley,BCT,-1.586964577670074,53.767821468594754
450011346,Cottingley Crescent,Cottingley,BCT,-1.579986980371365,53.769235334130514
450011347,Dulverton Square,Cottingley,BCT,-1.583160653521716,53.76588486415519
450011348,Dulverton Square,Cottingley,BCT,-1.583176979817027,53.7657680759091
450011349,Millshaw,Cottingley,BCT,-1.577808184336409,53.76713346529121
450011350,Old Road,Cottingley,BCT,-1.581393560956784,53.76509674845968
450011351,Victoria Street,Churwell,BCT,-1.58875633350537,53.76144609089323
450011352,Clarkson Terrace,Churwell,BCT,-1.586700600742496,53.76225694112959
450011353,Victoria Street,Churwell,BCT,-1.589793286086295,53.76088339223343
450011354,Daffil Road,Churwell,BCT,-1.592981290927638,53.759042706778885
450011355,Lane Side,Churwell,BCT,-1.59494207103121,53.75703601318694
450011356,Lane Side,Churwell,BCT,-1.594802199796942,53.75738607606998
450011357,King George Avenue,Churwell,BCT,-1.597772784117325,53.75443899363021
450011358,Church Street,Morley,BCT,-1.599685576331192,53.75264777480828
450011359,Ingle Avenue,Morley,BCT,-1.603946831466172,53.75106204041043
450011360,Ingle Avenue,Morley,BCT,-1.603627954431005,53.75110592755974
450011361,Bank Street,Morley,BCT,-1.605988622734359,53.75002614619912
450011362,Bank Street,Morley,BCT,-1.606185252317565,53.750080720478664
450011363,Headingley Arndale,Headingley,BCT,-1.578470716521919,53.82216952256291
450011365,St Michaels Church,Headingley,BCT,-1.575385623774697,53.81930046687762
450011366,Headingley Arndale,Headingley,BCT,-1.57885001881664,53.822215793872175
450011367,Richmond Avenue,Headingley,BCT,-1.571879798524876,53.81751737812225
450011368,St Michaels Church,Headingley,BCT,-1.576293524431857,53.819645218935385
450011371,North Hill Road,Hyde Park Corner,BCT,-1.566046554667625,53.81611227813804
450011372,North Grange Road,Headingley,BCT,-1.568941267162371,53.816724904996434
450011373,North Hill Road,Hyde Park Corner,BCT,-1.564954608095574,53.81595552925057
450011375,Hyde Prk Corner,Hyde Park Corner,BCT,-1.5605852458145,53.8140341549792
450011378,Hyde Park Corner,Hyde Park Corner,BCT,-1.560950206271831,53.81399055049502
450011379,Clarendon Road,Woodhouse,BCT,-1.557453953330263,53.81139815044064
450011380,Hyde Prk Corner,Hyde Park Corner,BCT,-1.561176324118635,53.81415316159771
450011381,Leeds University,Woodhouse,BCT,-1.555252747080543,53.80988002695832
450011382,Clarendon Road,Woodhouse,BCT,-1.556110261165116,53.810647183040565
450011383,Leeds University,Woodhouse,BCT,-1.552489852535029,53.808359769350936
450011384,Leeds University,Woodhouse,BCT,-1.553329808167335,53.80934259266304
450011385,Leeds University,Woodhouse,BCT,-1.552384322603259,53.80828747163479
450011386,Leeds University,Woodhouse,BCT,-1.552310215768588,53.80811642279834
450011387,Leeds University,Woodhouse,BCT,-1.551471650652065,53.807007764918154
450011388,Leeds University,Woodhouse,BCT,-1.551545081108415,53.807241727954604
450011390,Blackman Lane,Woodhouse,BCT,-1.549368413065231,53.80630780810922
450011391,Fenton Street,Woodhouse,BCT,-1.549270119496089,53.80556143276647
450011393,Woodhouse Ln Car Pk,Woodhouse,BCT,-1.547119406890052,53.80505000645907
450011394,Lodge Street,Woodhouse,BCT,-1.549918223164607,53.8060132664356
450011396,Leeds University,Woodhouse,BCT,-1.5514563096896,53.80844579131353
450011400,Hyde Park Road,Hyde Park,BCT,-1.565595277599112,53.80981005051947
450011401,Moorland Road,Woodhouse,BCT,-1.560283179264458,53.8080650067098
450011402,Moorland Road,Woodhouse,BCT,-1.559248151769517,53.808294898654395
450011403,Woodhouse Lane,Woodhouse,BCT,-1.557130935305828,53.81034536103522
450011421,Spring Road,Headingley,BCT,-1.576749957290057,53.81655495766341
450011423,Spring Road,Headingley,BCT,-1.578077846830537,53.817422480630135
450011425,Victoria Road Jct,Hyde Park,BCT,-1.57590817697287,53.814179153666814
450011427,Victoria Road Jct,Hyde Park,BCT,-1.574858259747201,53.814373175555346
450011429,Buckingham Road,Hyde Park,BCT,-1.571410107182323,53.81442382867133
450011431,Buckingham Road,Hyde Park,BCT,-1.569524030249419,53.81469570734129
450011432,Hyde Park Picture House,Hyde Park,BCT,-1.569258494232054,53.81244775269263
450011433,Royal Park Road,Hyde Park,BCT,-1.569050873041663,53.81047863293066
450011434,Royal Park Road,Hyde Park,BCT,-1.569670457462055,53.8107774604016
450011435,Victoria Road,Hyde Park,BCT,-1.576411256861666,53.81399218202191
450011436,Burley Medical Centre,Burley,BCT,-1.580254060267645,53.80787586041946
450011437,Victoria Road,Hyde Park,BCT,-1.576367778655255,53.81378530445916
450011438,Cardigan Road,Hyde Park,BCT,-1.575441042265134,53.8062950166894
450011439,Headingley Stadium,Headingley,BCT,-1.580299591382621,53.818526805284435
450011440,Rosebank School,Hyde Park,BCT,-1.567345714503838,53.803515771891995
450011442,Rosebank School,Hyde Park,BCT,-1.567030473310891,53.80316410206594
450011443,Talbot View,Burley,BCT,-1.58711113626387,53.81165663263111
450011444,Kirkstall Lane,Kirkstall,BCT,-1.598501900909941,53.816360046127144
450011445,Harold Grove,Hyde Park,BCT,-1.574775486251576,53.809042993049125
450011446,Burley Hill Drive,Burley,BCT,-1.591582627228947,53.81410767939239
450011447,Mayville Avenue,Hyde Park,BCT,-1.575423855722049,53.81100467485432
450011448,Carberry Road,Hyde Park,BCT,-1.574961696268167,53.807147181615264
450011449,Harold Grove,Hyde Park,BCT,-1.574938345350458,53.80945701851034
450011450,Eden Road,Kirkstall,BCT,-1.594489383349399,53.81507026242723
450011452,St Andrews Street,Woodhouse,BCT,-1.562971596385202,53.800704646555715
450011454,Morris Avenue,Kirkstall,BCT,-1.604795156613347,53.82226806251826
450011455,Kepstorn Rise,Hawksworth,BCT,-1.606117320568198,53.82382732873731
450011456,Norman Mount,Kirkstall,BCT,-1.602010931710565,53.81951752847083
450011457,Morris Avenue,Kirkstall,BCT,-1.604961995264509,53.82229557560592
450011458,Kirkstall Health Centre,Kirkstall,BCT,-1.59892184913968,53.81691870562524
450011471,Dewsbury Road Railway Bridge,Beeston,BCT,-1.568873540793467,53.75963259153873
450011476,Burton Road,Beeston Hill,BCT,-1.544779677860402,53.77711528058872
450011477,Hunslet Fire Stn,Beeston,BCT,-1.547805392197947,53.77231810332744
450011478,Barkly Road,Beeston,BCT,-1.556819252755967,53.7664285965372
450011479,Tommy Wass Junction,Beeston,BCT,-1.561770903840774,53.76438851648694
450011480,Parkwood Road,Beeston,BCT,-1.561814876332907,53.76162034643867
450011483,Morley Victoria School,Morley,BCT,-1.607671924158635,53.75002267565313
450011484,Asquith Drive,Morley,BCT,-1.611142255732222,53.75192147460742
450011485,Deanfield Mills,Morley,BCT,-1.612876547958312,53.75297869020091
450011486,Deanfield Mills,Morley,BCT,-1.613360514653794,53.75312406045756
450011487,Gilhusum Road,Gildersome,BCT,-1.618280367158611,53.75579130099011
450011505,Benson Street,Sheepscar,BCT,-1.535504668102722,53.80492472179473
450011507,Southbank B,Crown Point,BCT,-1.542857957747377,53.79198321494879
450011551,Vesper Gate Drive,Hawksworth,BCT,-1.61384133362761,53.823079456863695
450011552,Vesper Walk,Hawksworth,BCT,-1.615477878405867,53.82352512088479
450011553,Kirkstall Abbey,Hawksworth,BCT,-1.606563024750672,53.82165369873867
450011554,Vesper Gate Drive,Hawksworth,BCT,-1.61250556420373,53.822967296911315
450011555,Abbey Road,Kirkstall,BCT,-1.603170741264965,53.81894613691824
450011556,Cardigan Fields,Burley,BCT,-1.581655563159194,53.80590339064282
450011557,Abbey Road,Kirkstall,BCT,-1.603232854700932,53.81880253442055
450011558,Kirkstall Lights,Kirkstall,BCT,-1.602342861722818,53.816543603795715
450011559,Kirkstall Abbey,Hawksworth,BCT,-1.607565311217151,53.82168394341364
450011560,Gilbert Mount,Kirkstall,BCT,-1.59775598501243,53.8117736701135
450011562,Burley Wood Mount,Burley,BCT,-1.594563273588513,53.810558535789
450011563,Burley Wood Mount,Burley,BCT,-1.595276320582456,53.81063284627834
450011565,Woodside View,Burley,BCT,-1.591764522730921,53.80945251263046
450011566,Gilbert Mount,Kirkstall,BCT,-1.598270518539761,53.811964141331984
450011572,Abbeydale Way,Hawksworth,BCT,-1.618796645400928,53.824416526746745
450011573,Abbeydale Way,Hawksworth,BCT,-1.61819194541878,53.82409103797159
450011600,Jaw Bones,Rothwell,BCT,-1.503746190886898,53.75796969190686
450011601,Low Shops Lane,Rothwell,BCT,-1.497357723747183,53.756945408341494
450011602,St George's Park,Rothwell,BCT,-1.501035492030821,53.75760790925507
450011620,Haigh Beck,Rothwell,BCT,-1.505785537012259,53.75479631850135
450011621,Glebe Farm,Robin Hood,BCT,-1.506385738131701,53.75275848656618
450011622,Glebe Farm,Robin Hood,BCT,-1.506298751230118,53.752416579832314
450011646,Wood Lane End,Rothwell,BCT,-1.505073685488242,53.75858636886149
450011647,Leeds Valley Park,Stourton,BCT,-1.508548907761646,53.7623307244596
450011727,Southbank C,Crown Point,BCT,-1.54279382246881,53.79229755234023
450011731,Southbank A,Crown Point,BCT,-1.542673854150039,53.79216227442242
450011753,Weetwood Lane Otley Rd,Headingley,BCT,-1.582286392599846,53.82799808801851
450011754,Weetwood Lane Otley Rd,Headingley,BCT,-1.582547517927329,53.82771138090766
450011760,West Street,Leeds City Centre,BCT,-1.557313942792794,53.798733506675816
450011761,Washington Street,Burley,BCT,-1.568615826141784,53.80107560114868
450011762,Kirkstall Fire Station,Burley,BCT,-1.565003208653397,53.799516619819315
450011763,Wellington H,Leeds City Centre,BCT,-1.553874658172385,53.79663554544487
450011764,Wellington I,Leeds City Centre,BCT,-1.551766534899293,53.7964389407553
450011767,Kirkstall Fire Station,Burley,BCT,-1.563729048724189,53.79940413814609
450011768,Wellington G,Leeds City Centre,BCT,-1.557498528141973,53.797062412788385
450011769,Willow Road,Burley,BCT,-1.574325143631472,53.80402608328147
450011770,ITV Yorkshire,Burley,BCT,-1.573271142819425,53.803150502160065
450011872,Throstle Road North,Belle Isle,BCT,-1.52579171826843,53.75059874326612
450011873,Throstle Road North,Belle Isle,BCT,-1.525912222525054,53.75067112461332
450011874,Windmill Road,Belle Isle,BCT,-1.527757280220205,53.763297707839214
450011875,Windmill Road,Belle Isle,BCT,-1.527200880161936,53.76286408727098
450011876,Petersfield Avenue,Belle Isle,BCT,-1.526848222856669,53.76049882597974
450011877,Town Street,Belle Isle,BCT,-1.526351913106025,53.75607471856365
450011878,Ring Rd Middleton,Belle Isle,BCT,-1.525906147846455,53.752558605202445
450011879,Lanshaw Crescent,Middleton,BCT,-1.528716493252138,53.75078104600915
450011880,Lanshaw Crescent,Middleton,BCT,-1.529308701883811,53.75071146667312
450011881,Dunlin Drive,Middleton,BCT,-1.531329642066304,53.750350868090514
450011882,Newhall Bank,Middleton,BCT,-1.532259139280763,53.751316225065594
450011883,Newhall Bank,Middleton,BCT,-1.532579985649541,53.751101761136674
450011884,Newhall Gardens,Middleton,BCT,-1.537586003820531,53.750959380110565
450011885,Newhall Gardens,Middleton,BCT,-1.537857482827583,53.75109524818179
450011887,North Lingwell Road,Middleton,BCT,-1.543360302353413,53.75128709939418
450011888,Middleton Park,Middleton,BCT,-1.546762168694667,53.750832621236825
450011889,Middleton Park,Middleton,BCT,-1.54698914995242,53.75087841931567
450011908,Lanshaw Walk,Belle Isle,BCT,-1.528170375576522,53.75485950278156
450011909,Lanshaw Walk,Belle Isle,BCT,-1.528061396262293,53.75511074113965
450011910,Winrose Avenue,Belle Isle,BCT,-1.530741618314842,53.763659955596765
450011911,The Clearings,Belle Isle,BCT,-1.53380170859018,53.762665220806994
450011912,Elmton Close,Belle Isle,BCT,-1.53197473411093,53.759170723164495
450011913,Newhall Gate,Belle Isle,BCT,-1.531891337817114,53.757121109779945
450011914,Newhall Chase,Middleton,BCT,-1.532320693413671,53.75396795847784
450011915,Newhall Chase,Middleton,BCT,-1.532581097933004,53.75373528268807
450011923,Cranmore Road,Belle Isle,BCT,-1.524821819922376,53.750540975769844
450011924,Cranmore Rise,Belle Isle,BCT,-1.522041860234306,53.7523005888505
450011925,Cranmore Rise,Belle Isle,BCT,-1.521798611786983,53.75235354794417
450011926,Raylands Way,Belle Isle,BCT,-1.519687631512551,53.75394499751927
450011927,Raylands Way,Belle Isle,BCT,-1.519625227763136,53.75409754556978
450011928,Broom Place,Belle Isle,BCT,-1.518806779818614,53.755379565237035
450011933,Hopes Farm Road,Belle Isle,BCT,-1.517665672124523,53.75701980652709
450011934,Hopes Farm Road,Belle Isle,BCT,-1.517522173373208,53.75763042098576
450011935,Lea Park Drive,Belle Isle,BCT,-1.518848907457195,53.7596580751106
450011936,Belle Isle Centre,Hunslet Carr,BCT,-1.523718069879191,53.766346679229464
450011937,Belle Isle Centre,Hunslet Carr,BCT,-1.523884938076533,53.76634734166018
450011938,Hunslet Cemetery,Hunslet Carr,BCT,-1.524170154498634,53.767957342291325
450011939,Woodhouse Hill Road,Hunslet Carr,BCT,-1.523443221186809,53.77052505082939
450011940,Leasowe Road,Hunslet Carr,BCT,-1.522125427721193,53.77167028398323
450011941,Pepper Road,Hunslet Carr,BCT,-1.522076004019769,53.77335085942173
450011942,Pepper Road,Hunslet Carr,BCT,-1.52223932982768,53.77366609298034
450011943,Midland Close,Hunslet,BCT,-1.522725947917377,53.776247609880066
450011944,Midland Close,Hunslet,BCT,-1.523167503882037,53.77611454449557
450011945,Midland Road,Hunslet,BCT,-1.530518368129767,53.776880558587465
450011946,Midland Road,Hunslet,BCT,-1.530065767640267,53.7766450965495
450011947,Playfair Road,Hunslet Carr,BCT,-1.530188207833923,53.773832307033025
450011950,Moor Rd Carr Moor Street,Hunslet Carr,BCT,-1.537206626232904,53.773068635975704
450011952,Tunstall Road,Beeston Hill,BCT,-1.543894067528255,53.7762220978113
450011953,City South Retail Park,Hunslet Carr,BCT,-1.536811439436996,53.77588936752331
450011954,Hunslet Green Retail Centre,Hunslet,BCT,-1.531570321270828,53.777801454368365
450011955,West Grange Drive,Hunslet Carr,BCT,-1.530239758546051,53.76921263289392
450011956,East Grange Road,Hunslet Carr,BCT,-1.529084074049051,53.76673637658217
450011957,East Grange Road,Hunslet Carr,BCT,-1.529789134564524,53.76744920166948
450011958,East Grange View,Hunslet Carr,BCT,-1.528152925723123,53.76860224073394
450011959,East Grange View,Hunslet Carr,BCT,-1.526984583226207,53.76861561567873
450011962,Low Grange View,Hunslet Carr,BCT,-1.523019748267153,53.76504961853172
450011963,Windmill Road Bottom,Belle Isle,BCT,-1.523677601207193,53.76321866034156
450011965,Windmill Close,Belle Isle,BCT,-1.524301160791569,53.760389882560446
450011966,Windmill Avenue,Belle Isle,BCT,-1.526401089152618,53.76249242004641
450011967,Thwaite Gate,Hunslet,BCT,-1.517120469965709,53.77679142772346
450011968,Whitehouse Street,Hunslet,BCT,-1.532084368043303,53.784796179010065
450011969,LCC Printworks,Crown Point,BCT,-1.536244975560126,53.78874011515808
450011971,LCC Printworks,Crown Point,BCT,-1.535775451109217,53.78864841893852
450011973,Thwaite Gate,Hunslet,BCT,-1.518778364462446,53.77777779023982
450011974,Crown Point E,Crown Point,BCT,-1.537943477737969,53.79164082148424
450011975,Leeds Dock B,Crown Point,BCT,-1.535794805343527,53.79102134061013
450011980,Raincliffe Road,East End Park,BCT,-1.513904257211078,53.79774760289789
450011988,Woodpecker Junction,Quarry Hill,BCT,-1.527015934455535,53.798231426761106
450011989,Redworth Court,Richmond Hill,BCT,-1.523331851649397,53.795097995535805
450011990,Redworth Court,Richmond Hill,BCT,-1.523699535131323,53.79480284981726
450011991,Long Close Lane,Richmond Hill,BCT,-1.522980171887013,53.792642858994846
450011992,Dial Street,Richmond Hill,BCT,-1.52150854673948,53.79123486244934
450011994,Easy Road,Richmond Hill,BCT,-1.522582079091076,53.79026842822342
450012000,Pontefract Lane Cross Green Approach,Cross Green,BCT,-1.510165692262612,53.78895106453609
450012001,Newmarket Lane,Cross Green,BCT,-1.503526331135094,53.786910447503075
450012006,Knowsthorpe Road,Cross Green,BCT,-1.501318184921767,53.78496885370961
450012007,Knowsthorpe Gate,Cross Green,BCT,-1.502849002914887,53.783860685154835
450012008,Cross Green Way,Cross Green,BCT,-1.504976090041556,53.78366275462352
450012011,Cross Green Vale,Cross Green,BCT,-1.508967285322612,53.78368814401619
450012012,Cross Green Garth,Cross Green,BCT,-1.512529886872005,53.78533850116716
450012018,Copperfield Terrace,Cross Green,BCT,-1.513929222326448,53.79033255593446
450012019,Brierley Academy,Cross Green,BCT,-1.515931769631808,53.78910928686791
450012021,Cross Green Crescent,Cross Green,BCT,-1.519857960079959,53.78822625603438
450012022,Cavalier Approach,Cross Green,BCT,-1.521930772110222,53.78880976895172
450012023,Torre Lane,Burmantofts,BCT,-1.508619452443972,53.80047642229567
450012024,East End Park Parade,East End Park,BCT,-1.509981562176239,53.794334162705454
450012025,East End Park Parade,East End Park,BCT,-1.510093997480838,53.79380432628675
450012026,East Park Parade,Richmond Hill,BCT,-1.512004912214977,53.79265265330818
450012027,Garton Road,Richmond Hill,BCT,-1.513207613249171,53.79235194458075
450012029,Railway Close,Richmond Hill,BCT,-1.516442944380845,53.79349752202141
450012030,Railway Close,Richmond Hill,BCT,-1.516380985951257,53.79360512901295
450012031,Pontefract Street,Richmond Hill,BCT,-1.518874835600907,53.79455890033881
450012032,Lavender Walk,Richmond Hill,BCT,-1.521203656246056,53.79535017610542
450012041,Shaftesbury Med Ctr,Osmondthorpe,BCT,-1.498123465111227,53.79832079001681
450012042,Rookwood Street,Osmondthorpe,BCT,-1.498979315876709,53.79657169498569
450012043,Rookwood Street,Osmondthorpe,BCT,-1.498741566377499,53.796139275115635
450012044,Neville Hill,Osmondthorpe,BCT,-1.498141899448067,53.79423129919096
450012045,Neville Hill,Osmondthorpe,BCT,-1.497886309824783,53.79402350442171
450012046,Rookwood Avenue,Osmondthorpe,BCT,-1.497578202896529,53.80075427160027
450012047,Rookwood Avenue,Osmondthorpe,BCT,-1.497712695620784,53.80093459572882
450012051,Halton Moor Avenue,Halton Moor,BCT,-1.491982272140077,53.79266841856714
450012052,Meadowfield School,Halton Moor,BCT,-1.490729031190374,53.79462250476091
450012104,Top Moor Side,Holbeck,BCT,-1.55912614855191,53.78372115445573
450012111,Beeston Pk Ring Rd,Middleton,BCT,-1.560592361386672,53.753760279426096
450012112,Beeston Pk Ring Rd,Middleton,BCT,-1.560805894764734,53.753644216184334
450012116,Heath Mount,Beeston,BCT,-1.572706242565268,53.77655287460752
450012118,Fairfax Road,Beeston Hill,BCT,-1.557432684615861,53.77878946267247
450012119,Beeston Hill Health Centre,Beeston Hill,BCT,-1.556315085180566,53.77828200326943
450012121,Cemetery Rd Tempest Rd,Beeston Hill,BCT,-1.556398249911125,53.777590229695235
450012122,Beeston Co-Op,Beeston,BCT,-1.566023344011032,53.77274491108152
450012123,Moorhouse Avenue,Beeston,BCT,-1.564388156291959,53.769476314209015
450012124,Ring Road Beeston,Beeston,BCT,-1.566749638697207,53.76261797242164
450012125,Thirlmere Gardens,Beeston,BCT,-1.571110529148753,53.761896620359614
450012160,Fairway Court,Beeston Hill,BCT,-1.563141214475139,53.77998782013924
450012161,Fairway Court,Beeston Hill,BCT,-1.56397638931104,53.77993692981014
450012162,Helston Road,Middleton,BCT,-1.561813142480958,53.75158063661708
450012164,Parkwood Avenue,Beeston,BCT,-1.562959453304045,53.76241547370837
450012165,Elland Road Ind Est,Beeston,BCT,-1.579050198384401,53.7734025143652
450012166,Elland Road Ind Est,Beeston,BCT,-1.579007287330604,53.77314170990826
450012168,Fairfax Road,Beeston Hill,BCT,-1.557853413427738,53.779186488713705
450012172,Cross Flatts Drive,Beeston,BCT,-1.563151939747886,53.774568056165535
450012173,Beeston Terminus,Beeston,BCT,-1.570991901762266,53.77205272361799
450012174,Beeston ASDA,Beeston,BCT,-1.563774158225785,53.76723605174897
450012175,Thirlmere Gardens,Beeston,BCT,-1.569682134987962,53.76214317124217
450012198,Farnley Academy,Farnley,BCT,-1.619105348766304,53.7853196872542
450012200,Whincover Road,Farnley,BCT,-1.615890068702059,53.7850667614005
450012204,Bawn Gardens,Farnley,BCT,-1.61337762860289,53.7876112944954
450012206,Butterbowl Grove,Farnley,BCT,-1.61703537010715,53.78763201139661
450012208,Ingle Crescent,Morley,BCT,-1.604492415701077,53.75109979295439
450012245,Branch End,Gildersome,BCT,-1.61876857135894,53.757150053169475
450012246,Woodlands Hotel,Gildersome,BCT,-1.616815787480072,53.75840216202015
450012247,Woodlands Hotel,Gildersome,BCT,-1.617198315060749,53.758034872201875
450012248,Rooms Lane,Gildersome,BCT,-1.607712890209818,53.76516772290226
450012249,Cottingley Springs,Gildersome,BCT,-1.598996765587879,53.7676555644549
450012250,Gelderd Rd Cemetery,Beeston Royds,BCT,-1.595612093568159,53.7693968763749
450012251,Gelderd Rd Cemetery,Beeston Royds,BCT,-1.595110324377328,53.76951202887416
450012252,Hill Top,Beeston Royds,BCT,-1.590862624036658,53.77259850047596
450012253,Hill Top,Beeston Royds,BCT,-1.59092558348336,53.77236502554315
450012254,City Park Ind Est,Beeston Royds,BCT,-1.588004221534115,53.774754841577725
450012255,City Park Ind Est,Beeston Royds,BCT,-1.587516483983398,53.77497786722618
450012256,Wheatsheaf Junction,Wortley,BCT,-1.58280781626401,53.778529845696944
450012257,Gelderd Business Pk,Wortley,BCT,-1.579213811500204,53.781321568228535
450012258,Lowfields Road,Wortley,BCT,-1.577424578959248,53.78268146405772
450012259,Bracken Court,Wortley,BCT,-1.573232313429539,53.78602815711616
450012260,Bracken Court,Wortley,BCT,-1.573005205075654,53.785973420859534
450012261,Wortley Lane,Wortley,BCT,-1.568979771879545,53.78926662980577
450012301,Miles Hill Crescent,Meanwood,BCT,-1.549385324904913,53.828813846986115
450012312,Burley Place Viaduct Rd,Hyde Park,BCT,-1.576544655941783,53.803764294437606
450012314,Moorfield Road,Armley,BCT,-1.598483855326207,53.80075680811207
450012315,Wellington Bridge,Leeds City Centre,BCT,-1.561872153170253,53.79693465195236
450012319,Greenhill Mount,Bramley,BCT,-1.616866085602449,53.80455590954999
450012344,Broadlea Close,Bramley,BCT,-1.614549671522401,53.81706877262226
450012345,Broadlea Terrace,Bramley,BCT,-1.618041028132514,53.81729564425608
450012346,Broadlea Terrace,Bramley,BCT,-1.618601123922428,53.81750414878681
450012347,Broadlea Crescent,Bramley,BCT,-1.618417543640599,53.81597560761083
450012348,Broadlea Crescent,Bramley,BCT,-1.617797044525218,53.815730957876305
450012349,Broadlea Place,Bramley,BCT,-1.615530211291798,53.81448337624918
450012350,Broadlea Place,Bramley,BCT,-1.615742259757651,53.81454697117445
450012351,Green View,Meanwood,BCT,-1.568367617705367,53.82969251877589
450012361,Viaduct Road Burley Place,Hyde Park,BCT,-1.57602887178891,53.80371753335303
450012364,Armley Park Gates,Armley,BCT,-1.591682317667033,53.79915196870165
450012366,Armley Prison,New Wortley,BCT,-1.574814800870862,53.79764632111681
450012367,Branch Road,Armley,BCT,-1.587728411818723,53.79826661273278
450012368,Pickering Street,Armley,BCT,-1.581207863455675,53.799017005523645
450012384,Headrow A,Leeds,BCT,-1.545767987686556,53.79942737802185
450012385,Headrow J,Leeds City Centre,BCT,-1.545948519990785,53.799580857869685
450012386,Headrow I,Leeds City Centre,BCT,-1.54435578659261,53.79944898842076
450012400,Broadlea Mount,Bramley,BCT,-1.611561901134861,53.8149469639818
450012505,Civic M,Leeds City Centre,BCT,-1.548392127019716,53.79965299497044
450012506,Civic L,Leeds City Centre,BCT,-1.547982312162816,53.79964246399126
450012518,Broadlea Steps,Bramley,BCT,-1.612254327606326,53.81726810402171
450012519,Broadlea Steps,Bramley,BCT,-1.611663474802461,53.817104410242344
450012520,Broadlea Hill,Bramley,BCT,-1.616278033018635,53.81907863071877
450012523,Cockshott Lane,Bramley,BCT,-1.611082470355727,53.80438451183772
450012524,Cockshott Lane,Bramley,BCT,-1.611584944918084,53.80423334285926
450012525,Cockshott Lane Wyther Park Rd,Armley,BCT,-1.609558589427713,53.80497277272848
450012526,Gotts Park Avenue,Armley,BCT,-1.604946893196074,53.8045082815002
450012527,Gotts Park Avenue,Armley,BCT,-1.604690965741247,53.8042737505816
450012528,Gotts Park View,Armley,BCT,-1.606188545366504,53.80649871168384
450012529,Armley Ridge Road Raynville Rd,Kirkstall,BCT,-1.607628737708784,53.81163557747573
450012530,Wyther Lane Wyther Dri,Kirkstall,BCT,-1.607279022195923,53.81330620118534
450012531,Wyther Lane Wyther Dri,Kirkstall,BCT,-1.607073527353584,53.81416837619703
450012533,Kirkstall Bridge Shopping Park,Kirkstall,BCT,-1.606374615515715,53.81581987708471
450012534,Raynville Rd Lancastre Grove,Bramley,BCT,-1.61145860687958,53.81133345590935
450012554,Wellington J,Leeds City Centre,BCT,-1.550378265371301,53.79707189801925
450012561,Raynville Road Raynville Dene,Kirkstall,BCT,-1.608475992904201,53.81197988797973
450012568,Broadlea Hill,Bramley,BCT,-1.617218363233719,53.81923442854513
450012573,Armley Ridge Road,Armley,BCT,-1.60308514346454,53.80227311212819
450012574,Cockshott Lane Wyther Park Rd,Armley,BCT,-1.609313642289044,53.805187687825395
450012575,Gotts Park View,Armley,BCT,-1.605766497305598,53.80616476991908
450012576,Armley Ridge Road Raynville Cres,Armley,BCT,-1.607370077456266,53.80843500350817
450012577,Armley Ridge Road Raynville Cres,Armley,BCT,-1.607120983863933,53.8090903125973
450012578,Armley Ridge Road Raynville Rd,Kirkstall,BCT,-1.607841095131482,53.811663235457054
450012579,Lancastre Avenue,Bramley,BCT,-1.611629709241655,53.81418320404752
450012580,Lancastre Avenue,Bramley,BCT,-1.612738629167314,53.81415982280401
450012581,Hollybush School,Bramley,BCT,-1.614971158824437,53.81416700463837
450012582,Hollybush School,Bramley,BCT,-1.615426777240591,53.81416846521389
450012583,Lincroft Crescent,Bramley,BCT,-1.619894918725716,53.81552190741576
450012584,Raynville Road Raynville Dene,Kirkstall,BCT,-1.6086136752498,53.8118724810304
450012587,Raynville Rd Landseer Avenue,Bramley,BCT,-1.617368269743203,53.8111097639344
450012588,Raynville Rd Landseer Avenue,Bramley,BCT,-1.617884763224604,53.81109343326973
450012589,Raynville Rd Lancastre Grove,Bramley,BCT,-1.61291921768506,53.81104157109218
450012601,Canal Rd Forge Lane,Armley,BCT,-1.581808867722356,53.80117622705857
450012602,Canal Rd Forge Lane,Armley,BCT,-1.581623816351717,53.80146319879937
450012652,Corn Exchange I,Leeds City Centre,BCT,-1.541525024859797,53.795896918214815
450012654,Trinity Q,Leeds City Centre,BCT,-1.544333716920731,53.79588065232238
450012702,Coach Road,New Farnley,BCT,-1.617195823284774,53.776667115556094
450012703,Coach Road,New Farnley,BCT,-1.617653647780001,53.776380957800534
450012704,Whitehall Ind Est,New Farnley,BCT,-1.611945474307233,53.77832202684749
450012705,Whitehall Ind Est,New Farnley,BCT,-1.609967148795757,53.778926799569504
450012706,Branch Road,New Farnley,BCT,-1.604324131355685,53.780319447008864
450012707,Whitehall Drive,Wortley,BCT,-1.600096762646582,53.78122221305693
450012708,Whitehall Drive,Wortley,BCT,-1.598321589534949,53.781180331380355
450012709,Wortley Ringways,Wortley,BCT,-1.594631127506336,53.78146452584056
450012711,Royds Lane,Wortley,BCT,-1.591379833912686,53.7818399836592
450012712,Dixon Lane,Wortley,BCT,-1.586048794717151,53.782271112751786
450012713,Dragon Bridge,Wortley,BCT,-1.580047417684121,53.78447030639073
450012714,Dragon Bridge,Wortley,BCT,-1.579499806798629,53.784594221223685
450012715,Copleyhill Trading Estate,Wortley,BCT,-1.575044935563095,53.78688845477924
450012716,Copleyhill Trading Estate,Wortley,BCT,-1.574115660446842,53.78722670587248
450012722,Fawcett Way,Wortley,BCT,-1.600512449607406,53.78379417833615
450012723,Fawcett Way,Wortley,BCT,-1.600862867995001,53.783651535787456
450012724,Fawcett Avenue,Wortley,BCT,-1.596627839364456,53.783727254246394
450012725,Western Grove,Wortley,BCT,-1.593241772839313,53.785468492055074
450012726,Green Top,Wortley,BCT,-1.591758281250611,53.78663189949025
450012727,Green Top,Wortley,BCT,-1.591205961455741,53.787241205885856
450012728,Five Lane Ends,Wortley,BCT,-1.590122492678974,53.78783970855977
450012729,Roseneath Place,Wortley,BCT,-1.582871853551044,53.78891126392122
450012730,Roseneath Place,Wortley,BCT,-1.582536776167101,53.78902694318692
450012731,Tavistock Park,Wortley,BCT,-1.579466571193085,53.789438660647775
450012732,Tavistock Park,Wortley,BCT,-1.579543630193824,53.78932208615097
450012733,Clyde Gardens,New Wortley,BCT,-1.572528569457101,53.791058956963504
450012734,Copley Hill,New Wortley,BCT,-1.57524812547768,53.790816949027096
450012735,Third Avenue,New Wortley,BCT,-1.577577625285149,53.79162510753807
450012736,Third Avenue,New Wortley,BCT,-1.578622910551282,53.791835507487725
450012737,Fearnley Place,Armley,BCT,-1.581015487441045,53.792419119471354
450012738,Fearnley Place,Armley,BCT,-1.581955625444799,53.79252126669264
450012739,Amberley Road,Armley,BCT,-1.584820097763112,53.7929806130933
450012740,Amberley Road,Armley,BCT,-1.586018576398267,53.79305665784202
450012741,Thornhill Road,Armley,BCT,-1.589839806236302,53.79348322882104
450012742,Thornhill Road,Armley,BCT,-1.591251436889212,53.79349703335989
450012743,Carr Crofts,Armley,BCT,-1.593527534329109,53.79359464474391
450012744,Carr Crofts,Armley,BCT,-1.594958157438911,53.793212996674704
450012745,Whingate Junction,Armley,BCT,-1.595791744216901,53.793350627767765
450012752,Farrow Hill,Armley,BCT,-1.610940217859079,53.7934995635002
450012753,Scotts Square,Armley,BCT,-1.608894453730929,53.79311541672777
450012754,Scotts Square,Armley,BCT,-1.608272003879167,53.793122374558
450012755,Whingate School,Armley,BCT,-1.60359472147867,53.79331374030466
450012757,Albany Street,Armley,BCT,-1.600951148152365,53.79354765562761
450012758,Albany Street,Armley,BCT,-1.601271712923569,53.7933599725823
450012760,Farrow Bank,Armley,BCT,-1.61556275127515,53.79431439440267
450012761,Poplar Rise,Bramley,BCT,-1.618954492975913,53.80365476929609
450012762,Poplar Rise,Bramley,BCT,-1.618970409335216,53.80357392776838
450012763,Armley Cemetery,Bramley,BCT,-1.614371059583125,53.80342441820724
450012764,Armley Cemetery,Bramley,BCT,-1.613238338781589,53.80276464878589
450012765,St Mary's Hospital,Bramley,BCT,-1.61179203882375,53.80153760995259
450012766,St Mary's Hospital,Bramley,BCT,-1.610871880761242,53.80088749321354
450012767,Hill End Road,Armley,BCT,-1.609095217990947,53.79928185302273
450012768,Hill End Road,Armley,BCT,-1.60882169320481,53.79930792585416
450012769,Whingate,Armley,BCT,-1.605630111062148,53.798039158193504
450012770,Whingate,Armley,BCT,-1.604328650420376,53.79759446147859
450012774,Whingate Moor Business Park,Armley,BCT,-1.599631400722392,53.79504426032235
450012775,Whingate Junction,Armley,BCT,-1.597762187037319,53.79366284154108
450012776,Whingate Junction,Armley,BCT,-1.596114228709377,53.79296522828387
450012777,Upper Wortley Rd Thornhill Road,Wortley,BCT,-1.592699915002155,53.791272926439966
450012778,Upper Wortley Rd Thornhill Road,Wortley,BCT,-1.5921396001311,53.791136202839375
450012779,Five Lane Ends,Wortley,BCT,-1.589310178300124,53.78864585465883
450012780,Five Lane Ends,Wortley,BCT,-1.589416862908166,53.78860127954728
450012781,Dixon Lane,Wortley,BCT,-1.589039711444162,53.78525643716043
450012782,Dixon Lane,Wortley,BCT,-1.589145159229537,53.78533769065357
450012783,Dixon Lane Kellett Crescent,Wortley,BCT,-1.586433912902103,53.78323416194431
450012800,Henconner Ln Poplar Way,Bramley,BCT,-1.61984310589707,53.801096004873095
450012912,Greenthorpe Road,Gamble Hill,BCT,-1.619721171088677,53.799468788572966
450012913,Heights Dr Greenthorpe Road,Gamble Hill,BCT,-1.618172847690804,53.797765138014256
450012914,Heights Dr Heights Way,Gamble Hill,BCT,-1.616320051047591,53.79616835000366
450012915,Heights Dr Heights Way,Gamble Hill,BCT,-1.615652917978338,53.796076335139205
450012916,Heights Drive Ascension Church,Armley,BCT,-1.613092663243944,53.795492875153904
450012917,Heights Drive Ascension Church,Armley,BCT,-1.612638985326375,53.795302663233805
450012918,Heights Drive Heights Bank,Armley,BCT,-1.610477001389789,53.79434293510095
450012919,Heights Drive Heights Bank,Armley,BCT,-1.610114178095321,53.79417997248762
450012920,Heights Drive,Armley,BCT,-1.607662302829301,53.79339002357845
450012921,Heights Drive,Armley,BCT,-1.606948098411818,53.79346857873989
450012922,Whingate Rd Conference Place,Armley,BCT,-1.605015793455378,53.793938599768055
450012923,Whingate Rd Conference Place,Armley,BCT,-1.604057595497593,53.79413317874817
450012924,Whingate Road Alliance St,Armley,BCT,-1.601575336239663,53.794960849667106
450012925,Whingate Road Alliance St,Armley,BCT,-1.601134936646771,53.7949773627868
450012926,Wortley Road,Armley,BCT,-1.599533388276715,53.795771963315296
450012927,Wortley Road,Armley,BCT,-1.598344409630475,53.79628030720882
450012928,Eighth Avenue,Armley,BCT,-1.575097356296147,53.79221854935833
450012929,Holdforth Close,Armley,BCT,-1.574553538621601,53.79345697167907
450012930,Holdforth Close,Armley,BCT,-1.574463914916565,53.79331284531169
450012931,Eighth Avenue,Armley,BCT,-1.575100170287651,53.791939930136046
450012932,Holy Family School,Armley,BCT,-1.580039106874704,53.79594800355934
450012933,Holy Family School,Armley,BCT,-1.581241687478462,53.79561964886793
450012934,Brooklyn Street,Armley,BCT,-1.584631203614864,53.795200003303606
450012935,Brooklyn Street,Armley,BCT,-1.585224124313516,53.79511217379486
450012937,Carr Crofts Drive,Armley,BCT,-1.594087539589979,53.79376731281484
450012938,Carr Crofts Leisure Centre,Armley,BCT,-1.592950662842842,53.795165594428944
450012939,Carr Crofts Leisure Centre,Armley,BCT,-1.592401034325716,53.79548729787366
450012941,Pavillion Business Park,Wortley,BCT,-1.590563277014396,53.77997667379808
450012942,Ringways Ring Road,Wortley,BCT,-1.594804546831746,53.78079100799766
450012943,Stonebridge Lane,Farnley,BCT,-1.615572291521544,53.79160902990648
450012944,Tong Road,Farnley,BCT,-1.619190424851853,53.79269014043226
450012967,Ingle Avenue End,Morley,BCT,-1.610240497996695,53.75431836662089
450012968,Ingle Grove,Morley,BCT,-1.608177094285224,53.752774681898195
450012971,Victoria M,Leeds City Centre,BCT,-1.539445662689039,53.800014467092986
450012974,Victoria O,Leeds City Centre,BCT,-1.539558726363628,53.79939472621459
450012977,Victoria I,Leeds City Centre,BCT,-1.539900788405922,53.79865901885919
450012980,Corn Exchange C,Leeds City Centre,BCT,-1.540401722276611,53.79727677996821
450012982,Corn Exchange E,Leeds City Centre,BCT,-1.540502234465739,53.79641431268901
450012984,Corn Exchange F,Leeds City Centre,BCT,-1.540595085757328,53.79625288339819
450013201,Parkwood Avenue,Beeston,BCT,-1.564082294685949,53.76238360696608
450013202,Parkwood Close,Beeston,BCT,-1.566661214181892,53.760891940369575
450013203,Parkwood Crescent End,Beeston,BCT,-1.566538947133775,53.75950733289102
450013204,Parkwood Estate,Beeston,BCT,-1.566329850100666,53.75771794689456
450013205,Lady Pit Lane,Beeston Hill,BCT,-1.551284027931265,53.78047435665203
450013206,Northcote Crescent,Beeston Hill,BCT,-1.545068134990255,53.781313802711686
450013208,Sweet Street,Holbeck,BCT,-1.546110357224017,53.78880480342572
450013210,Southbank G,Leeds City Centre,BCT,-1.547468063205654,53.7909940281223
450013211,Southbank E,Leeds City Centre,BCT,-1.545156031038845,53.79143468890533
450013218,Spence Lane,Holbeck,BCT,-1.565233863047604,53.79042156179021
450013220,Holbeck Lane,Holbeck,BCT,-1.564060641435245,53.78938367999619
450013221,Holbeck Lane,Holbeck,BCT,-1.564349400075733,53.78934877653423
450013251,Parkwood Road Top,Beeston,BCT,-1.565749990200464,53.7580573966035
450013252,Parkwood Close,Beeston,BCT,-1.566950976406806,53.76074018928714
450013253,Parkwood Crescent End,Beeston,BCT,-1.56682528025365,53.759688129032995
450013254,Parkwood Crescent,Beeston,BCT,-1.566937921540384,53.759059369431185
450013255,Malvern Road,Beeston Hill,BCT,-1.552084031824506,53.77945270658287
450013257,Parkfield Street,Holbeck,BCT,-1.543414639827335,53.78404888113769
450013259,Sweet Street,Holbeck,BCT,-1.545419161636034,53.78815504689484
450013260,Southbank F,Leeds City Centre,BCT,-1.546322967424703,53.79160987955419
450013261,Station E,Leeds City Centre,BCT,-1.546602040489486,53.79388491040281
450013262,Station F,Leeds City Centre,BCT,-1.546649517180843,53.79370532886121
450013264,Globe Road,Holbeck,BCT,-1.560641639469226,53.792651846331765
450013617,Regent Street,Chapel Allerton,BCT,-1.538358862264535,53.82985949707519
450013618,Ingle Row,Chapel Allerton,BCT,-1.537493511362056,53.8284180867039
450013619,Stainbeck Lane,Chapel Allerton,BCT,-1.53729908024788,53.82813870948984
450013620,Stainbeck Lane,Chapel Allerton,BCT,-1.537765983589289,53.828509016176426
450013622,Chapel Allerton Sch,Chapel Allerton,BCT,-1.536174352080145,53.82680414499326
450013624,Montreal Parade,Chapel Allerton,BCT,-1.534783981133096,53.826142640480334
450013625,Potternewton Lane,Chapel Allerton,BCT,-1.533774730786361,53.82536575654441
450013627,Potternewton Lane,Chapel Allerton,BCT,-1.534696216579871,53.82583670823233
450013629,Chapel Allerton Hospital,Chapeltown,BCT,-1.532604821735891,53.822646829050754
450013630,Newton Parade,Chapeltown,BCT,-1.532497399058683,53.82137910143017
450013631,Sikh Temple,Chapeltown,BCT,-1.53179529823036,53.820315779487366
450013632,Sikh Temple,Chapeltown,BCT,-1.531662901149879,53.81992877844032
450013633,Sikh Temple,Chapeltown,BCT,-1.531933704054337,53.820163523091225
450013645,Lidgett Hill,Gledhow,BCT,-1.520752795557579,53.82958377479544
450013646,Lidgett Hill,Gledhow,BCT,-1.521135890637586,53.82929768757273
450013647,Thorn Lane,Gledhow,BCT,-1.516145303630452,53.82860357488008
450013648,Thorn Lane,Gledhow,BCT,-1.515309208622772,53.8286451418298
450013649,Oakwell Mount,Roundhay,BCT,-1.511030103736912,53.828187374913554
450013651,Oakwell Mount,Roundhay,BCT,-1.511062789224637,53.82798977186749
450013652,Oakwood Clock,Oakwood,BCT,-1.506344289532071,53.8274401668664
450013653,Oakwood Clock,Oakwood,BCT,-1.506526591846661,53.82744091646304
450013654,Gledhow Lane,Gledhow,BCT,-1.515868424268866,53.828899062686034
450013700,Newton Road,Chapel Allerton,BCT,-1.527424466879368,53.82267148545132
450013908,North Lane,Roundhay,BCT,-1.499638361214079,53.8292189912541
450013914,Elmete Drive,Roundhay,BCT,-1.490138595608324,53.829547524840585
450013915,North Lane,Roundhay,BCT,-1.50021984585633,53.82887088126359
450013916,Oakwood Ln Back Wetherby Terrace,Oakwood,BCT,-1.503131057308559,53.826797748197386
450013917,Oakwood Lane Springwood Rd,Oakwood,BCT,-1.501983738978274,53.8261818085035
450013918,Oakwood Lane Springwood Rd,Oakwood,BCT,-1.501484982430708,53.82596402575676
450013919,Oakwood Lane Montagu Cresc,Oakwood,BCT,-1.498597318175599,53.82351624501323
450013920,Oakwood Lane Montagu Cresc,Oakwood,BCT,-1.498809555268121,53.82355308349592
450013921,McDonalds,Oakwood,BCT,-1.496262844740924,53.821834698166676
450013923,Oakwood Ln Amberton Approach,Gipton,BCT,-1.490967418912967,53.81506234552219
450013924,Hollin Park Avenue,Fearnville,BCT,-1.492043706331244,53.81900366399803
450013928,Gipton Approach York Road,Gipton,BCT,-1.493321040376206,53.80250701856817
450013933,Easterly Grove,Harehills,BCT,-1.510656996082354,53.81717553400659
450013934,Fforde Grene Jct,Harehills,BCT,-1.51345692156883,53.81804077913934
450013935,Easterly Grove,Harehills,BCT,-1.510122163086696,53.81745198101412
450013936,Arlington Road,Oakwood,BCT,-1.505510607061737,53.81824199237712
450013937,Oakwood McDonalds,Oakwood,BCT,-1.494639481221266,53.82166608965478
450013938,Hollin Park Mount,Oakwood,BCT,-1.491437779828381,53.82263226114929
450013946,Clifton Grove,Harehills,BCT,-1.506230526465614,53.806093133951066
450013947,Torre Rd Lupton Avenue,Burmantofts,BCT,-1.509723043059537,53.79958213117
450013948,Torre Rd Lupton Avenue,Burmantofts,BCT,-1.510239642843909,53.79954828852446
450013949,Torre Road Trinity Academy,Burmantofts,BCT,-1.516167970310205,53.80024644149693
450013950,Torre Road Trinity Academy,Burmantofts,BCT,-1.516532752847044,53.80021195952892
450013951,Torre Rd Rigton Drive,Burmantofts,BCT,-1.52074230011605,53.80119955438657
450013952,Nippet Lane,Burmantofts,BCT,-1.524996319839865,53.800955815165736
450013953,Torre Road,Burmantofts,BCT,-1.522520274694094,53.801062833282096
450013954,Co-Op Academy,Burmantofts,BCT,-1.521357720344734,53.80182218568699
450013956,Shakespeare Gardens,Burmantofts,BCT,-1.518066674907275,53.804145905148694
450013957,Shakespeare Street,Burmantofts,BCT,-1.516293813736265,53.80514543301041
450013958,Shakespeare Street,Burmantofts,BCT,-1.515955631039175,53.80550359105639
450013959,Compton Place,Harehills,BCT,-1.511589950827497,53.807472259748366
450013960,Compton Place,Harehills,BCT,-1.511511730214317,53.80766967824039
450013961,Harehills Park,Gipton,BCT,-1.500059810092718,53.810399822211295
450013962,Foundry Place,Gipton,BCT,-1.504758859334912,53.80985305894935
450013963,Foundry Place,Gipton,BCT,-1.504011588932958,53.810119614072235
450013965,Compton Centre,Harehills,BCT,-1.509665679051089,53.80840815707106
450013968,Amberton Approach,Gipton,BCT,-1.493154614255916,53.81505362619034
450013969,Amberton Approach,Gipton,BCT,-1.493553817184244,53.81469578999227
450013971,Oakwood Academy,Gipton,BCT,-1.498512721959566,53.81278418560038
450013972,Thorn Crescent,Gipton,BCT,-1.502962062168554,53.8128296590179
450013973,Foundry Ave Thorn Crescent,Gipton,BCT,-1.502919797254084,53.81255085489219
450013975,Foundry Drive,Harehills,BCT,-1.506413213849318,53.81252033298545
450013976,Strathmore Drive,Harehills,BCT,-1.510455213279371,53.81102689886952
450013977,Strathmore Drive,Harehills,BCT,-1.510545073132552,53.811135121790535
450013978,Fearnville Avenue,Fearnville,BCT,-1.490296524937697,53.81778287259511
450013985,Burmantofts Street,Burmantofts,BCT,-1.527198237481319,53.79957136400115
450013986,Nippet Lane,Burmantofts,BCT,-1.525863131200139,53.800833410516496
450013987,Lincoln Green Road,Burmantofts,BCT,-1.523587338814522,53.8033680131131
450013988,Bexley Wing,St Jamess Hospital,BCT,-1.521210099741903,53.80545276536944
450013989,Nippet Lane,Burmantofts,BCT,-1.526021031867633,53.80029475166468
450013993,Foundry Avenue,Gipton,BCT,-1.501665719366278,53.814567961819634
450013994,Coldcotes Circus,Gipton,BCT,-1.493768146905638,53.80951059544178
450013995,Coldcotes Drive,Gipton,BCT,-1.490055074377336,53.81014201442024
450013996,Harehills Nice View,Harehills,BCT,-1.517312392635201,53.815620592043715
450013997,Harehills Place,Harehills,BCT,-1.517394195179991,53.813787363706595
450013998,Conway View,Harehills,BCT,-1.517427129573163,53.81224155523755
450014206,Grant Avenue,Harehills,BCT,-1.526991581397144,53.80849567148712
450014207,Nowell Mount,Harehills,BCT,-1.502035735920582,53.80384676542566
450014208,Nowell Mount,Harehills,BCT,-1.502850428325115,53.804290557649935
450014209,Harehills ASDA,Harehills,BCT,-1.506146160324764,53.806811830222664
450014210,Luxor Avenue,Harehills,BCT,-1.514035819149084,53.815265824905296
450014211,Luxor Avenue,Harehills,BCT,-1.513857103871074,53.81495950823878
450014212,Harehills Morrisons,Harehills,BCT,-1.512177544808786,53.81179789482566
450014501,Newton Road,Chapel Allerton,BCT,-1.527440971027019,53.82255470629662
450014502,Potternewton Park,Harehills,BCT,-1.524305159944664,53.82178732675957
450014503,Potternewton Park,Harehills,BCT,-1.52360795505632,53.8216497414271
450014504,Hilton Place,Harehills,BCT,-1.520238176743876,53.8200993689641
450014505,Hilton Place,Harehills,BCT,-1.519253858251611,53.819834777997535
450014507,Spencer Pl Leopold Street,Harehills,BCT,-1.525392313604723,53.81160820392832
450014508,Spencer Pl Leopold Street,Harehills,BCT,-1.525449811603637,53.811896048161344
450014509,Spencer Place Cowper St,Harehills,BCT,-1.524786078838336,53.81418536841824
450014510,Cowper Street Hamilton Pl,Chapeltown,BCT,-1.527469954078776,53.814573462018515
450014511,Cowper Street Hamilton Pl,Chapeltown,BCT,-1.527529490784654,53.81468155266833
450014514,Cowper Street Chapeltown Rd,Chapeltown,BCT,-1.531945392248873,53.81502242357034
450014515,Cowper Street Chapeltown Rd,Chapeltown,BCT,-1.531671117333065,53.81510224583634
450014516,Mandela Centre,Chapeltown,BCT,-1.534919526019127,53.81115115973208
450014517,Mandela Centre,Chapeltown,BCT,-1.534506517549974,53.811419199300985
450014518,NSCD,Chapeltown,BCT,-1.534141001730261,53.812882828861966
450014519,NSCD,Chapeltown,BCT,-1.533773930216269,53.81311509207893
450014520,Cowper Street,Chapeltown,BCT,-1.532523414075259,53.8149437841315
450014521,Cowper Street,Chapeltown,BCT,-1.532525913020758,53.814719093369085
450014522,Reginald Centre,Chapeltown,BCT,-1.531366979246581,53.817860380163665
450014523,Chapel Allerton Hospital,Chapeltown,BCT,-1.532407649386936,53.82261909709441
450014778,Trinity S,Leeds City Centre,BCT,-1.544319713327509,53.79437060760823
450014779,Corn Exchange G,Leeds City Centre,BCT,-1.538967504307454,53.796543246764614
450014780,Cultural B,Leeds City Centre,BCT,-1.53641713680763,53.79653342117392
450014781,Cultural C,Leeds City Centre,BCT,-1.535369664880517,53.79652936995235
450014783,Cultural D,Quarry Hill,BCT,-1.531401983567431,53.79700828411507
450014787,Cultural E,Quarry Hill,BCT,-1.532514386089489,53.79663512497629
450014789,Mayville Avenue,Hyde Park,BCT,-1.575889274278539,53.81153661287479
450014791,Commercial Road,Kirkstall,BCT,-1.599595370554359,53.81318194806247
450014848,Harehills Avenue,Harehills,BCT,-1.513308560436921,53.82035908701237
450014849,Ravenscar Avenue,Oakwood,BCT,-1.508111413003208,53.824436437001005
450015891,Lower Wortley School,Wortley,BCT,-1.599885214161014,53.78272251133362
450015899,Atkinson St Fox Way,Hunslet,BCT,-1.526645519775721,53.78527817648225
450015936,Kirkstall Road ASDA,Burley,BCT,-1.586859955900424,53.80785384107199
450015943,Horsfall Street,Morley,BCT,-1.613690194622415,53.75355655064688
450017603,Ingle Avenue End,Morley,BCT,-1.610076254216084,53.75403920225915
450023373,Donisthorpe Street,Hunslet,BCT,-1.52983645036873,53.786306374248035
450023374,Donisthorpe Street,Hunslet,BCT,-1.530279093123695,53.78608340636829
450023375,South Accommodation Road,Cross Green,BCT,-1.523295559824163,53.78758383435578
450023376,East Street,Richmond Hill,BCT,-1.529420531911882,53.792281803154765
450023377,Flax Place,Richmond Hill,BCT,-1.529667630804315,53.794619665740115
450023378,Flax Place,Richmond Hill,BCT,-1.529482353652289,53.794897568965325
450023380,Ellerby Lane Spring Close St,Richmond Hill,BCT,-1.524173105261366,53.791856646522426
450023384,Fforde Grene Jct,Harehills,BCT,-1.516535747371579,53.817118466071555
450023385,Lascelles Terrace,Harehills,BCT,-1.519464018788755,53.81473941152037
450023386,Elford Place,Harehills,BCT,-1.521430812574443,53.81274294029409
450023387,Spencer Place,Harehills,BCT,-1.525188234388664,53.810852402361995
450023388,Spencer Place,Harehills,BCT,-1.524318264946214,53.81123544262417
450023389,Barrack Road,Harehills,BCT,-1.526938962540061,53.81047283068917
450023390,Barrack Road,Harehills,BCT,-1.527168871928306,53.81028498809587
450023391,Roseville Road,Harehills,BCT,-1.523955733784063,53.81106323264403
450023392,Roseville Road,Harehills,BCT,-1.524034004151338,53.810856818413725
450023393,Queen Street,Stourton,BCT,-1.516334152209677,53.77259082386568
450023394,First Direct,Stourton,BCT,-1.515309201711766,53.77463597124188
450023395,First Direct,Stourton,BCT,-1.51543979212251,53.77383655901314
450023396,Pontefract Road Jct,Stourton,BCT,-1.513248091001395,53.774420900106165
450023397,Pontefract Road Jct,Stourton,BCT,-1.51270468217712,53.774176015635106
450023398,Ida Street,Stourton,BCT,-1.511032526118077,53.773135581338046
450023399,Ida Street,Stourton,BCT,-1.510793216809897,53.772837998671385
450023400,Haigh Park Road,Stourton,BCT,-1.507946587607245,53.77103772566136
450023438,Royal Mail,Stourton,BCT,-1.499868488338293,53.76647431522133
450023439,Royal Mail,Stourton,BCT,-1.499794561077412,53.766312221067125
450023440,Leysholme,Wortley,BCT,-1.599308533489269,53.78750222452679
450023441,Green Hill Lane Leysholme Dr,Wortley,BCT,-1.597044830895733,53.78772833324883
450023442,Green Hill Lane Leysholme Dr,Wortley,BCT,-1.59654276044885,53.78785247874945
450023443,Green Hill Lane Green Hill Gdns,Wortley,BCT,-1.593034356520239,53.78808330843201
450023444,Green Hill Lane Green Hill Gdns,Wortley,BCT,-1.592532705251486,53.788162498391976
450023445,Five Lane Ends,Wortley,BCT,-1.589768585673019,53.78833284133259
450023462,Civic G,Leeds City Centre,BCT,-1.549175283570969,53.80166027139062
450023463,Civic I,Leeds City Centre,BCT,-1.548963979838247,53.80154263297551
450023468,Carlton Hill Carlton Gate,Little London,BCT,-1.544215185949676,53.8068186414665
450023470,Headingley Campus,Beckett Park,BCT,-1.593929033665421,53.827480779497385
450023738,City Evangelical Church,Beeston Hill,BCT,-1.558990009698361,53.780781558933114
450023822,Lowfields Road,Wortley,BCT,-1.575923943096941,53.784006401207336
450023823,Springfield Mount,Armley,BCT,-1.603748883425137,53.79789814130623
450023824,Wortley Road,Armley,BCT,-1.597592898983709,53.797077723746234
450023825,Pinfold Lane,Armley,BCT,-1.592695419605001,53.79644102818139
450023826,Armley Town Street,Armley,BCT,-1.590215428145872,53.79699883114541
450023872,Whingate Junction,Armley,BCT,-1.597916734281564,53.793375742551625
450023873,Springfield Mount,Armley,BCT,-1.602763961062565,53.797697148841195
450023874,Whingate Avenue,Armley,BCT,-1.600655381102221,53.79751937854989
450023875,Armley Moor,Armley,BCT,-1.596257827360609,53.796983359426704
450023876,Pinfold Lane,Armley,BCT,-1.592102059800546,53.79657383324974
450023877,Armley Town Street,Armley,BCT,-1.589924798048868,53.79722253903741
450023888,Windmill Road Bottom,Belle Isle,BCT,-1.52354454018391,53.762912536457485
450023903,Stonebridge Avenue,Farnley,BCT,-1.612719155078276,53.78989213098352
450023905,Crab Lane,Armley,BCT,-1.587340659193865,53.79755522605152
450023906,Christ Church,Armley,BCT,-1.598954325105248,53.79918547796782
450023907,Christ Church,Armley,BCT,-1.598742293840133,53.79913084112077
450023913,Neville Parade,Osmondthorpe,BCT,-1.495147972855475,53.791980710881774
450023949,Mexborough Street,Chapeltown,BCT,-1.538965247571465,53.81613714366983
450023950,Lovell Park,Mabgate,BCT,-1.537570924568684,53.8020565302733
450023955,Reginald Centre,Chapeltown,BCT,-1.531209630520662,53.81698792810803
450023956,Town Street Junction,Armley,BCT,-1.597361569589868,53.79745444480979
450023957,Armley Ridge Close,Armley,BCT,-1.6014410181756,53.80112618563348
450023970,Liberty Dock,Leeds Dock,BCT,-1.529538845922704,53.78984650375937
450023977,Old Run Rd Belle Isle Road,Hunslet Carr,BCT,-1.535368606847101,53.770508915754455
450023999,Buslingthorpe Lane,Sheepscar,BCT,-1.538767017528804,53.813439976824775
450024000,City Square F,Leeds City Centre,BCT,-1.5469660140059,53.798146617265665
450024067,Wesley Road,Armley,BCT,-1.588415481476582,53.79631856946334
450024068,Wesley Road,Armley,BCT,-1.588175404715858,53.79603012895505
450024069,Cottingley Vale,Cottingley,BCT,-1.583372781102045,53.76897749794638
450024080,Dial Street,Richmond Hill,BCT,-1.521386809513326,53.791261341101965
450024093,St Andrews Street,Woodhouse,BCT,-1.563074884638386,53.80099263959179
450024146,Kirkstall Bridge Shopping Park,Kirkstall,BCT,-1.604975220890851,53.81603997982939
450024147,Kirkstall Morrisons,Kirkstall,BCT,-1.604250684529021,53.81556122967351
450024148,Kirkstall Morrisons,Kirkstall,BCT,-1.603238533601132,53.814982656811274
450024161,Cross Lane Tong Rd,Wortley,BCT,-1.594523057814274,53.79268123353403
450024162,Bow Street,Richmond Hill,BCT,-1.528523447998691,53.79241310246061
450024196,Woodhouse Lane,Woodhouse,BCT,-1.55757179608872,53.81030204689707
450024240,Byron Street,Mabgate,BCT,-1.533741086098023,53.80238325670705
450024264,Kirk Beston Close,Beeston,BCT,-1.568089810795016,53.77245576207525
450024389,Cottingley Springs,Gildersome,BCT,-1.600597080638848,53.76687894102329
450024435,New Bank St Croft House Lane,Morley,BCT,-1.593413245729699,53.750433583258015
450024535,Stonebridge Lane,Farnley,BCT,-1.615804492396655,53.79111543209522
450024716,King George Avenue,Churwell,BCT,-1.597393469965414,53.754455697283994
450024738,Torre Road,East End Park,BCT,-1.508056620324968,53.799269717295886
450024739,Shaftesbury Junction C,Harehills,BCT,-1.497006786678411,53.801560802675866
450024740,Gipton Approach B,Osmondthorpe,BCT,-1.492876720174052,53.80157937202035
450024741,Halton Dial B,Osmondthorpe,BCT,-1.490296462151249,53.80150552349157
450024764,Armley Moor,Armley,BCT,-1.595804123537997,53.796802071714474
450024834,Station C,Leeds City Centre,BCT,-1.546563124690803,53.796086834193886
450024992,Cockburn High School,Beeston,BCT,-1.558814573702777,53.75987464752511
450025122,Stonebridge Avenue,Farnley,BCT,-1.609522496553267,53.789234633769475
450025199,Brandon Street,New Wortley,BCT,-1.568788613477312,53.79606988899406
450025218,King George Avenue Croft House Mount,Morley,BCT,-1.595307942147107,53.753684691810335
450025236,Cardinal Grove,Beeston,BCT,-1.568948531731583,53.7626798224799
450025237,Cardinal Crescent,Beeston,BCT,-1.568610657734191,53.764566105391445
450025310,White Rose Centre,White Rose Centre,BCT,-1.574386344328504,53.76046120608959
450025311,White Rose Centre,White Rose Centre,BCT,-1.574492882265671,53.76042563170259
450025312,White Rose Centre,White Rose Centre,BCT,-1.574584161449318,53.76039899119398
450025313,White Rose Centre,White Rose Centre,BCT,-1.574675440517713,53.76037235061552
450025314,White Rose Centre,White Rose Centre,BCT,-1.574781887250348,53.76034576373458
450025315,White Rose Centre,White Rose Centre,BCT,-1.574873166078815,53.76031912300486
450025316,White Rose Centre,White Rose Centre,BCT,-1.574964444792028,53.76029248220533
450025317,City Square A,Leeds,BCT,-1.548581604976054,53.79755949500986
450025318,City Square B,Leeds City Centre,BCT,-1.548038946681697,53.797197930820225
450025352,White Rose Centre,White Rose Centre,BCT,-1.575070891141271,53.76026589506666
450025382,Canal Rd Aviary Road,Armley,BCT,-1.583839705288909,53.80001484354361
450025383,Canal Road Pickering St,Armley,BCT,-1.583734320069335,53.79992459782044
450025408,Leeds Valley Park,Stourton,BCT,-1.507986208602316,53.76245425116407
450025470,South Accommodation Road,Cross Green,BCT,-1.524563811477553,53.78952129988725
450025610,Carr Crofts Drive,Armley,BCT,-1.593828527248359,53.793865304754945
450025611,Cross Lane Tong Rd,Wortley,BCT,-1.594703653049199,53.792843628157485
450025630,Easy Road,Richmond Hill,BCT,-1.522903680695078,53.79001804171492
450025848,Wellington N,Leeds City Centre,BCT,-1.556723014053655,53.794300222509726
450025871,Arla Foods,Stourton,BCT,-1.495506162970774,53.76464044959931
450025872,Arla Foods,Stourton,BCT,-1.496319707196448,53.7651112501901
450026131,Ingle Grove,Morley,BCT,-1.608085601981434,53.75282831152295
450026152,Stonebridge Lane,Farnley,BCT,-1.615547025059719,53.79105169135935
450026325,The Clearings,Belle Isle,BCT,-1.533665788955908,53.76261076388875
450026326,Winrose Avenue,Belle Isle,BCT,-1.530846799202545,53.763750247990515
450026529,Leeds City College,Woodhouse,BCT,-1.55761120196213,53.800783874393765
450026530,Woodhouse Square,Woodhouse,BCT,-1.556794698651043,53.801904365563665
450026531,Leeds Dental Hosp,Woodhouse,BCT,-1.556792357783144,53.80356714225258
450026532,Worsley Building,Woodhouse,BCT,-1.55395212118907,53.80364649973971
450026533,LGI A&E,Leeds City Centre,BCT,-1.551219308970731,53.80361833539468
450026534,Civic H,Leeds City Centre,BCT,-1.548306714373009,53.80336473147128
450026548,Argie Avenue Sacred Heart RC School,Kirkstall,BCT,-1.594693471708646,53.81280597604417
450026699,Poplar Mount,Bramley,BCT,-1.614820851583948,53.799075665103615
450026700,Poplar Mount,Bramley,BCT,-1.614972176221913,53.79913007875487
450026747,Holy Rosary & St Annes School,Chapeltown,BCT,-1.530929354794102,53.81216026590131
450026787,Broadlea Close,Bramley,BCT,-1.615110899033232,53.81715146530108
450026788,Broadlea Mount,Bramley,BCT,-1.611303380277244,53.8149820790988
450026838,Dewsbury Road,Beeston,BCT,-1.569131204604298,53.759651493507235
450027147,Leeds Dock A,Leeds Dock,BCT,-1.533974449351407,53.79091541581564
450027187,Oatland Rd Oatland Place,Little London,BCT,-1.542006210281394,53.81026163374286
450027568,Holy Family RC Primary School,Armley,BCT,-1.580835619982235,53.79675971102417
450027809,Dyer Street,Leeds City Centre,BCS,-1.536165721026515,53.79730542152144
450027811,Dyer Street,Leeds City Centre,BCS,-1.536150837349274,53.797278399856275
450027812,Dyer Street,Leeds City Centre,BCS,-1.53615143205863,53.79722447388642
450027813,Dyer Street,Leeds City Centre,BCS,-1.53615202676605,53.797170547916075
450027814,Dyer Street,Leeds City Centre,BCS,-1.536152621471535,53.79711662194522
450027815,Dyer Street,Leeds City Centre,BCS,-1.53615311705796,53.797071683635814
450027816,Dyer Street,Leeds City Centre,BCS,-1.536153711759896,53.797017757664065
450027817,Dyer Street,Leeds City Centre,BCS,-1.536154207343365,53.7969728193539
450027818,Dyer Street,Leeds City Centre,BCS,-1.536154802041752,53.79691889338125
450027819,Dyer Street,Leeds City Centre,BCS,-1.536155297622263,53.79687395507034
450027820,Dyer Street,Leeds City Centre,BCS,-1.536200939359213,53.796865143440776
450027888,Rooms Lane,Gildersome,BCT,-1.609068739627956,53.76455197204969
450027918,Garton Road,Richmond Hill,BCT,-1.512979509136617,53.792386971195825
450027925,Pontefract Ln Cross Green Lane,Cross Green,BCT,-1.512019446559616,53.7900911144468
450027943,John Charles Stadium,Beeston,BCT,-1.543377769661463,53.765065924171374
450027944,John Charles Stadium,Beeston,BCT,-1.543289092615821,53.764849872413414
450027945,South Leeds Academy,Hunslet Carr,BCT,-1.538961519063828,53.7666129599711
450027946,South Leeds Academy,Hunslet Carr,BCT,-1.538476572769617,53.76656615473848
450027976,Poplar Way,Bramley,BCT,-1.61670441121063,53.8006366215973
450027977,Poplar Way,Bramley,BCT,-1.616340771627623,53.80055456760935
450028034,Cardinal Road,Beeston,BCT,-1.566260794899916,53.765896856221595
450028035,Cardinal Grove,Beeston,BCT,-1.568659315601847,53.76277765180844
450028036,Cardinal Crescent,Beeston,BCT,-1.568667192351716,53.76497077235003
450028113,Dyer Street,Leeds City Centre,BCT,-1.536309682546472,53.79664086255156
450028135,Knowsthorpe Lane,Cross Green,BCT,-1.517342128238441,53.78525009963205
450028136,Cross Green Approach,Cross Green,BCT,-1.513732686271353,53.78501082339079
450028478,Old Run Rd West Grange Drive,Hunslet Carr,BCT,-1.535227022280334,53.768216405125926
450028545,Clarence Rd Sayner Lane,Leeds Dock,BCT,-1.527665974364256,53.78766403508148
450028592,Moor Rd Carr Moor Street,Hunslet Carr,BCT,-1.537264351597697,53.77333850105994
450028609,Stonebridge Lane Stonecliffe Lawn,Farnley,BCT,-1.619319153571722,53.788529092899395
450028618,Civic J,Leeds City Centre,BCT,-1.548473440095691,53.799149970879014
450028648,Branch Road,New Farnley,BCT,-1.605494125667458,53.780161514658
450028679,Moor Rd Beza Street,Hunslet Carr,BCT,-1.537500854607752,53.77528982613009
450028896,Aire Valley Way Pontefract Ln,Cross Green,BCT,-1.511684114356536,53.78890332547428
450028998,Manor Farm Rise,Middleton,BCT,-1.536082284517727,53.75255345726388
450029058,Burmantofts HC,Burmantofts,BCT,-1.525313997606696,53.802404147021214
450029157,Victoria C,Leeds City Centre,BCT,-1.537576433918711,53.79879389317295
450029158,Headrow E,Leeds City Centre,BCT,-1.541642844625988,53.79901621901592
450029167,Civic Q,Leeds City Centre,BCT,-1.548135869338529,53.79948125763204
450029231,Elland Road Park and Ride,Beeston,BCT,-1.576360915112892,53.77678154829684
450029279,Kirkgate High Court,Leeds City Centre,BCT,-1.536035721907851,53.79532754879414
450029312,Nesfield Gardens,Belle Isle,BCT,-1.526550473700434,53.754601452251315
450029569,Cobden Rd Whincover Road,Farnley,BCT,-1.610167988683071,53.783457425845754
450029581,Cultural F,Leeds City Centre,BCT,-1.53423817494509,53.795886832159134
450029638,King George Avenue Croft House Mews,Morley,BCT,-1.592595984110252,53.75183295280139
450029639,King George Avenue Croft House Mews,Morley,BCT,-1.592459153648081,53.75186844035005
450029640,Victoria H,Leeds City Centre,BCT,-1.538867656182724,53.79872695759785
450029641,Victoria G,Leeds City Centre,BCT,-1.538336795182106,53.798679976262264
450029730,Moor Rd Royal Drive,Hunslet Carr,BCT,-1.531753503109391,53.77224753614985
450029731,Moor Rd Royal Drive,Hunslet Carr,BCT,-1.533254333711237,53.77236124179234
450029732,West Grange Dr Belle Isle Road,Hunslet Carr,BCT,-1.530988137845476,53.76876615672126
450029733,West Grange Dr Belle Isle Road,Hunslet Carr,BCT,-1.530489408245889,53.76859343207873
450029734,Newhall Crescent,Belle Isle,BCT,-1.532380057029145,53.75271884236135
450029735,Newhall Crescent,Belle Isle,BCT,-1.532397217136968,53.75253914700179
450029800,Thornes Farm Roundabout,Cross Green,BCT,-1.494613091537533,53.78469811859815
450029801,Pontefract Ln Newmarket Lane,Cross Green,BCT,-1.504030357374553,53.78664288988818
450029810,Thornes Farm Roundabout,Cross Green,BCT,-1.494156611394271,53.78479506373778
450029820,Poplar Mount Poplar Way,Gamble Hill,BCT,-1.614868454401586,53.79885111750403
450029847,Leeds Bus Station Entrance,Leeds City Centre,BCT,-1.535095318621078,53.796627175881895
450029848,Wellington Bridge St Real Time Tracking,New Wortley,BCT,-1.560857093838558,53.79673320490127
450029875,Fairway Hill,Gipton,BCT,-1.50080177407408,53.810582671550286
450029943,St Wilfrid's Avenue,Gipton,BCT,-1.503865071122329,53.812240185109694
450029950,Wellington C,Leeds City Centre,BCT,-1.553724470993356,53.796482190336675
450029963,Victoria E,Leeds City Centre,BCT,-1.535125843344566,53.79935965953289
450030220,Leeds City Bus Station,Leeds City Centre,BCS,-1.535701855597298,53.7966924405563
450030221,Leeds City Bus Station,Leeds City Centre,BCS,-1.535701458747847,53.79672839120385
450030222,Leeds City Bus Station,Leeds City Centre,BCS,-1.535700962684822,53.79677332951297
450030223,Leeds City Bus Station,Leeds City Centre,BCS,-1.535700565833434,53.796809280160055
450030224,Leeds City Bus Station,Leeds City Centre,BCS,-1.535700168981184,53.79684523080688
450030225,Leeds City Bus Station,Leeds City Centre,BCS,-1.535699772128074,53.79688118145349
450030226,Leeds City Bus Station,Leeds City Centre,BCS,-1.535699375274102,53.79691713209991
450030227,Leeds City Bus Station,Leeds City Centre,BCS,-1.535698879205426,53.796962070407616
450030228,Leeds City Bus Station,Leeds City Centre,BCS,-1.535698581563574,53.796989033392066
450030229,Leeds City Bus Station,Leeds City Centre,BCS,-1.535698085492746,53.79703397169919
450030230,Leeds City Bus Station,Leeds City Centre,BCS,-1.535697688635115,53.79706992234468
450030231,Leeds City Bus Station,Leeds City Centre,BCS,-1.535697291776622,53.79710587298993
450030232,Leeds City Bus Station,Leeds City Centre,BCS,-1.535712075889881,53.79714188237268
450030233,Leeds City Bus Station,Leeds City Centre,BCS,-1.535711579830705,53.79718682067876
450030234,Leeds City Bus Station,Leeds City Centre,BCS,-1.535711182982396,53.79722277132338
450030235,Leeds City Bus Station,Leeds City Centre,BCS,-1.535695605118421,53.79725866322982
450030236,Leeds City Bus Station,Leeds City Centre,BCS,-1.535710389283194,53.79729467261196
450030237,Leeds City Bus Station,Leeds City Centre,BCS,-1.535709992432302,53.79733062325592
450030238,Leeds City Bus Station,Leeds City Centre,BCS,-1.535709595580548,53.79736657389966
450030239,Leeds City Bus Station,Leeds City Centre,BCS,-1.535709099514645,53.79741151220404
450030240,Leeds City Bus Station,Leeds City Centre,BCS,-1.535708702660954,53.79744746284729
450030241,Leeds City Bus Station,Leeds City Centre,BCS,-1.535708305806402,53.79748341349032
450030242,Leeds City Bus Station,Leeds City Centre,BCS,-1.535707908950988,53.79751936413312
450030243,Leeds City Bus Station,Leeds City Centre,BCS,-1.535707512094714,53.79755531477572
450030244,Leeds City Bus Station,Leeds City Centre,BCS,-1.535707115237578,53.797591265418085
450030245,Leeds City Bus Station,Leeds City Centre,BCS,-1.535721899527508,53.79762727479709
450030254,Elland Road Bus Park,Beeston,BCT,-1.571025389788536,53.779189366497555
450030255,Elland Road Bus Park,Beeston,BCT,-1.569811516537867,53.77917603225726
450030256,Elland Road Bus Park,Beeston,BCT,-1.569387732330132,53.77906665531915
450030257,Elland Road Bus Park,Beeston,BCT,-1.569855478738766,53.77932898688424
450030258,Elland Road Bus Park,Beeston,BCT,-1.569507473819922,53.77922887008815
450032034,New York Road,Leeds City Centre,BCT,-1.538024553517822,53.80084489232708
450032038,Gilhusum Road,Gildersome,BCT,-1.618490008351593,53.75608857448145
450032060,Blue Hill Lane,Farnley,BCT,-1.602605403989628,53.78555379588688
450032065,Blue Hill Ln Cliffe Park Crescent,Farnley,BCT,-1.603463408402746,53.78952934599328
450032066,Blue Hill Ln Silver Royd Hill,Armley,BCT,-1.604844439836381,53.79278756829797
450032067,Silver Royd Hill,Farnley,BCT,-1.608416484390953,53.792277971630725
450032068,Stonebridge Ln Bawn Avenue,Farnley,BCT,-1.615806379985761,53.79090871353338
450032069,Stonebridge Ln Bawn Lane,Farnley,BCT,-1.618024044630439,53.789073247248425
450032071,Stonebridge Lane Stonecliffe Crescent,Farnley,BCT,-1.618372328569246,53.78916423562774
450032072,Stonebridge Ln Bawn Avenue,Farnley,BCT,-1.616170509118733,53.79092785478091
450032073,Silver Royd Hill Silver Royd Road,Farnley,BCT,-1.608597382510779,53.79241338217137
450032074,Blue Hill Lane,Armley,BCT,-1.604494803525607,53.79284034466588
450032075,Blue Hill Ln Cliffe Park Crescent,Farnley,BCT,-1.60308403422528,53.789519103739146
450032076,Blue Hill Lane,Farnley,BCT,-1.602467283428133,53.78571512308297
450032090,Victoria F,Leeds City Centre,BCT,-1.535252362730435,53.79890175943155
450032123,Station D,Leeds City Centre,BCT,-1.545790854470206,53.795904152694874
450032131,Civic P,Leeds City Centre,BCT,-1.548530500816931,53.79949173096874
450032202,Victoria J,Leeds City Centre,BCT,-1.539832785383123,53.79932387312554
450032208,Victoria K,Leeds City Centre,BCT,-1.539752450518116,53.7997280268424
450032209,Victoria L,Leeds City Centre,BCT,-1.539719529214618,53.799961589602525
450032210,Lowfields Road,Beeston,BCT,-1.57257575132924,53.778943233934775
450032241,City Square C,Leeds City Centre,BCT,-1.548055962580953,53.79702722213692
450032242,City Square D,Leeds City Centre,BCT,-1.54822189121137,53.79712671538442
450032243,City Square E,Leeds City Centre,BCT,-1.548900987512509,53.7975067677922
450032247,Corn Exchange H,Leeds City Centre,BCT,-1.541492998275808,53.7960495926063
450032248,Corn Exchange J,Leeds City Centre,BCT,-1.54196496679954,53.79592556242149
450032249,Trinity K,Leeds City Centre,BCT,-1.542650241381344,53.79573043918992
450032250,Trinity L,Leeds City Centre,BCT,-1.542668060280245,53.79548782989328
450032251,Cavendish Road University Steps,Woodhouse,BCT,-1.55237621844088,53.80762232773453
450032252,Cultural H,Leeds City Centre,BCT,-1.53546223832788,53.7963949076663
450032253,Southbank D,Crown Point,BCT,-1.543084863695271,53.79205598358616
450032262,Pickering St Canal Road,Armley,BCT,-1.582774015573432,53.8003077481093
450032275,Stourton Park and Ride,Stourton,BCT,-1.517868939748606,53.76708730098665
450032352,Station A,Leeds City Centre,BCT,-1.546170853019687,53.79586065021564
450032353,Station B,Leeds City Centre,BCT,-1.546776331197957,53.79602472334291
450032354,Headrow R,Leeds,BCT,-1.546252060539197,53.79959099401248
450032368,Wellington Q,Leeds City Centre,BCT,-1.550382780875911,53.796649477057706
450032374,Woodhouse Street,Hyde Park Corner,BCT,-1.558254909815955,53.814663749737136
450032402,Leeds Kirkgate Coach Stop,Leeds City Centre,BCT,-1.537247576730107,53.795565917511304
450032454,Civic S,Leeds City Centre,BCT,-1.549280575848149,53.79891931613323
450032464,Leeds Dock F,Crown Point,BCT,-1.53492266084125,53.791647127180354
450032465,Armouries Drive Chadwick Street,Leeds Dock,BCT,-1.532047768906963,53.78945185214749
450032466,Armouries Drive Clarence Road,Leeds Dock,BCT,-1.531376825246666,53.7897278633955
450032467,Atkinson Street Fox Way,Hunslet,BCT,-1.52665756222549,53.78555685404355
450032468,Clarence Road Sayner Lane,Hunslet,BCT,-1.528057969104667,53.787899267186816
450032469,Clarence Road Carlisle Road,Leeds Dock,BCT,-1.529406161779155,53.78949544915399
450032470,Laneside Farm,Churwell,BCT,-1.596318522405586,53.75584523794253
450032510,Wellington B,Leeds City Centre,BCT,-1.550023921606472,53.79613581362146
450032512,Cultural J,Leeds City Centre,BCT,-1.533337116070911,53.79500250260065
450032529,Golden Beam,Headingley,BCT,-1.571047829868095,53.81718185178224
450032539,Station U,Leeds,BCT,-1.543824719163622,53.793820456029984
450050040,Cranmore Road,Belle Isle,BCT,-1.524670279887935,53.75053138715776
450050042,Lavender Walk,Richmond Hill,BCT,-1.521126731542556,53.7954397496727
450050055,Ingle Crescent,Morley,BCT,-1.604614659461943,53.75100132697433
450050083,Greenthorpe Road,Gamble Hill,BCT,-1.619873803107418,53.79937939196959
450050198,Spencer Place Cowper St,Harehills,BCT,-1.524649496517875,53.81417583952502
4500LEEDS0,Leeds Rail Station,Leeds City Centre,RSE,-1.547091265644352,53.79497431134025
4500LEEDS1,Leeds Rail Station,Leeds City Centre,RSE,-1.548619645296857,53.7954294723366
4500LEEDS2,Leeds Rail Station,Leeds City Centre,RSE,-1.548203982901481,53.79596719063637
4500BRLEYPK0,Burley Park Rail Station,Burley,RSE,-1.577795792733351,53.812235411027395
4500BRLEYPK1,Burley Park Station,Burley,RSE,-1.577845052649411,53.81186707599295
4500BRLEYPK2,Burley Park Station,Burley,RSE,-1.578116062429915,53.8121017170735
4500COTNGLY0,Cottingley Rail Station,Cottingley,RSE,-1.587150060299809,53.76747157228193
4500COTNGLY1,Cottingley Rail Station,Cottingley,RSE,-1.587558868071389,53.7675538710652
4500HEDNGLY0,Headingley Rail Station,Headingley,RSE,-1.594552507933731,53.81797359802342
4500HEDNGLY1,Headingley Rail Station,Headingley,RSE,-1.594474657127076,53.81817107088062
